<?xml version="1.0" encoding="UTF-8"?><TrainingCenterDatabase xmlns="http://www.garmin.com/xmlschemas/TrainingCenterDatabase/v2"><Activities><Activity Sport="Other"><Id>2025-12-05T09:32:31.000Z</Id><Lap StartTime="2025-12-05T09:32:31.000Z"><TotalTimeSeconds>718.0</TotalTimeSeconds><DistanceMeters>0.0</DistanceMeters><Calories>119</Calories><AverageHeartRateBpm><Value>135</Value></AverageHeartRateBpm><MaximumHeartRateBpm><Value>173</Value></MaximumHeartRateBpm><Intensity>Active</Intensity><TriggerMethod>Manual</TriggerMethod><Track><Trackpoint><Time>2025-12-05T09:32:32.000Z</Time><HeartRateBpm><Value>99</Value></HeartRateBpm><SensorState>Present</SensorState></Trackpoint><Trackpoint><Time>2025-12-05T09:32:33.000Z</Time><HeartRateBpm><Value>98</Value></HeartRateBpm><SensorState>Present</SensorState></Trackpoint><Trackpoint><Time>2025-12-05T09:32:34.000Z</Time><HeartRateBpm><Value>96</Value></HeartRateBpm><SensorState>Present</SensorState></Trackpoint><Trackpoint><Time>2025-12-05T09:32:35.000Z</Time><HeartRateBpm><Value>95</Value></HeartRateBpm><SensorState>Present</SensorState></Trackpoint><Trackpoint><Time>2025-12-05T09:32:36.000Z</Time><HeartRateBpm><Value>93</Value></HeartRateBpm><SensorState>Present</SensorState></Trackpoint><Trackpoint><Time>2025-12-05T09:32:37.000Z</Time><HeartRateBpm><Value>92</Value></HeartRateBpm><SensorState>Present</SensorState></Trackpoint><Trackpoint><Time>2025-12-05T09:32:38.000Z</Time><HeartRateBpm><Value>91</Value></HeartRateBpm><SensorState>Present</SensorState></Trackpoint><Trackpoint><Time>2025-12-05T09:32:39.000Z</Time><HeartRateBpm><Value>92</Value></HeartRateBpm><SensorState>Present</SensorState></Trackpoint><Trackpoint><Time>2025-12-05T09:32:40.000Z</Time><HeartRateBpm><Value>93</Value></HeartRateBpm><SensorState>Present</SensorState></Trackpoint><Trackpoint><Time>2025-12-05T09:32:41.000Z</Time><HeartRateBpm><Value>96</Value></HeartRateBpm><SensorState>Present</SensorState></Trackpoint><Trackpoint><Time>2025-12-05T09:32:42.000Z</Time><HeartRateBpm><Value>100</Value></HeartRateBpm><SensorState>Present</SensorState></Trackpoint><Trackpoint><Time>2025-12-05T09:32:43.000Z</Time><HeartRateBpm><Value>101</Value></HeartRateBpm><SensorState>Present</SensorState></Trackpoint><Trackpoint><Time>2025-12-05T09:32:44.000Z</Time><HeartRateBpm><Value>101</Value></HeartRateBpm><SensorState>Present</SensorState></Trackpoint><Trackpoint><Time>2025-12-05T09:32:45.000Z</Time><HeartRateBpm><Value>100</Value></HeartRateBpm><SensorState>Present</SensorState></Trackpoint><Trackpoint><Time>2025-12-05T09:32:46.000Z</Time><HeartRateBpm><Value>98</Value></HeartRateBpm><SensorState>Present</SensorState></Trackpoint><Trackpoint><Time>2025-12-05T09:32:47.000Z</Time><HeartRateBpm><Value>96</Value></HeartRateBpm><SensorState>Present</SensorState></Trackpoint><Trackpoint><Time>2025-12-05T09:32:48.000Z</Time><HeartRateBpm><Value>94</Value></HeartRateBpm><SensorState>Present</SensorState></Trackpoint><Trackpoint><Time>2025-12-05T09:32:49.000Z</Time><HeartRateBpm><Value>94</Value></HeartRateBpm><SensorState>Present</SensorState></Trackpoint><Trackpoint><Time>2025-12-05T09:32:50.000Z</Time><HeartRateBpm><Value>95</Value></HeartRateBpm><SensorState>Present</SensorState></Trackpoint><Trackpoint><Time>2025-12-05T09:32:51.000Z</Time><HeartRateBpm><Value>96</Value></HeartRateBpm><SensorState>Present</SensorState></Trackpoint><Trackpoint><Time>2025-12-05T09:32:52.000Z</Time><HeartRateBpm><Value>96</Value></HeartRateBpm><SensorState>Present</SensorState></Trackpoint><Trackpoint><Time>2025-12-05T09:32:53.000Z</Time><HeartRateBpm><Value>94</Value></HeartRateBpm><SensorState>Present</SensorState></Trackpoint><Trackpoint><Time>2025-12-05T09:32:54.000Z</Time><HeartRateBpm><Value>92</Value></HeartRateBpm><SensorState>Present</SensorState></Trackpoint><Trackpoint><Time>2025-12-05T09:32:55.000Z</Time><HeartRateBpm><Value>91</Value></HeartRateBpm><SensorState>Present</SensorState></Trackpoint><Trackpoint><Time>2025-12-05T09:32:56.000Z</Time><HeartRateBpm><Value>89</Value></HeartRateBpm><SensorState>Present</SensorState></Trackpoint><Trackpoint><Time>2025-12-05T09:32:57.000Z</Time><HeartRateBpm><Value>89</Value></HeartRateBpm><SensorState>Present</SensorState></Trackpoint><Trackpoint><Time>2025-12-05T09:32:58.000Z</Time><HeartRateBpm><Value>89</Value></HeartRateBpm><SensorState>Present</SensorState></Trackpoint><Trackpoint><Time>2025-12-05T09:32:59.000Z</Time><HeartRateBpm><Value>89</Value></HeartRateBpm><SensorState>Present</SensorState></Trackpoint><Trackpoint><Time>2025-12-05T09:33:00.000Z</Time><HeartRateBpm><Value>89</Value></HeartRateBpm><SensorState>Present</SensorState></Trackpoint><Trackpoint><Time>2025-12-05T09:33:01.000Z</Time><HeartRateBpm><Value>90</Value></HeartRateBpm><SensorState>Present</SensorState></Trackpoint><Trackpoint><Time>2025-12-05T09:33:02.000Z</Time><HeartRateBpm><Value>91</Value></HeartRateBpm><SensorState>Present</SensorState></Trackpoint><Trackpoint><Time>2025-12-05T09:33:03.000Z</Time><HeartRateBpm><Value>93</Value></HeartRateBpm><SensorState>Present</SensorState></Trackpoint><Trackpoint><Time>2025-12-05T09:33:04.000Z</Time><HeartRateBpm><Value>95</Value></HeartRateBpm><SensorState>Present</SensorState></Trackpoint><Trackpoint><Time>2025-12-05T09:33:05.000Z</Time><HeartRateBpm><Value>96</Value></HeartRateBpm><SensorState>Present</SensorState></Trackpoint><Trackpoint><Time>2025-12-05T09:33:06.000Z</Time><HeartRateBpm><Value>97</Value></HeartRateBpm><SensorState>Present</SensorState></Trackpoint><Trackpoint><Time>2025-12-05T09:33:07.000Z</Time><HeartRateBpm><Value>97</Value></HeartRateBpm><SensorState>Present</SensorState></Trackpoint><Trackpoint><Time>2025-12-05T09:33:08.000Z</Time><HeartRateBpm><Value>96</Value></HeartRateBpm><SensorState>Present</SensorState></Trackpoint><Trackpoint><Time>2025-12-05T09:33:09.000Z</Time><HeartRateBpm><Value>94</Value></HeartRateBpm><SensorState>Present</SensorState></Trackpoint><Trackpoint><Time>2025-12-05T09:33:10.000Z</Time><HeartRateBpm><Value>91</Value></HeartRateBpm><SensorState>Present</SensorState></Trackpoint><Trackpoint><Time>2025-12-05T09:33:11.000Z</Time><HeartRateBpm><Value>91</Value></HeartRateBpm><SensorState>Present</SensorState></Trackpoint><Trackpoint><Time>2025-12-05T09:33:12.000Z</Time><HeartRateBpm><Value>90</Value></HeartRateBpm><SensorState>Present</SensorState></Trackpoint><Trackpoint><Time>2025-12-05T09:33:13.000Z</Time><HeartRateBpm><Value>90</Value></HeartRateBpm><SensorState>Present</SensorState></Trackpoint><Trackpoint><Time>2025-12-05T09:33:14.000Z</Time><HeartRateBpm><Value>90</Value></HeartRateBpm><SensorState>Present</SensorState></Trackpoint><Trackpoint><Time>2025-12-05T09:33:15.000Z</Time><HeartRateBpm><Value>90</Value></HeartRateBpm><SensorState>Present</SensorState></Trackpoint><Trackpoint><Time>2025-12-05T09:33:16.000Z</Time><HeartRateBpm><Value>91</Value></HeartRateBpm><SensorState>Present</SensorState></Trackpoint><Trackpoint><Time>2025-12-05T09:33:17.000Z</Time><HeartRateBpm><Value>93</Value></HeartRateBpm><SensorState>Present</SensorState></Trackpoint><Trackpoint><Time>2025-12-05T09:33:18.000Z</Time><HeartRateBpm><Value>92</Value></HeartRateBpm><SensorState>Present</SensorState></Trackpoint><Trackpoint><Time>2025-12-05T09:33:19.000Z</Time><HeartRateBpm><Value>90</Value></HeartRateBpm><SensorState>Present</SensorState></Trackpoint><Trackpoint><Time>2025-12-05T09:33:20.000Z</Time><HeartRateBpm><Value>88</Value></HeartRateBpm><SensorState>Present</SensorState></Trackpoint><Trackpoint><Time>2025-12-05T09:33:21.000Z</Time><HeartRateBpm><Value>89</Value></HeartRateBpm><SensorState>Present</SensorState></Trackpoint><Trackpoint><Time>2025-12-05T09:33:22.000Z</Time><HeartRateBpm><Value>91</Value></HeartRateBpm><SensorState>Present</SensorState></Trackpoint><Trackpoint><Time>2025-12-05T09:33:23.000Z</Time><HeartRateBpm><Value>94</Value></HeartRateBpm><SensorState>Present</SensorState></Trackpoint><Trackpoint><Time>2025-12-05T09:33:24.000Z</Time><HeartRateBpm><Value>95</Value></HeartRateBpm><SensorState>Present</SensorState></Trackpoint><Trackpoint><Time>2025-12-05T09:33:25.000Z</Time><HeartRateBpm><Value>97</Value></HeartRateBpm><SensorState>Present</SensorState></Trackpoint><Trackpoint><Time>2025-12-05T09:33:26.000Z</Time><HeartRateBpm><Value>96</Value></HeartRateBpm><SensorState>Present</SensorState></Trackpoint><Trackpoint><Time>2025-12-05T09:33:27.000Z</Time><HeartRateBpm><Value>95</Value></HeartRateBpm><SensorState>Present</SensorState></Trackpoint><Trackpoint><Time>2025-12-05T09:33:28.000Z</Time><HeartRateBpm><Value>92</Value></HeartRateBpm><SensorState>Present</SensorState></Trackpoint><Trackpoint><Time>2025-12-05T09:33:29.000Z</Time><HeartRateBpm><Value>90</Value></HeartRateBpm><SensorState>Present</SensorState></Trackpoint><Trackpoint><Time>2025-12-05T09:33:30.000Z</Time><HeartRateBpm><Value>89</Value></HeartRateBpm><SensorState>Present</SensorState></Trackpoint><Trackpoint><Time>2025-12-05T09:33:31.000Z</Time><HeartRateBpm><Value>88</Value></HeartRateBpm><SensorState>Present</SensorState></Trackpoint><Trackpoint><Time>2025-12-05T09:33:32.000Z</Time><HeartRateBpm><Value>88</Value></HeartRateBpm><SensorState>Present</SensorState></Trackpoint><Trackpoint><Time>2025-12-05T09:33:33.000Z</Time><HeartRateBpm><Value>88</Value></HeartRateBpm><SensorState>Present</SensorState></Trackpoint><Trackpoint><Time>2025-12-05T09:33:34.000Z</Time><HeartRateBpm><Value>88</Value></HeartRateBpm><SensorState>Present</SensorState></Trackpoint><Trackpoint><Time>2025-12-05T09:33:35.000Z</Time><HeartRateBpm><Value>88</Value></HeartRateBpm><SensorState>Present</SensorState></Trackpoint><Trackpoint><Time>2025-12-05T09:33:36.000Z</Time><HeartRateBpm><Value>88</Value></HeartRateBpm><SensorState>Present</SensorState></Trackpoint><Trackpoint><Time>2025-12-05T09:33:37.000Z</Time><HeartRateBpm><Value>88</Value></HeartRateBpm><SensorState>Present</SensorState></Trackpoint><Trackpoint><Time>2025-12-05T09:33:38.000Z</Time><HeartRateBpm><Value>89</Value></HeartRateBpm><SensorState>Present</SensorState></Trackpoint><Trackpoint><Time>2025-12-05T09:33:39.000Z</Time><HeartRateBpm><Value>89</Value></HeartRateBpm><SensorState>Present</SensorState></Trackpoint><Trackpoint><Time>2025-12-05T09:33:40.000Z</Time><HeartRateBpm><Value>90</Value></HeartRateBpm><SensorState>Present</SensorState></Trackpoint><Trackpoint><Time>2025-12-05T09:33:41.000Z</Time><HeartRateBpm><Value>92</Value></HeartRateBpm><SensorState>Present</SensorState></Trackpoint><Trackpoint><Time>2025-12-05T09:33:42.000Z</Time><HeartRateBpm><Value>93</Value></HeartRateBpm><SensorState>Present</SensorState></Trackpoint><Trackpoint><Time>2025-12-05T09:33:43.000Z</Time><HeartRateBpm><Value>95</Value></HeartRateBpm><SensorState>Present</SensorState></Trackpoint><Trackpoint><Time>2025-12-05T09:33:44.000Z</Time><HeartRateBpm><Value>96</Value></HeartRateBpm><SensorState>Present</SensorState></Trackpoint><Trackpoint><Time>2025-12-05T09:33:45.000Z</Time><HeartRateBpm><Value>96</Value></HeartRateBpm><SensorState>Present</SensorState></Trackpoint><Trackpoint><Time>2025-12-05T09:33:46.000Z</Time><HeartRateBpm><Value>94</Value></HeartRateBpm><SensorState>Present</SensorState></Trackpoint><Trackpoint><Time>2025-12-05T09:33:47.000Z</Time><HeartRateBpm><Value>92</Value></HeartRateBpm><SensorState>Present</SensorState></Trackpoint><Trackpoint><Time>2025-12-05T09:33:48.000Z</Time><HeartRateBpm><Value>91</Value></HeartRateBpm><SensorState>Present</SensorState></Trackpoint><Trackpoint><Time>2025-12-05T09:33:49.000Z</Time><HeartRateBpm><Value>89</Value></HeartRateBpm><SensorState>Present</SensorState></Trackpoint><Trackpoint><Time>2025-12-05T09:33:50.000Z</Time><HeartRateBpm><Value>89</Value></HeartRateBpm><SensorState>Present</SensorState></Trackpoint><Trackpoint><Time>2025-12-05T09:33:51.000Z</Time><HeartRateBpm><Value>91</Value></HeartRateBpm><SensorState>Present</SensorState></Trackpoint><Trackpoint><Time>2025-12-05T09:33:52.000Z</Time><HeartRateBpm><Value>92</Value></HeartRateBpm><SensorState>Present</SensorState></Trackpoint><Trackpoint><Time>2025-12-05T09:33:53.000Z</Time><HeartRateBpm><Value>93</Value></HeartRateBpm><SensorState>Present</SensorState></Trackpoint><Trackpoint><Time>2025-12-05T09:33:54.000Z</Time><HeartRateBpm><Value>94</Value></HeartRateBpm><SensorState>Present</SensorState></Trackpoint><Trackpoint><Time>2025-12-05T09:33:55.000Z</Time><HeartRateBpm><Value>95</Value></HeartRateBpm><SensorState>Present</SensorState></Trackpoint><Trackpoint><Time>2025-12-05T09:33:56.000Z</Time><HeartRateBpm><Value>96</Value></HeartRateBpm><SensorState>Present</SensorState></Trackpoint><Trackpoint><Time>2025-12-05T09:33:57.000Z</Time><HeartRateBpm><Value>95</Value></HeartRateBpm><SensorState>Present</SensorState></Trackpoint><Trackpoint><Time>2025-12-05T09:33:58.000Z</Time><HeartRateBpm><Value>93</Value></HeartRateBpm><SensorState>Present</SensorState></Trackpoint><Trackpoint><Time>2025-12-05T09:33:59.000Z</Time><HeartRateBpm><Value>93</Value></HeartRateBpm><SensorState>Present</SensorState></Trackpoint><Trackpoint><Time>2025-12-05T09:34:00.000Z</Time><HeartRateBpm><Value>92</Value></HeartRateBpm><SensorState>Present</SensorState></Trackpoint><Trackpoint><Time>2025-12-05T09:34:01.000Z</Time><HeartRateBpm><Value>94</Value></HeartRateBpm><SensorState>Present</SensorState></Trackpoint><Trackpoint><Time>2025-12-05T09:34:02.000Z</Time><HeartRateBpm><Value>97</Value></HeartRateBpm><SensorState>Present</SensorState></Trackpoint><Trackpoint><Time>2025-12-05T09:34:03.000Z</Time><HeartRateBpm><Value>102</Value></HeartRateBpm><SensorState>Present</SensorState></Trackpoint><Trackpoint><Time>2025-12-05T09:34:04.000Z</Time><HeartRateBpm><Value>106</Value></HeartRateBpm><SensorState>Present</SensorState></Trackpoint><Trackpoint><Time>2025-12-05T09:34:05.000Z</Time><HeartRateBpm><Value>110</Value></HeartRateBpm><SensorState>Present</SensorState></Trackpoint><Trackpoint><Time>2025-12-05T09:34:06.000Z</Time><HeartRateBpm><Value>114</Value></HeartRateBpm><SensorState>Present</SensorState></Trackpoint><Trackpoint><Time>2025-12-05T09:34:07.000Z</Time><HeartRateBpm><Value>118</Value></HeartRateBpm><SensorState>Present</SensorState></Trackpoint><Trackpoint><Time>2025-12-05T09:34:08.000Z</Time><HeartRateBpm><Value>120</Value></HeartRateBpm><SensorState>Present</SensorState></Trackpoint><Trackpoint><Time>2025-12-05T09:34:09.000Z</Time><HeartRateBpm><Value>122</Value></HeartRateBpm><SensorState>Present</SensorState></Trackpoint><Trackpoint><Time>2025-12-05T09:34:10.000Z</Time><HeartRateBpm><Value>126</Value></HeartRateBpm><SensorState>Present</SensorState></Trackpoint><Trackpoint><Time>2025-12-05T09:34:11.000Z</Time><HeartRateBpm><Value>129</Value></HeartRateBpm><SensorState>Present</SensorState></Trackpoint><Trackpoint><Time>2025-12-05T09:34:12.000Z</Time><HeartRateBpm><Value>131</Value></HeartRateBpm><SensorState>Present</SensorState></Trackpoint><Trackpoint><Time>2025-12-05T09:34:13.000Z</Time><HeartRateBpm><Value>133</Value></HeartRateBpm><SensorState>Present</SensorState></Trackpoint><Trackpoint><Time>2025-12-05T09:34:14.000Z</Time><HeartRateBpm><Value>135</Value></HeartRateBpm><SensorState>Present</SensorState></Trackpoint><Trackpoint><Time>2025-12-05T09:34:15.000Z</Time><HeartRateBpm><Value>137</Value></HeartRateBpm><SensorState>Present</SensorState></Trackpoint><Trackpoint><Time>2025-12-05T09:34:16.000Z</Time><HeartRateBpm><Value>139</Value></HeartRateBpm><SensorState>Present</SensorState></Trackpoint><Trackpoint><Time>2025-12-05T09:34:17.000Z</Time><HeartRateBpm><Value>140</Value></HeartRateBpm><SensorState>Present</SensorState></Trackpoint><Trackpoint><Time>2025-12-05T09:34:18.000Z</Time><HeartRateBpm><Value>141</Value></HeartRateBpm><SensorState>Present</SensorState></Trackpoint><Trackpoint><Time>2025-12-05T09:34:19.000Z</Time><HeartRateBpm><Value>142</Value></HeartRateBpm><SensorState>Present</SensorState></Trackpoint><Trackpoint><Time>2025-12-05T09:34:20.000Z</Time><HeartRateBpm><Value>143</Value></HeartRateBpm><SensorState>Present</SensorState></Trackpoint><Trackpoint><Time>2025-12-05T09:34:21.000Z</Time><HeartRateBpm><Value>143</Value></HeartRateBpm><SensorState>Present</SensorState></Trackpoint><Trackpoint><Time>2025-12-05T09:34:22.000Z</Time><HeartRateBpm><Value>143</Value></HeartRateBpm><SensorState>Present</SensorState></Trackpoint><Trackpoint><Time>2025-12-05T09:34:23.000Z</Time><HeartRateBpm><Value>143</Value></HeartRateBpm><SensorState>Present</SensorState></Trackpoint><Trackpoint><Time>2025-12-05T09:34:24.000Z</Time><HeartRateBpm><Value>142</Value></HeartRateBpm><SensorState>Present</SensorState></Trackpoint><Trackpoint><Time>2025-12-05T09:34:25.000Z</Time><HeartRateBpm><Value>142</Value></HeartRateBpm><SensorState>Present</SensorState></Trackpoint><Trackpoint><Time>2025-12-05T09:34:26.000Z</Time><HeartRateBpm><Value>141</Value></HeartRateBpm><SensorState>Present</SensorState></Trackpoint><Trackpoint><Time>2025-12-05T09:34:27.000Z</Time><HeartRateBpm><Value>140</Value></HeartRateBpm><SensorState>Present</SensorState></Trackpoint><Trackpoint><Time>2025-12-05T09:34:28.000Z</Time><HeartRateBpm><Value>139</Value></HeartRateBpm><SensorState>Present</SensorState></Trackpoint><Trackpoint><Time>2025-12-05T09:34:29.000Z</Time><HeartRateBpm><Value>137</Value></HeartRateBpm><SensorState>Present</SensorState></Trackpoint><Trackpoint><Time>2025-12-05T09:34:30.000Z</Time><HeartRateBpm><Value>136</Value></HeartRateBpm><SensorState>Present</SensorState></Trackpoint><Trackpoint><Time>2025-12-05T09:34:31.000Z</Time><HeartRateBpm><Value>136</Value></HeartRateBpm><SensorState>Present</SensorState></Trackpoint><Trackpoint><Time>2025-12-05T09:34:32.000Z</Time><HeartRateBpm><Value>136</Value></HeartRateBpm><SensorState>Present</SensorState></Trackpoint><Trackpoint><Time>2025-12-05T09:34:33.000Z</Time><HeartRateBpm><Value>135</Value></HeartRateBpm><SensorState>Present</SensorState></Trackpoint><Trackpoint><Time>2025-12-05T09:34:34.000Z</Time><HeartRateBpm><Value>134</Value></HeartRateBpm><SensorState>Present</SensorState></Trackpoint><Trackpoint><Time>2025-12-05T09:34:35.000Z</Time><HeartRateBpm><Value>133</Value></HeartRateBpm><SensorState>Present</SensorState></Trackpoint><Trackpoint><Time>2025-12-05T09:34:36.000Z</Time><HeartRateBpm><Value>133</Value></HeartRateBpm><SensorState>Present</SensorState></Trackpoint><Trackpoint><Time>2025-12-05T09:34:37.000Z</Time><HeartRateBpm><Value>133</Value></HeartRateBpm><SensorState>Present</SensorState></Trackpoint><Trackpoint><Time>2025-12-05T09:34:38.000Z</Time><HeartRateBpm><Value>133</Value></HeartRateBpm><SensorState>Present</SensorState></Trackpoint><Trackpoint><Time>2025-12-05T09:34:39.000Z</Time><HeartRateBpm><Value>133</Value></HeartRateBpm><SensorState>Present</SensorState></Trackpoint><Trackpoint><Time>2025-12-05T09:34:40.000Z</Time><HeartRateBpm><Value>132</Value></HeartRateBpm><SensorState>Present</SensorState></Trackpoint><Trackpoint><Time>2025-12-05T09:34:41.000Z</Time><HeartRateBpm><Value>131</Value></HeartRateBpm><SensorState>Present</SensorState></Trackpoint><Trackpoint><Time>2025-12-05T09:34:42.000Z</Time><HeartRateBpm><Value>131</Value></HeartRateBpm><SensorState>Present</SensorState></Trackpoint><Trackpoint><Time>2025-12-05T09:34:43.000Z</Time><HeartRateBpm><Value>130</Value></HeartRateBpm><SensorState>Present</SensorState></Trackpoint><Trackpoint><Time>2025-12-05T09:34:44.000Z</Time><HeartRateBpm><Value>131</Value></HeartRateBpm><SensorState>Present</SensorState></Trackpoint><Trackpoint><Time>2025-12-05T09:34:45.000Z</Time><HeartRateBpm><Value>131</Value></HeartRateBpm><SensorState>Present</SensorState></Trackpoint><Trackpoint><Time>2025-12-05T09:34:46.000Z</Time><HeartRateBpm><Value>130</Value></HeartRateBpm><SensorState>Present</SensorState></Trackpoint><Trackpoint><Time>2025-12-05T09:34:47.000Z</Time><HeartRateBpm><Value>129</Value></HeartRateBpm><SensorState>Present</SensorState></Trackpoint><Trackpoint><Time>2025-12-05T09:34:48.000Z</Time><HeartRateBpm><Value>128</Value></HeartRateBpm><SensorState>Present</SensorState></Trackpoint><Trackpoint><Time>2025-12-05T09:34:49.000Z</Time><HeartRateBpm><Value>125</Value></HeartRateBpm><SensorState>Present</SensorState></Trackpoint><Trackpoint><Time>2025-12-05T09:34:50.000Z</Time><HeartRateBpm><Value>122</Value></HeartRateBpm><SensorState>Present</SensorState></Trackpoint><Trackpoint><Time>2025-12-05T09:34:51.000Z</Time><HeartRateBpm><Value>121</Value></HeartRateBpm><SensorState>Present</SensorState></Trackpoint><Trackpoint><Time>2025-12-05T09:34:52.000Z</Time><HeartRateBpm><Value>121</Value></HeartRateBpm><SensorState>Present</SensorState></Trackpoint><Trackpoint><Time>2025-12-05T09:34:53.000Z</Time><HeartRateBpm><Value>121</Value></HeartRateBpm><SensorState>Present</SensorState></Trackpoint><Trackpoint><Time>2025-12-05T09:34:54.000Z</Time><HeartRateBpm><Value>121</Value></HeartRateBpm><SensorState>Present</SensorState></Trackpoint><Trackpoint><Time>2025-12-05T09:34:55.000Z</Time><HeartRateBpm><Value>121</Value></HeartRateBpm><SensorState>Present</SensorState></Trackpoint><Trackpoint><Time>2025-12-05T09:34:56.000Z</Time><HeartRateBpm><Value>120</Value></HeartRateBpm><SensorState>Present</SensorState></Trackpoint><Trackpoint><Time>2025-12-05T09:34:57.000Z</Time><HeartRateBpm><Value>120</Value></HeartRateBpm><SensorState>Present</SensorState></Trackpoint><Trackpoint><Time>2025-12-05T09:34:58.000Z</Time><HeartRateBpm><Value>120</Value></HeartRateBpm><SensorState>Present</SensorState></Trackpoint><Trackpoint><Time>2025-12-05T09:34:59.000Z</Time><HeartRateBpm><Value>121</Value></HeartRateBpm><SensorState>Present</SensorState></Trackpoint><Trackpoint><Time>2025-12-05T09:35:00.000Z</Time><HeartRateBpm><Value>120</Value></HeartRateBpm><SensorState>Present</SensorState></Trackpoint><Trackpoint><Time>2025-12-05T09:35:01.000Z</Time><HeartRateBpm><Value>119</Value></HeartRateBpm><SensorState>Present</SensorState></Trackpoint><Trackpoint><Time>2025-12-05T09:35:02.000Z</Time><HeartRateBpm><Value>118</Value></HeartRateBpm><SensorState>Present</SensorState></Trackpoint><Trackpoint><Time>2025-12-05T09:35:03.000Z</Time><HeartRateBpm><Value>118</Value></HeartRateBpm><SensorState>Present</SensorState></Trackpoint><Trackpoint><Time>2025-12-05T09:35:04.000Z</Time><HeartRateBpm><Value>119</Value></HeartRateBpm><SensorState>Present</SensorState></Trackpoint><Trackpoint><Time>2025-12-05T09:35:05.000Z</Time><HeartRateBpm><Value>121</Value></HeartRateBpm><SensorState>Present</SensorState></Trackpoint><Trackpoint><Time>2025-12-05T09:35:06.000Z</Time><HeartRateBpm><Value>122</Value></HeartRateBpm><SensorState>Present</SensorState></Trackpoint><Trackpoint><Time>2025-12-05T09:35:07.000Z</Time><HeartRateBpm><Value>123</Value></HeartRateBpm><SensorState>Present</SensorState></Trackpoint><Trackpoint><Time>2025-12-05T09:35:08.000Z</Time><HeartRateBpm><Value>123</Value></HeartRateBpm><SensorState>Present</SensorState></Trackpoint><Trackpoint><Time>2025-12-05T09:35:09.000Z</Time><HeartRateBpm><Value>123</Value></HeartRateBpm><SensorState>Present</SensorState></Trackpoint><Trackpoint><Time>2025-12-05T09:35:10.000Z</Time><HeartRateBpm><Value>123</Value></HeartRateBpm><SensorState>Present</SensorState></Trackpoint><Trackpoint><Time>2025-12-05T09:35:11.000Z</Time><HeartRateBpm><Value>121</Value></HeartRateBpm><SensorState>Present</SensorState></Trackpoint><Trackpoint><Time>2025-12-05T09:35:12.000Z</Time><HeartRateBpm><Value>120</Value></HeartRateBpm><SensorState>Present</SensorState></Trackpoint><Trackpoint><Time>2025-12-05T09:35:13.000Z</Time><HeartRateBpm><Value>120</Value></HeartRateBpm><SensorState>Present</SensorState></Trackpoint><Trackpoint><Time>2025-12-05T09:35:14.000Z</Time><HeartRateBpm><Value>120</Value></HeartRateBpm><SensorState>Present</SensorState></Trackpoint><Trackpoint><Time>2025-12-05T09:35:15.000Z</Time><HeartRateBpm><Value>121</Value></HeartRateBpm><SensorState>Present</SensorState></Trackpoint><Trackpoint><Time>2025-12-05T09:35:16.000Z</Time><HeartRateBpm><Value>121</Value></HeartRateBpm><SensorState>Present</SensorState></Trackpoint><Trackpoint><Time>2025-12-05T09:35:17.000Z</Time><HeartRateBpm><Value>119</Value></HeartRateBpm><SensorState>Present</SensorState></Trackpoint><Trackpoint><Time>2025-12-05T09:35:18.000Z</Time><HeartRateBpm><Value>116</Value></HeartRateBpm><SensorState>Present</SensorState></Trackpoint><Trackpoint><Time>2025-12-05T09:35:19.000Z</Time><HeartRateBpm><Value>114</Value></HeartRateBpm><SensorState>Present</SensorState></Trackpoint><Trackpoint><Time>2025-12-05T09:35:20.000Z</Time><HeartRateBpm><Value>113</Value></HeartRateBpm><SensorState>Present</SensorState></Trackpoint><Trackpoint><Time>2025-12-05T09:35:21.000Z</Time><HeartRateBpm><Value>112</Value></HeartRateBpm><SensorState>Present</SensorState></Trackpoint><Trackpoint><Time>2025-12-05T09:35:22.000Z</Time><HeartRateBpm><Value>113</Value></HeartRateBpm><SensorState>Present</SensorState></Trackpoint><Trackpoint><Time>2025-12-05T09:35:23.000Z</Time><HeartRateBpm><Value>115</Value></HeartRateBpm><SensorState>Present</SensorState></Trackpoint><Trackpoint><Time>2025-12-05T09:35:24.000Z</Time><HeartRateBpm><Value>114</Value></HeartRateBpm><SensorState>Present</SensorState></Trackpoint><Trackpoint><Time>2025-12-05T09:35:25.000Z</Time><HeartRateBpm><Value>113</Value></HeartRateBpm><SensorState>Present</SensorState></Trackpoint><Trackpoint><Time>2025-12-05T09:35:26.000Z</Time><HeartRateBpm><Value>110</Value></HeartRateBpm><SensorState>Present</SensorState></Trackpoint><Trackpoint><Time>2025-12-05T09:35:27.000Z</Time><HeartRateBpm><Value>97</Value></HeartRateBpm><SensorState>Present</SensorState></Trackpoint><Trackpoint><Time>2025-12-05T09:35:28.000Z</Time><HeartRateBpm><Value>92</Value></HeartRateBpm><SensorState>Present</SensorState></Trackpoint><Trackpoint><Time>2025-12-05T09:35:29.000Z</Time><HeartRateBpm><Value>91</Value></HeartRateBpm><SensorState>Present</SensorState></Trackpoint><Trackpoint><Time>2025-12-05T09:35:30.000Z</Time><HeartRateBpm><Value>92</Value></HeartRateBpm><SensorState>Present</SensorState></Trackpoint><Trackpoint><Time>2025-12-05T09:35:31.000Z</Time><HeartRateBpm><Value>100</Value></HeartRateBpm><SensorState>Present</SensorState></Trackpoint><Trackpoint><Time>2025-12-05T09:35:32.000Z</Time><HeartRateBpm><Value>106</Value></HeartRateBpm><SensorState>Present</SensorState></Trackpoint><Trackpoint><Time>2025-12-05T09:35:33.000Z</Time><HeartRateBpm><Value>111</Value></HeartRateBpm><SensorState>Present</SensorState></Trackpoint><Trackpoint><Time>2025-12-05T09:35:34.000Z</Time><HeartRateBpm><Value>117</Value></HeartRateBpm><SensorState>Present</SensorState></Trackpoint><Trackpoint><Time>2025-12-05T09:35:35.000Z</Time><HeartRateBpm><Value>122</Value></HeartRateBpm><SensorState>Present</SensorState></Trackpoint><Trackpoint><Time>2025-12-05T09:35:36.000Z</Time><HeartRateBpm><Value>126</Value></HeartRateBpm><SensorState>Present</SensorState></Trackpoint><Trackpoint><Time>2025-12-05T09:35:37.000Z</Time><HeartRateBpm><Value>131</Value></HeartRateBpm><SensorState>Present</SensorState></Trackpoint><Trackpoint><Time>2025-12-05T09:35:38.000Z</Time><HeartRateBpm><Value>133</Value></HeartRateBpm><SensorState>Present</SensorState></Trackpoint><Trackpoint><Time>2025-12-05T09:35:39.000Z</Time><HeartRateBpm><Value>135</Value></HeartRateBpm><SensorState>Present</SensorState></Trackpoint><Trackpoint><Time>2025-12-05T09:35:40.000Z</Time><HeartRateBpm><Value>138</Value></HeartRateBpm><SensorState>Present</SensorState></Trackpoint><Trackpoint><Time>2025-12-05T09:35:41.000Z</Time><HeartRateBpm><Value>140</Value></HeartRateBpm><SensorState>Present</SensorState></Trackpoint><Trackpoint><Time>2025-12-05T09:35:42.000Z</Time><HeartRateBpm><Value>141</Value></HeartRateBpm><SensorState>Present</SensorState></Trackpoint><Trackpoint><Time>2025-12-05T09:35:43.000Z</Time><HeartRateBpm><Value>144</Value></HeartRateBpm><SensorState>Present</SensorState></Trackpoint><Trackpoint><Time>2025-12-05T09:35:44.000Z</Time><HeartRateBpm><Value>145</Value></HeartRateBpm><SensorState>Present</SensorState></Trackpoint><Trackpoint><Time>2025-12-05T09:35:45.000Z</Time><HeartRateBpm><Value>146</Value></HeartRateBpm><SensorState>Present</SensorState></Trackpoint><Trackpoint><Time>2025-12-05T09:35:46.000Z</Time><HeartRateBpm><Value>147</Value></HeartRateBpm><SensorState>Present</SensorState></Trackpoint><Trackpoint><Time>2025-12-05T09:35:47.000Z</Time><HeartRateBpm><Value>149</Value></HeartRateBpm><SensorState>Present</SensorState></Trackpoint><Trackpoint><Time>2025-12-05T09:35:48.000Z</Time><HeartRateBpm><Value>149</Value></HeartRateBpm><SensorState>Present</SensorState></Trackpoint><Trackpoint><Time>2025-12-05T09:35:49.000Z</Time><HeartRateBpm><Value>150</Value></HeartRateBpm><SensorState>Present</SensorState></Trackpoint><Trackpoint><Time>2025-12-05T09:35:50.000Z</Time><HeartRateBpm><Value>150</Value></HeartRateBpm><SensorState>Present</SensorState></Trackpoint><Trackpoint><Time>2025-12-05T09:35:51.000Z</Time><HeartRateBpm><Value>149</Value></HeartRateBpm><SensorState>Present</SensorState></Trackpoint><Trackpoint><Time>2025-12-05T09:35:52.000Z</Time><HeartRateBpm><Value>149</Value></HeartRateBpm><SensorState>Present</SensorState></Trackpoint><Trackpoint><Time>2025-12-05T09:35:53.000Z</Time><HeartRateBpm><Value>148</Value></HeartRateBpm><SensorState>Present</SensorState></Trackpoint><Trackpoint><Time>2025-12-05T09:35:54.000Z</Time><HeartRateBpm><Value>147</Value></HeartRateBpm><SensorState>Present</SensorState></Trackpoint><Trackpoint><Time>2025-12-05T09:35:55.000Z</Time><HeartRateBpm><Value>146</Value></HeartRateBpm><SensorState>Present</SensorState></Trackpoint><Trackpoint><Time>2025-12-05T09:35:56.000Z</Time><HeartRateBpm><Value>144</Value></HeartRateBpm><SensorState>Present</SensorState></Trackpoint><Trackpoint><Time>2025-12-05T09:35:57.000Z</Time><HeartRateBpm><Value>143</Value></HeartRateBpm><SensorState>Present</SensorState></Trackpoint><Trackpoint><Time>2025-12-05T09:35:58.000Z</Time><HeartRateBpm><Value>142</Value></HeartRateBpm><SensorState>Present</SensorState></Trackpoint><Trackpoint><Time>2025-12-05T09:35:59.000Z</Time><HeartRateBpm><Value>142</Value></HeartRateBpm><SensorState>Present</SensorState></Trackpoint><Trackpoint><Time>2025-12-05T09:36:00.000Z</Time><HeartRateBpm><Value>141</Value></HeartRateBpm><SensorState>Present</SensorState></Trackpoint><Trackpoint><Time>2025-12-05T09:36:01.000Z</Time><HeartRateBpm><Value>141</Value></HeartRateBpm><SensorState>Present</SensorState></Trackpoint><Trackpoint><Time>2025-12-05T09:36:02.000Z</Time><HeartRateBpm><Value>140</Value></HeartRateBpm><SensorState>Present</SensorState></Trackpoint><Trackpoint><Time>2025-12-05T09:36:03.000Z</Time><HeartRateBpm><Value>140</Value></HeartRateBpm><SensorState>Present</SensorState></Trackpoint><Trackpoint><Time>2025-12-05T09:36:04.000Z</Time><HeartRateBpm><Value>140</Value></HeartRateBpm><SensorState>Present</SensorState></Trackpoint><Trackpoint><Time>2025-12-05T09:36:05.000Z</Time><HeartRateBpm><Value>139</Value></HeartRateBpm><SensorState>Present</SensorState></Trackpoint><Trackpoint><Time>2025-12-05T09:36:06.000Z</Time><HeartRateBpm><Value>138</Value></HeartRateBpm><SensorState>Present</SensorState></Trackpoint><Trackpoint><Time>2025-12-05T09:36:07.000Z</Time><HeartRateBpm><Value>138</Value></HeartRateBpm><SensorState>Present</SensorState></Trackpoint><Trackpoint><Time>2025-12-05T09:36:08.000Z</Time><HeartRateBpm><Value>137</Value></HeartRateBpm><SensorState>Present</SensorState></Trackpoint><Trackpoint><Time>2025-12-05T09:36:09.000Z</Time><HeartRateBpm><Value>137</Value></HeartRateBpm><SensorState>Present</SensorState></Trackpoint><Trackpoint><Time>2025-12-05T09:36:10.000Z</Time><HeartRateBpm><Value>138</Value></HeartRateBpm><SensorState>Present</SensorState></Trackpoint><Trackpoint><Time>2025-12-05T09:36:11.000Z</Time><HeartRateBpm><Value>138</Value></HeartRateBpm><SensorState>Present</SensorState></Trackpoint><Trackpoint><Time>2025-12-05T09:36:12.000Z</Time><HeartRateBpm><Value>138</Value></HeartRateBpm><SensorState>Present</SensorState></Trackpoint><Trackpoint><Time>2025-12-05T09:36:13.000Z</Time><HeartRateBpm><Value>137</Value></HeartRateBpm><SensorState>Present</SensorState></Trackpoint><Trackpoint><Time>2025-12-05T09:36:14.000Z</Time><HeartRateBpm><Value>137</Value></HeartRateBpm><SensorState>Present</SensorState></Trackpoint><Trackpoint><Time>2025-12-05T09:36:15.000Z</Time><HeartRateBpm><Value>137</Value></HeartRateBpm><SensorState>Present</SensorState></Trackpoint><Trackpoint><Time>2025-12-05T09:36:16.000Z</Time><HeartRateBpm><Value>136</Value></HeartRateBpm><SensorState>Present</SensorState></Trackpoint><Trackpoint><Time>2025-12-05T09:36:17.000Z</Time><HeartRateBpm><Value>136</Value></HeartRateBpm><SensorState>Present</SensorState></Trackpoint><Trackpoint><Time>2025-12-05T09:36:18.000Z</Time><HeartRateBpm><Value>135</Value></HeartRateBpm><SensorState>Present</SensorState></Trackpoint><Trackpoint><Time>2025-12-05T09:36:19.000Z</Time><HeartRateBpm><Value>133</Value></HeartRateBpm><SensorState>Present</SensorState></Trackpoint><Trackpoint><Time>2025-12-05T09:36:20.000Z</Time><HeartRateBpm><Value>130</Value></HeartRateBpm><SensorState>Present</SensorState></Trackpoint><Trackpoint><Time>2025-12-05T09:36:21.000Z</Time><HeartRateBpm><Value>126</Value></HeartRateBpm><SensorState>Present</SensorState></Trackpoint><Trackpoint><Time>2025-12-05T09:36:22.000Z</Time><HeartRateBpm><Value>123</Value></HeartRateBpm><SensorState>Present</SensorState></Trackpoint><Trackpoint><Time>2025-12-05T09:36:23.000Z</Time><HeartRateBpm><Value>122</Value></HeartRateBpm><SensorState>Present</SensorState></Trackpoint><Trackpoint><Time>2025-12-05T09:36:24.000Z</Time><HeartRateBpm><Value>123</Value></HeartRateBpm><SensorState>Present</SensorState></Trackpoint><Trackpoint><Time>2025-12-05T09:36:25.000Z</Time><HeartRateBpm><Value>125</Value></HeartRateBpm><SensorState>Present</SensorState></Trackpoint><Trackpoint><Time>2025-12-05T09:36:26.000Z</Time><HeartRateBpm><Value>128</Value></HeartRateBpm><SensorState>Present</SensorState></Trackpoint><Trackpoint><Time>2025-12-05T09:36:27.000Z</Time><HeartRateBpm><Value>130</Value></HeartRateBpm><SensorState>Present</SensorState></Trackpoint><Trackpoint><Time>2025-12-05T09:36:28.000Z</Time><HeartRateBpm><Value>131</Value></HeartRateBpm><SensorState>Present</SensorState></Trackpoint><Trackpoint><Time>2025-12-05T09:36:29.000Z</Time><HeartRateBpm><Value>133</Value></HeartRateBpm><SensorState>Present</SensorState></Trackpoint><Trackpoint><Time>2025-12-05T09:36:30.000Z</Time><HeartRateBpm><Value>134</Value></HeartRateBpm><SensorState>Present</SensorState></Trackpoint><Trackpoint><Time>2025-12-05T09:36:31.000Z</Time><HeartRateBpm><Value>135</Value></HeartRateBpm><SensorState>Present</SensorState></Trackpoint><Trackpoint><Time>2025-12-05T09:36:32.000Z</Time><HeartRateBpm><Value>136</Value></HeartRateBpm><SensorState>Present</SensorState></Trackpoint><Trackpoint><Time>2025-12-05T09:36:33.000Z</Time><HeartRateBpm><Value>136</Value></HeartRateBpm><SensorState>Present</SensorState></Trackpoint><Trackpoint><Time>2025-12-05T09:36:34.000Z</Time><HeartRateBpm><Value>137</Value></HeartRateBpm><SensorState>Present</SensorState></Trackpoint><Trackpoint><Time>2025-12-05T09:36:35.000Z</Time><HeartRateBpm><Value>138</Value></HeartRateBpm><SensorState>Present</SensorState></Trackpoint><Trackpoint><Time>2025-12-05T09:36:36.000Z</Time><HeartRateBpm><Value>138</Value></HeartRateBpm><SensorState>Present</SensorState></Trackpoint><Trackpoint><Time>2025-12-05T09:36:37.000Z</Time><HeartRateBpm><Value>138</Value></HeartRateBpm><SensorState>Present</SensorState></Trackpoint><Trackpoint><Time>2025-12-05T09:36:38.000Z</Time><HeartRateBpm><Value>137</Value></HeartRateBpm><SensorState>Present</SensorState></Trackpoint><Trackpoint><Time>2025-12-05T09:36:39.000Z</Time><HeartRateBpm><Value>134</Value></HeartRateBpm><SensorState>Present</SensorState></Trackpoint><Trackpoint><Time>2025-12-05T09:36:40.000Z</Time><HeartRateBpm><Value>132</Value></HeartRateBpm><SensorState>Present</SensorState></Trackpoint><Trackpoint><Time>2025-12-05T09:36:41.000Z</Time><HeartRateBpm><Value>129</Value></HeartRateBpm><SensorState>Present</SensorState></Trackpoint><Trackpoint><Time>2025-12-05T09:36:42.000Z</Time><HeartRateBpm><Value>127</Value></HeartRateBpm><SensorState>Present</SensorState></Trackpoint><Trackpoint><Time>2025-12-05T09:36:43.000Z</Time><HeartRateBpm><Value>127</Value></HeartRateBpm><SensorState>Present</SensorState></Trackpoint><Trackpoint><Time>2025-12-05T09:36:44.000Z</Time><HeartRateBpm><Value>128</Value></HeartRateBpm><SensorState>Present</SensorState></Trackpoint><Trackpoint><Time>2025-12-05T09:36:45.000Z</Time><HeartRateBpm><Value>130</Value></HeartRateBpm><SensorState>Present</SensorState></Trackpoint><Trackpoint><Time>2025-12-05T09:36:46.000Z</Time><HeartRateBpm><Value>131</Value></HeartRateBpm><SensorState>Present</SensorState></Trackpoint><Trackpoint><Time>2025-12-05T09:36:47.000Z</Time><HeartRateBpm><Value>131</Value></HeartRateBpm><SensorState>Present</SensorState></Trackpoint><Trackpoint><Time>2025-12-05T09:36:48.000Z</Time><HeartRateBpm><Value>131</Value></HeartRateBpm><SensorState>Present</SensorState></Trackpoint><Trackpoint><Time>2025-12-05T09:36:49.000Z</Time><HeartRateBpm><Value>131</Value></HeartRateBpm><SensorState>Present</SensorState></Trackpoint><Trackpoint><Time>2025-12-05T09:36:50.000Z</Time><HeartRateBpm><Value>131</Value></HeartRateBpm><SensorState>Present</SensorState></Trackpoint><Trackpoint><Time>2025-12-05T09:36:51.000Z</Time><HeartRateBpm><Value>130</Value></HeartRateBpm><SensorState>Present</SensorState></Trackpoint><Trackpoint><Time>2025-12-05T09:36:52.000Z</Time><HeartRateBpm><Value>130</Value></HeartRateBpm><SensorState>Present</SensorState></Trackpoint><Trackpoint><Time>2025-12-05T09:36:53.000Z</Time><HeartRateBpm><Value>131</Value></HeartRateBpm><SensorState>Present</SensorState></Trackpoint><Trackpoint><Time>2025-12-05T09:36:54.000Z</Time><HeartRateBpm><Value>132</Value></HeartRateBpm><SensorState>Present</SensorState></Trackpoint><Trackpoint><Time>2025-12-05T09:36:55.000Z</Time><HeartRateBpm><Value>132</Value></HeartRateBpm><SensorState>Present</SensorState></Trackpoint><Trackpoint><Time>2025-12-05T09:36:56.000Z</Time><HeartRateBpm><Value>131</Value></HeartRateBpm><SensorState>Present</SensorState></Trackpoint><Trackpoint><Time>2025-12-05T09:36:57.000Z</Time><HeartRateBpm><Value>131</Value></HeartRateBpm><SensorState>Present</SensorState></Trackpoint><Trackpoint><Time>2025-12-05T09:36:58.000Z</Time><HeartRateBpm><Value>130</Value></HeartRateBpm><SensorState>Present</SensorState></Trackpoint><Trackpoint><Time>2025-12-05T09:36:59.000Z</Time><HeartRateBpm><Value>131</Value></HeartRateBpm><SensorState>Present</SensorState></Trackpoint><Trackpoint><Time>2025-12-05T09:37:00.000Z</Time><HeartRateBpm><Value>129</Value></HeartRateBpm><SensorState>Present</SensorState></Trackpoint><Trackpoint><Time>2025-12-05T09:37:01.000Z</Time><HeartRateBpm><Value>127</Value></HeartRateBpm><SensorState>Present</SensorState></Trackpoint><Trackpoint><Time>2025-12-05T09:37:02.000Z</Time><HeartRateBpm><Value>127</Value></HeartRateBpm><SensorState>Present</SensorState></Trackpoint><Trackpoint><Time>2025-12-05T09:37:03.000Z</Time><HeartRateBpm><Value>129</Value></HeartRateBpm><SensorState>Present</SensorState></Trackpoint><Trackpoint><Time>2025-12-05T09:37:04.000Z</Time><HeartRateBpm><Value>131</Value></HeartRateBpm><SensorState>Present</SensorState></Trackpoint><Trackpoint><Time>2025-12-05T09:37:05.000Z</Time><HeartRateBpm><Value>134</Value></HeartRateBpm><SensorState>Present</SensorState></Trackpoint><Trackpoint><Time>2025-12-05T09:37:06.000Z</Time><HeartRateBpm><Value>136</Value></HeartRateBpm><SensorState>Present</SensorState></Trackpoint><Trackpoint><Time>2025-12-05T09:37:07.000Z</Time><HeartRateBpm><Value>140</Value></HeartRateBpm><SensorState>Present</SensorState></Trackpoint><Trackpoint><Time>2025-12-05T09:37:08.000Z</Time><HeartRateBpm><Value>142</Value></HeartRateBpm><SensorState>Present</SensorState></Trackpoint><Trackpoint><Time>2025-12-05T09:37:09.000Z</Time><HeartRateBpm><Value>144</Value></HeartRateBpm><SensorState>Present</SensorState></Trackpoint><Trackpoint><Time>2025-12-05T09:37:10.000Z</Time><HeartRateBpm><Value>146</Value></HeartRateBpm><SensorState>Present</SensorState></Trackpoint><Trackpoint><Time>2025-12-05T09:37:11.000Z</Time><HeartRateBpm><Value>148</Value></HeartRateBpm><SensorState>Present</SensorState></Trackpoint><Trackpoint><Time>2025-12-05T09:37:12.000Z</Time><HeartRateBpm><Value>150</Value></HeartRateBpm><SensorState>Present</SensorState></Trackpoint><Trackpoint><Time>2025-12-05T09:37:13.000Z</Time><HeartRateBpm><Value>152</Value></HeartRateBpm><SensorState>Present</SensorState></Trackpoint><Trackpoint><Time>2025-12-05T09:37:14.000Z</Time><HeartRateBpm><Value>154</Value></HeartRateBpm><SensorState>Present</SensorState></Trackpoint><Trackpoint><Time>2025-12-05T09:37:15.000Z</Time><HeartRateBpm><Value>155</Value></HeartRateBpm><SensorState>Present</SensorState></Trackpoint><Trackpoint><Time>2025-12-05T09:37:16.000Z</Time><HeartRateBpm><Value>156</Value></HeartRateBpm><SensorState>Present</SensorState></Trackpoint><Trackpoint><Time>2025-12-05T09:37:17.000Z</Time><HeartRateBpm><Value>157</Value></HeartRateBpm><SensorState>Present</SensorState></Trackpoint><Trackpoint><Time>2025-12-05T09:37:18.000Z</Time><HeartRateBpm><Value>159</Value></HeartRateBpm><SensorState>Present</SensorState></Trackpoint><Trackpoint><Time>2025-12-05T09:37:19.000Z</Time><HeartRateBpm><Value>160</Value></HeartRateBpm><SensorState>Present</SensorState></Trackpoint><Trackpoint><Time>2025-12-05T09:37:20.000Z</Time><HeartRateBpm><Value>160</Value></HeartRateBpm><SensorState>Present</SensorState></Trackpoint><Trackpoint><Time>2025-12-05T09:37:21.000Z</Time><HeartRateBpm><Value>160</Value></HeartRateBpm><SensorState>Present</SensorState></Trackpoint><Trackpoint><Time>2025-12-05T09:37:22.000Z</Time><HeartRateBpm><Value>160</Value></HeartRateBpm><SensorState>Present</SensorState></Trackpoint><Trackpoint><Time>2025-12-05T09:37:23.000Z</Time><HeartRateBpm><Value>160</Value></HeartRateBpm><SensorState>Present</SensorState></Trackpoint><Trackpoint><Time>2025-12-05T09:37:24.000Z</Time><HeartRateBpm><Value>160</Value></HeartRateBpm><SensorState>Present</SensorState></Trackpoint><Trackpoint><Time>2025-12-05T09:37:25.000Z</Time><HeartRateBpm><Value>159</Value></HeartRateBpm><SensorState>Present</SensorState></Trackpoint><Trackpoint><Time>2025-12-05T09:37:26.000Z</Time><HeartRateBpm><Value>159</Value></HeartRateBpm><SensorState>Present</SensorState></Trackpoint><Trackpoint><Time>2025-12-05T09:37:27.000Z</Time><HeartRateBpm><Value>158</Value></HeartRateBpm><SensorState>Present</SensorState></Trackpoint><Trackpoint><Time>2025-12-05T09:37:28.000Z</Time><HeartRateBpm><Value>157</Value></HeartRateBpm><SensorState>Present</SensorState></Trackpoint><Trackpoint><Time>2025-12-05T09:37:29.000Z</Time><HeartRateBpm><Value>158</Value></HeartRateBpm><SensorState>Present</SensorState></Trackpoint><Trackpoint><Time>2025-12-05T09:37:30.000Z</Time><HeartRateBpm><Value>157</Value></HeartRateBpm><SensorState>Present</SensorState></Trackpoint><Trackpoint><Time>2025-12-05T09:37:31.000Z</Time><HeartRateBpm><Value>157</Value></HeartRateBpm><SensorState>Present</SensorState></Trackpoint><Trackpoint><Time>2025-12-05T09:37:32.000Z</Time><HeartRateBpm><Value>156</Value></HeartRateBpm><SensorState>Present</SensorState></Trackpoint><Trackpoint><Time>2025-12-05T09:37:33.000Z</Time><HeartRateBpm><Value>155</Value></HeartRateBpm><SensorState>Present</SensorState></Trackpoint><Trackpoint><Time>2025-12-05T09:37:34.000Z</Time><HeartRateBpm><Value>154</Value></HeartRateBpm><SensorState>Present</SensorState></Trackpoint><Trackpoint><Time>2025-12-05T09:37:35.000Z</Time><HeartRateBpm><Value>154</Value></HeartRateBpm><SensorState>Present</SensorState></Trackpoint><Trackpoint><Time>2025-12-05T09:37:36.000Z</Time><HeartRateBpm><Value>153</Value></HeartRateBpm><SensorState>Present</SensorState></Trackpoint><Trackpoint><Time>2025-12-05T09:37:37.000Z</Time><HeartRateBpm><Value>152</Value></HeartRateBpm><SensorState>Present</SensorState></Trackpoint><Trackpoint><Time>2025-12-05T09:37:38.000Z</Time><HeartRateBpm><Value>151</Value></HeartRateBpm><SensorState>Present</SensorState></Trackpoint><Trackpoint><Time>2025-12-05T09:37:39.000Z</Time><HeartRateBpm><Value>151</Value></HeartRateBpm><SensorState>Present</SensorState></Trackpoint><Trackpoint><Time>2025-12-05T09:37:40.000Z</Time><HeartRateBpm><Value>151</Value></HeartRateBpm><SensorState>Present</SensorState></Trackpoint><Trackpoint><Time>2025-12-05T09:37:41.000Z</Time><HeartRateBpm><Value>150</Value></HeartRateBpm><SensorState>Present</SensorState></Trackpoint><Trackpoint><Time>2025-12-05T09:37:42.000Z</Time><HeartRateBpm><Value>150</Value></HeartRateBpm><SensorState>Present</SensorState></Trackpoint><Trackpoint><Time>2025-12-05T09:37:43.000Z</Time><HeartRateBpm><Value>150</Value></HeartRateBpm><SensorState>Present</SensorState></Trackpoint><Trackpoint><Time>2025-12-05T09:37:44.000Z</Time><HeartRateBpm><Value>149</Value></HeartRateBpm><SensorState>Present</SensorState></Trackpoint><Trackpoint><Time>2025-12-05T09:37:45.000Z</Time><HeartRateBpm><Value>149</Value></HeartRateBpm><SensorState>Present</SensorState></Trackpoint><Trackpoint><Time>2025-12-05T09:37:46.000Z</Time><HeartRateBpm><Value>148</Value></HeartRateBpm><SensorState>Present</SensorState></Trackpoint><Trackpoint><Time>2025-12-05T09:37:47.000Z</Time><HeartRateBpm><Value>147</Value></HeartRateBpm><SensorState>Present</SensorState></Trackpoint><Trackpoint><Time>2025-12-05T09:37:48.000Z</Time><HeartRateBpm><Value>146</Value></HeartRateBpm><SensorState>Present</SensorState></Trackpoint><Trackpoint><Time>2025-12-05T09:37:49.000Z</Time><HeartRateBpm><Value>145</Value></HeartRateBpm><SensorState>Present</SensorState></Trackpoint><Trackpoint><Time>2025-12-05T09:37:50.000Z</Time><HeartRateBpm><Value>143</Value></HeartRateBpm><SensorState>Present</SensorState></Trackpoint><Trackpoint><Time>2025-12-05T09:37:51.000Z</Time><HeartRateBpm><Value>140</Value></HeartRateBpm><SensorState>Present</SensorState></Trackpoint><Trackpoint><Time>2025-12-05T09:37:52.000Z</Time><HeartRateBpm><Value>136</Value></HeartRateBpm><SensorState>Present</SensorState></Trackpoint><Trackpoint><Time>2025-12-05T09:37:53.000Z</Time><HeartRateBpm><Value>133</Value></HeartRateBpm><SensorState>Present</SensorState></Trackpoint><Trackpoint><Time>2025-12-05T09:37:54.000Z</Time><HeartRateBpm><Value>132</Value></HeartRateBpm><SensorState>Present</SensorState></Trackpoint><Trackpoint><Time>2025-12-05T09:37:55.000Z</Time><HeartRateBpm><Value>133</Value></HeartRateBpm><SensorState>Present</SensorState></Trackpoint><Trackpoint><Time>2025-12-05T09:37:56.000Z</Time><HeartRateBpm><Value>134</Value></HeartRateBpm><SensorState>Present</SensorState></Trackpoint><Trackpoint><Time>2025-12-05T09:37:57.000Z</Time><HeartRateBpm><Value>136</Value></HeartRateBpm><SensorState>Present</SensorState></Trackpoint><Trackpoint><Time>2025-12-05T09:37:58.000Z</Time><HeartRateBpm><Value>138</Value></HeartRateBpm><SensorState>Present</SensorState></Trackpoint><Trackpoint><Time>2025-12-05T09:37:59.000Z</Time><HeartRateBpm><Value>139</Value></HeartRateBpm><SensorState>Present</SensorState></Trackpoint><Trackpoint><Time>2025-12-05T09:38:00.000Z</Time><HeartRateBpm><Value>140</Value></HeartRateBpm><SensorState>Present</SensorState></Trackpoint><Trackpoint><Time>2025-12-05T09:38:01.000Z</Time><HeartRateBpm><Value>141</Value></HeartRateBpm><SensorState>Present</SensorState></Trackpoint><Trackpoint><Time>2025-12-05T09:38:02.000Z</Time><HeartRateBpm><Value>142</Value></HeartRateBpm><SensorState>Present</SensorState></Trackpoint><Trackpoint><Time>2025-12-05T09:38:03.000Z</Time><HeartRateBpm><Value>142</Value></HeartRateBpm><SensorState>Present</SensorState></Trackpoint><Trackpoint><Time>2025-12-05T09:38:04.000Z</Time><HeartRateBpm><Value>142</Value></HeartRateBpm><SensorState>Present</SensorState></Trackpoint><Trackpoint><Time>2025-12-05T09:38:05.000Z</Time><HeartRateBpm><Value>141</Value></HeartRateBpm><SensorState>Present</SensorState></Trackpoint><Trackpoint><Time>2025-12-05T09:38:06.000Z</Time><HeartRateBpm><Value>140</Value></HeartRateBpm><SensorState>Present</SensorState></Trackpoint><Trackpoint><Time>2025-12-05T09:38:07.000Z</Time><HeartRateBpm><Value>138</Value></HeartRateBpm><SensorState>Present</SensorState></Trackpoint><Trackpoint><Time>2025-12-05T09:38:08.000Z</Time><HeartRateBpm><Value>137</Value></HeartRateBpm><SensorState>Present</SensorState></Trackpoint><Trackpoint><Time>2025-12-05T09:38:09.000Z</Time><HeartRateBpm><Value>136</Value></HeartRateBpm><SensorState>Present</SensorState></Trackpoint><Trackpoint><Time>2025-12-05T09:38:10.000Z</Time><HeartRateBpm><Value>136</Value></HeartRateBpm><SensorState>Present</SensorState></Trackpoint><Trackpoint><Time>2025-12-05T09:38:11.000Z</Time><HeartRateBpm><Value>137</Value></HeartRateBpm><SensorState>Present</SensorState></Trackpoint><Trackpoint><Time>2025-12-05T09:38:12.000Z</Time><HeartRateBpm><Value>136</Value></HeartRateBpm><SensorState>Present</SensorState></Trackpoint><Trackpoint><Time>2025-12-05T09:38:13.000Z</Time><HeartRateBpm><Value>135</Value></HeartRateBpm><SensorState>Present</SensorState></Trackpoint><Trackpoint><Time>2025-12-05T09:38:14.000Z</Time><HeartRateBpm><Value>134</Value></HeartRateBpm><SensorState>Present</SensorState></Trackpoint><Trackpoint><Time>2025-12-05T09:38:15.000Z</Time><HeartRateBpm><Value>134</Value></HeartRateBpm><SensorState>Present</SensorState></Trackpoint><Trackpoint><Time>2025-12-05T09:38:16.000Z</Time><HeartRateBpm><Value>134</Value></HeartRateBpm><SensorState>Present</SensorState></Trackpoint><Trackpoint><Time>2025-12-05T09:38:17.000Z</Time><HeartRateBpm><Value>133</Value></HeartRateBpm><SensorState>Present</SensorState></Trackpoint><Trackpoint><Time>2025-12-05T09:38:18.000Z</Time><HeartRateBpm><Value>132</Value></HeartRateBpm><SensorState>Present</SensorState></Trackpoint><Trackpoint><Time>2025-12-05T09:38:19.000Z</Time><HeartRateBpm><Value>131</Value></HeartRateBpm><SensorState>Present</SensorState></Trackpoint><Trackpoint><Time>2025-12-05T09:38:20.000Z</Time><HeartRateBpm><Value>131</Value></HeartRateBpm><SensorState>Present</SensorState></Trackpoint><Trackpoint><Time>2025-12-05T09:38:21.000Z</Time><HeartRateBpm><Value>131</Value></HeartRateBpm><SensorState>Present</SensorState></Trackpoint><Trackpoint><Time>2025-12-05T09:38:22.000Z</Time><HeartRateBpm><Value>132</Value></HeartRateBpm><SensorState>Present</SensorState></Trackpoint><Trackpoint><Time>2025-12-05T09:38:23.000Z</Time><HeartRateBpm><Value>134</Value></HeartRateBpm><SensorState>Present</SensorState></Trackpoint><Trackpoint><Time>2025-12-05T09:38:24.000Z</Time><HeartRateBpm><Value>136</Value></HeartRateBpm><SensorState>Present</SensorState></Trackpoint><Trackpoint><Time>2025-12-05T09:38:25.000Z</Time><HeartRateBpm><Value>138</Value></HeartRateBpm><SensorState>Present</SensorState></Trackpoint><Trackpoint><Time>2025-12-05T09:38:26.000Z</Time><HeartRateBpm><Value>138</Value></HeartRateBpm><SensorState>Present</SensorState></Trackpoint><Trackpoint><Time>2025-12-05T09:38:27.000Z</Time><HeartRateBpm><Value>136</Value></HeartRateBpm><SensorState>Present</SensorState></Trackpoint><Trackpoint><Time>2025-12-05T09:38:28.000Z</Time><HeartRateBpm><Value>133</Value></HeartRateBpm><SensorState>Present</SensorState></Trackpoint><Trackpoint><Time>2025-12-05T09:38:29.000Z</Time><HeartRateBpm><Value>127</Value></HeartRateBpm><SensorState>Present</SensorState></Trackpoint><Trackpoint><Time>2025-12-05T09:38:30.000Z</Time><HeartRateBpm><Value>125</Value></HeartRateBpm><SensorState>Present</SensorState></Trackpoint><Trackpoint><Time>2025-12-05T09:38:31.000Z</Time><HeartRateBpm><Value>126</Value></HeartRateBpm><SensorState>Present</SensorState></Trackpoint><Trackpoint><Time>2025-12-05T09:38:32.000Z</Time><HeartRateBpm><Value>129</Value></HeartRateBpm><SensorState>Present</SensorState></Trackpoint><Trackpoint><Time>2025-12-05T09:38:33.000Z</Time><HeartRateBpm><Value>135</Value></HeartRateBpm><SensorState>Present</SensorState></Trackpoint><Trackpoint><Time>2025-12-05T09:38:34.000Z</Time><HeartRateBpm><Value>138</Value></HeartRateBpm><SensorState>Present</SensorState></Trackpoint><Trackpoint><Time>2025-12-05T09:38:35.000Z</Time><HeartRateBpm><Value>142</Value></HeartRateBpm><SensorState>Present</SensorState></Trackpoint><Trackpoint><Time>2025-12-05T09:38:36.000Z</Time><HeartRateBpm><Value>144</Value></HeartRateBpm><SensorState>Present</SensorState></Trackpoint><Trackpoint><Time>2025-12-05T09:38:37.000Z</Time><HeartRateBpm><Value>147</Value></HeartRateBpm><SensorState>Present</SensorState></Trackpoint><Trackpoint><Time>2025-12-05T09:38:38.000Z</Time><HeartRateBpm><Value>148</Value></HeartRateBpm><SensorState>Present</SensorState></Trackpoint><Trackpoint><Time>2025-12-05T09:38:39.000Z</Time><HeartRateBpm><Value>151</Value></HeartRateBpm><SensorState>Present</SensorState></Trackpoint><Trackpoint><Time>2025-12-05T09:38:40.000Z</Time><HeartRateBpm><Value>153</Value></HeartRateBpm><SensorState>Present</SensorState></Trackpoint><Trackpoint><Time>2025-12-05T09:38:41.000Z</Time><HeartRateBpm><Value>154</Value></HeartRateBpm><SensorState>Present</SensorState></Trackpoint><Trackpoint><Time>2025-12-05T09:38:42.000Z</Time><HeartRateBpm><Value>156</Value></HeartRateBpm><SensorState>Present</SensorState></Trackpoint><Trackpoint><Time>2025-12-05T09:38:43.000Z</Time><HeartRateBpm><Value>157</Value></HeartRateBpm><SensorState>Present</SensorState></Trackpoint><Trackpoint><Time>2025-12-05T09:38:44.000Z</Time><HeartRateBpm><Value>158</Value></HeartRateBpm><SensorState>Present</SensorState></Trackpoint><Trackpoint><Time>2025-12-05T09:38:45.000Z</Time><HeartRateBpm><Value>159</Value></HeartRateBpm><SensorState>Present</SensorState></Trackpoint><Trackpoint><Time>2025-12-05T09:38:46.000Z</Time><HeartRateBpm><Value>160</Value></HeartRateBpm><SensorState>Present</SensorState></Trackpoint><Trackpoint><Time>2025-12-05T09:38:47.000Z</Time><HeartRateBpm><Value>161</Value></HeartRateBpm><SensorState>Present</SensorState></Trackpoint><Trackpoint><Time>2025-12-05T09:38:48.000Z</Time><HeartRateBpm><Value>162</Value></HeartRateBpm><SensorState>Present</SensorState></Trackpoint><Trackpoint><Time>2025-12-05T09:38:49.000Z</Time><HeartRateBpm><Value>162</Value></HeartRateBpm><SensorState>Present</SensorState></Trackpoint><Trackpoint><Time>2025-12-05T09:38:50.000Z</Time><HeartRateBpm><Value>162</Value></HeartRateBpm><SensorState>Present</SensorState></Trackpoint><Trackpoint><Time>2025-12-05T09:38:51.000Z</Time><HeartRateBpm><Value>162</Value></HeartRateBpm><SensorState>Present</SensorState></Trackpoint><Trackpoint><Time>2025-12-05T09:38:52.000Z</Time><HeartRateBpm><Value>162</Value></HeartRateBpm><SensorState>Present</SensorState></Trackpoint><Trackpoint><Time>2025-12-05T09:38:53.000Z</Time><HeartRateBpm><Value>161</Value></HeartRateBpm><SensorState>Present</SensorState></Trackpoint><Trackpoint><Time>2025-12-05T09:38:54.000Z</Time><HeartRateBpm><Value>160</Value></HeartRateBpm><SensorState>Present</SensorState></Trackpoint><Trackpoint><Time>2025-12-05T09:38:55.000Z</Time><HeartRateBpm><Value>157</Value></HeartRateBpm><SensorState>Present</SensorState></Trackpoint><Trackpoint><Time>2025-12-05T09:38:56.000Z</Time><HeartRateBpm><Value>155</Value></HeartRateBpm><SensorState>Present</SensorState></Trackpoint><Trackpoint><Time>2025-12-05T09:38:57.000Z</Time><HeartRateBpm><Value>153</Value></HeartRateBpm><SensorState>Present</SensorState></Trackpoint><Trackpoint><Time>2025-12-05T09:38:58.000Z</Time><HeartRateBpm><Value>152</Value></HeartRateBpm><SensorState>Present</SensorState></Trackpoint><Trackpoint><Time>2025-12-05T09:38:59.000Z</Time><HeartRateBpm><Value>151</Value></HeartRateBpm><SensorState>Present</SensorState></Trackpoint><Trackpoint><Time>2025-12-05T09:39:00.000Z</Time><HeartRateBpm><Value>151</Value></HeartRateBpm><SensorState>Present</SensorState></Trackpoint><Trackpoint><Time>2025-12-05T09:39:01.000Z</Time><HeartRateBpm><Value>150</Value></HeartRateBpm><SensorState>Present</SensorState></Trackpoint><Trackpoint><Time>2025-12-05T09:39:02.000Z</Time><HeartRateBpm><Value>150</Value></HeartRateBpm><SensorState>Present</SensorState></Trackpoint><Trackpoint><Time>2025-12-05T09:39:03.000Z</Time><HeartRateBpm><Value>150</Value></HeartRateBpm><SensorState>Present</SensorState></Trackpoint><Trackpoint><Time>2025-12-05T09:39:04.000Z</Time><HeartRateBpm><Value>150</Value></HeartRateBpm><SensorState>Present</SensorState></Trackpoint><Trackpoint><Time>2025-12-05T09:39:05.000Z</Time><HeartRateBpm><Value>151</Value></HeartRateBpm><SensorState>Present</SensorState></Trackpoint><Trackpoint><Time>2025-12-05T09:39:06.000Z</Time><HeartRateBpm><Value>151</Value></HeartRateBpm><SensorState>Present</SensorState></Trackpoint><Trackpoint><Time>2025-12-05T09:39:07.000Z</Time><HeartRateBpm><Value>151</Value></HeartRateBpm><SensorState>Present</SensorState></Trackpoint><Trackpoint><Time>2025-12-05T09:39:08.000Z</Time><HeartRateBpm><Value>151</Value></HeartRateBpm><SensorState>Present</SensorState></Trackpoint><Trackpoint><Time>2025-12-05T09:39:09.000Z</Time><HeartRateBpm><Value>150</Value></HeartRateBpm><SensorState>Present</SensorState></Trackpoint><Trackpoint><Time>2025-12-05T09:39:10.000Z</Time><HeartRateBpm><Value>150</Value></HeartRateBpm><SensorState>Present</SensorState></Trackpoint><Trackpoint><Time>2025-12-05T09:39:11.000Z</Time><HeartRateBpm><Value>150</Value></HeartRateBpm><SensorState>Present</SensorState></Trackpoint><Trackpoint><Time>2025-12-05T09:39:12.000Z</Time><HeartRateBpm><Value>150</Value></HeartRateBpm><SensorState>Present</SensorState></Trackpoint><Trackpoint><Time>2025-12-05T09:39:13.000Z</Time><HeartRateBpm><Value>149</Value></HeartRateBpm><SensorState>Present</SensorState></Trackpoint><Trackpoint><Time>2025-12-05T09:39:14.000Z</Time><HeartRateBpm><Value>149</Value></HeartRateBpm><SensorState>Present</SensorState></Trackpoint><Trackpoint><Time>2025-12-05T09:39:15.000Z</Time><HeartRateBpm><Value>149</Value></HeartRateBpm><SensorState>Present</SensorState></Trackpoint><Trackpoint><Time>2025-12-05T09:39:16.000Z</Time><HeartRateBpm><Value>149</Value></HeartRateBpm><SensorState>Present</SensorState></Trackpoint><Trackpoint><Time>2025-12-05T09:39:17.000Z</Time><HeartRateBpm><Value>149</Value></HeartRateBpm><SensorState>Present</SensorState></Trackpoint><Trackpoint><Time>2025-12-05T09:39:18.000Z</Time><HeartRateBpm><Value>149</Value></HeartRateBpm><SensorState>Present</SensorState></Trackpoint><Trackpoint><Time>2025-12-05T09:39:19.000Z</Time><HeartRateBpm><Value>148</Value></HeartRateBpm><SensorState>Present</SensorState></Trackpoint><Trackpoint><Time>2025-12-05T09:39:20.000Z</Time><HeartRateBpm><Value>148</Value></HeartRateBpm><SensorState>Present</SensorState></Trackpoint><Trackpoint><Time>2025-12-05T09:39:21.000Z</Time><HeartRateBpm><Value>148</Value></HeartRateBpm><SensorState>Present</SensorState></Trackpoint><Trackpoint><Time>2025-12-05T09:39:22.000Z</Time><HeartRateBpm><Value>148</Value></HeartRateBpm><SensorState>Present</SensorState></Trackpoint><Trackpoint><Time>2025-12-05T09:39:23.000Z</Time><HeartRateBpm><Value>149</Value></HeartRateBpm><SensorState>Present</SensorState></Trackpoint><Trackpoint><Time>2025-12-05T09:39:24.000Z</Time><HeartRateBpm><Value>149</Value></HeartRateBpm><SensorState>Present</SensorState></Trackpoint><Trackpoint><Time>2025-12-05T09:39:25.000Z</Time><HeartRateBpm><Value>149</Value></HeartRateBpm><SensorState>Present</SensorState></Trackpoint><Trackpoint><Time>2025-12-05T09:39:26.000Z</Time><HeartRateBpm><Value>148</Value></HeartRateBpm><SensorState>Present</SensorState></Trackpoint><Trackpoint><Time>2025-12-05T09:39:27.000Z</Time><HeartRateBpm><Value>147</Value></HeartRateBpm><SensorState>Present</SensorState></Trackpoint><Trackpoint><Time>2025-12-05T09:39:28.000Z</Time><HeartRateBpm><Value>147</Value></HeartRateBpm><SensorState>Present</SensorState></Trackpoint><Trackpoint><Time>2025-12-05T09:39:29.000Z</Time><HeartRateBpm><Value>146</Value></HeartRateBpm><SensorState>Present</SensorState></Trackpoint><Trackpoint><Time>2025-12-05T09:39:30.000Z</Time><HeartRateBpm><Value>146</Value></HeartRateBpm><SensorState>Present</SensorState></Trackpoint><Trackpoint><Time>2025-12-05T09:39:31.000Z</Time><HeartRateBpm><Value>145</Value></HeartRateBpm><SensorState>Present</SensorState></Trackpoint><Trackpoint><Time>2025-12-05T09:39:32.000Z</Time><HeartRateBpm><Value>145</Value></HeartRateBpm><SensorState>Present</SensorState></Trackpoint><Trackpoint><Time>2025-12-05T09:39:33.000Z</Time><HeartRateBpm><Value>144</Value></HeartRateBpm><SensorState>Present</SensorState></Trackpoint><Trackpoint><Time>2025-12-05T09:39:34.000Z</Time><HeartRateBpm><Value>143</Value></HeartRateBpm><SensorState>Present</SensorState></Trackpoint><Trackpoint><Time>2025-12-05T09:39:35.000Z</Time><HeartRateBpm><Value>141</Value></HeartRateBpm><SensorState>Present</SensorState></Trackpoint><Trackpoint><Time>2025-12-05T09:39:36.000Z</Time><HeartRateBpm><Value>140</Value></HeartRateBpm><SensorState>Present</SensorState></Trackpoint><Trackpoint><Time>2025-12-05T09:39:37.000Z</Time><HeartRateBpm><Value>138</Value></HeartRateBpm><SensorState>Present</SensorState></Trackpoint><Trackpoint><Time>2025-12-05T09:39:38.000Z</Time><HeartRateBpm><Value>137</Value></HeartRateBpm><SensorState>Present</SensorState></Trackpoint><Trackpoint><Time>2025-12-05T09:39:39.000Z</Time><HeartRateBpm><Value>135</Value></HeartRateBpm><SensorState>Present</SensorState></Trackpoint><Trackpoint><Time>2025-12-05T09:39:40.000Z</Time><HeartRateBpm><Value>135</Value></HeartRateBpm><SensorState>Present</SensorState></Trackpoint><Trackpoint><Time>2025-12-05T09:39:41.000Z</Time><HeartRateBpm><Value>135</Value></HeartRateBpm><SensorState>Present</SensorState></Trackpoint><Trackpoint><Time>2025-12-05T09:39:42.000Z</Time><HeartRateBpm><Value>134</Value></HeartRateBpm><SensorState>Present</SensorState></Trackpoint><Trackpoint><Time>2025-12-05T09:39:43.000Z</Time><HeartRateBpm><Value>133</Value></HeartRateBpm><SensorState>Present</SensorState></Trackpoint><Trackpoint><Time>2025-12-05T09:39:44.000Z</Time><HeartRateBpm><Value>132</Value></HeartRateBpm><SensorState>Present</SensorState></Trackpoint><Trackpoint><Time>2025-12-05T09:39:45.000Z</Time><HeartRateBpm><Value>131</Value></HeartRateBpm><SensorState>Present</SensorState></Trackpoint><Trackpoint><Time>2025-12-05T09:39:46.000Z</Time><HeartRateBpm><Value>130</Value></HeartRateBpm><SensorState>Present</SensorState></Trackpoint><Trackpoint><Time>2025-12-05T09:39:47.000Z</Time><HeartRateBpm><Value>129</Value></HeartRateBpm><SensorState>Present</SensorState></Trackpoint><Trackpoint><Time>2025-12-05T09:39:48.000Z</Time><HeartRateBpm><Value>131</Value></HeartRateBpm><SensorState>Present</SensorState></Trackpoint><Trackpoint><Time>2025-12-05T09:39:49.000Z</Time><HeartRateBpm><Value>132</Value></HeartRateBpm><SensorState>Present</SensorState></Trackpoint><Trackpoint><Time>2025-12-05T09:39:50.000Z</Time><HeartRateBpm><Value>132</Value></HeartRateBpm><SensorState>Present</SensorState></Trackpoint><Trackpoint><Time>2025-12-05T09:39:51.000Z</Time><HeartRateBpm><Value>131</Value></HeartRateBpm><SensorState>Present</SensorState></Trackpoint><Trackpoint><Time>2025-12-05T09:39:52.000Z</Time><HeartRateBpm><Value>131</Value></HeartRateBpm><SensorState>Present</SensorState></Trackpoint><Trackpoint><Time>2025-12-05T09:39:53.000Z</Time><HeartRateBpm><Value>132</Value></HeartRateBpm><SensorState>Present</SensorState></Trackpoint><Trackpoint><Time>2025-12-05T09:39:54.000Z</Time><HeartRateBpm><Value>132</Value></HeartRateBpm><SensorState>Present</SensorState></Trackpoint><Trackpoint><Time>2025-12-05T09:39:55.000Z</Time><HeartRateBpm><Value>133</Value></HeartRateBpm><SensorState>Present</SensorState></Trackpoint><Trackpoint><Time>2025-12-05T09:39:56.000Z</Time><HeartRateBpm><Value>133</Value></HeartRateBpm><SensorState>Present</SensorState></Trackpoint><Trackpoint><Time>2025-12-05T09:39:57.000Z</Time><HeartRateBpm><Value>134</Value></HeartRateBpm><SensorState>Present</SensorState></Trackpoint><Trackpoint><Time>2025-12-05T09:39:58.000Z</Time><HeartRateBpm><Value>135</Value></HeartRateBpm><SensorState>Present</SensorState></Trackpoint><Trackpoint><Time>2025-12-05T09:39:59.000Z</Time><HeartRateBpm><Value>136</Value></HeartRateBpm><SensorState>Present</SensorState></Trackpoint><Trackpoint><Time>2025-12-05T09:40:00.000Z</Time><HeartRateBpm><Value>137</Value></HeartRateBpm><SensorState>Present</SensorState></Trackpoint><Trackpoint><Time>2025-12-05T09:40:01.000Z</Time><HeartRateBpm><Value>138</Value></HeartRateBpm><SensorState>Present</SensorState></Trackpoint><Trackpoint><Time>2025-12-05T09:40:02.000Z</Time><HeartRateBpm><Value>136</Value></HeartRateBpm><SensorState>Present</SensorState></Trackpoint><Trackpoint><Time>2025-12-05T09:40:03.000Z</Time><HeartRateBpm><Value>133</Value></HeartRateBpm><SensorState>Present</SensorState></Trackpoint><Trackpoint><Time>2025-12-05T09:40:04.000Z</Time><HeartRateBpm><Value>130</Value></HeartRateBpm><SensorState>Present</SensorState></Trackpoint><Trackpoint><Time>2025-12-05T09:40:05.000Z</Time><HeartRateBpm><Value>129</Value></HeartRateBpm><SensorState>Present</SensorState></Trackpoint><Trackpoint><Time>2025-12-05T09:40:06.000Z</Time><HeartRateBpm><Value>131</Value></HeartRateBpm><SensorState>Present</SensorState></Trackpoint><Trackpoint><Time>2025-12-05T09:40:07.000Z</Time><HeartRateBpm><Value>134</Value></HeartRateBpm><SensorState>Present</SensorState></Trackpoint><Trackpoint><Time>2025-12-05T09:40:08.000Z</Time><HeartRateBpm><Value>137</Value></HeartRateBpm><SensorState>Present</SensorState></Trackpoint><Trackpoint><Time>2025-12-05T09:40:09.000Z</Time><HeartRateBpm><Value>140</Value></HeartRateBpm><SensorState>Present</SensorState></Trackpoint><Trackpoint><Time>2025-12-05T09:40:10.000Z</Time><HeartRateBpm><Value>145</Value></HeartRateBpm><SensorState>Present</SensorState></Trackpoint><Trackpoint><Time>2025-12-05T09:40:11.000Z</Time><HeartRateBpm><Value>147</Value></HeartRateBpm><SensorState>Present</SensorState></Trackpoint><Trackpoint><Time>2025-12-05T09:40:12.000Z</Time><HeartRateBpm><Value>150</Value></HeartRateBpm><SensorState>Present</SensorState></Trackpoint><Trackpoint><Time>2025-12-05T09:40:13.000Z</Time><HeartRateBpm><Value>152</Value></HeartRateBpm><SensorState>Present</SensorState></Trackpoint><Trackpoint><Time>2025-12-05T09:40:14.000Z</Time><HeartRateBpm><Value>154</Value></HeartRateBpm><SensorState>Present</SensorState></Trackpoint><Trackpoint><Time>2025-12-05T09:40:15.000Z</Time><HeartRateBpm><Value>156</Value></HeartRateBpm><SensorState>Present</SensorState></Trackpoint><Trackpoint><Time>2025-12-05T09:40:16.000Z</Time><HeartRateBpm><Value>158</Value></HeartRateBpm><SensorState>Present</SensorState></Trackpoint><Trackpoint><Time>2025-12-05T09:40:17.000Z</Time><HeartRateBpm><Value>159</Value></HeartRateBpm><SensorState>Present</SensorState></Trackpoint><Trackpoint><Time>2025-12-05T09:40:18.000Z</Time><HeartRateBpm><Value>161</Value></HeartRateBpm><SensorState>Present</SensorState></Trackpoint><Trackpoint><Time>2025-12-05T09:40:19.000Z</Time><HeartRateBpm><Value>163</Value></HeartRateBpm><SensorState>Present</SensorState></Trackpoint><Trackpoint><Time>2025-12-05T09:40:20.000Z</Time><HeartRateBpm><Value>163</Value></HeartRateBpm><SensorState>Present</SensorState></Trackpoint><Trackpoint><Time>2025-12-05T09:40:21.000Z</Time><HeartRateBpm><Value>164</Value></HeartRateBpm><SensorState>Present</SensorState></Trackpoint><Trackpoint><Time>2025-12-05T09:40:22.000Z</Time><HeartRateBpm><Value>166</Value></HeartRateBpm><SensorState>Present</SensorState></Trackpoint><Trackpoint><Time>2025-12-05T09:40:23.000Z</Time><HeartRateBpm><Value>167</Value></HeartRateBpm><SensorState>Present</SensorState></Trackpoint><Trackpoint><Time>2025-12-05T09:40:24.000Z</Time><HeartRateBpm><Value>167</Value></HeartRateBpm><SensorState>Present</SensorState></Trackpoint><Trackpoint><Time>2025-12-05T09:40:25.000Z</Time><HeartRateBpm><Value>167</Value></HeartRateBpm><SensorState>Present</SensorState></Trackpoint><Trackpoint><Time>2025-12-05T09:40:26.000Z</Time><HeartRateBpm><Value>167</Value></HeartRateBpm><SensorState>Present</SensorState></Trackpoint><Trackpoint><Time>2025-12-05T09:40:27.000Z</Time><HeartRateBpm><Value>167</Value></HeartRateBpm><SensorState>Present</SensorState></Trackpoint><Trackpoint><Time>2025-12-05T09:40:28.000Z</Time><HeartRateBpm><Value>166</Value></HeartRateBpm><SensorState>Present</SensorState></Trackpoint><Trackpoint><Time>2025-12-05T09:40:29.000Z</Time><HeartRateBpm><Value>164</Value></HeartRateBpm><SensorState>Present</SensorState></Trackpoint><Trackpoint><Time>2025-12-05T09:40:30.000Z</Time><HeartRateBpm><Value>161</Value></HeartRateBpm><SensorState>Present</SensorState></Trackpoint><Trackpoint><Time>2025-12-05T09:40:31.000Z</Time><HeartRateBpm><Value>157</Value></HeartRateBpm><SensorState>Present</SensorState></Trackpoint><Trackpoint><Time>2025-12-05T09:40:32.000Z</Time><HeartRateBpm><Value>153</Value></HeartRateBpm><SensorState>Present</SensorState></Trackpoint><Trackpoint><Time>2025-12-05T09:40:33.000Z</Time><HeartRateBpm><Value>151</Value></HeartRateBpm><SensorState>Present</SensorState></Trackpoint><Trackpoint><Time>2025-12-05T09:40:34.000Z</Time><HeartRateBpm><Value>150</Value></HeartRateBpm><SensorState>Present</SensorState></Trackpoint><Trackpoint><Time>2025-12-05T09:40:35.000Z</Time><HeartRateBpm><Value>151</Value></HeartRateBpm><SensorState>Present</SensorState></Trackpoint><Trackpoint><Time>2025-12-05T09:40:36.000Z</Time><HeartRateBpm><Value>151</Value></HeartRateBpm><SensorState>Present</SensorState></Trackpoint><Trackpoint><Time>2025-12-05T09:40:37.000Z</Time><HeartRateBpm><Value>152</Value></HeartRateBpm><SensorState>Present</SensorState></Trackpoint><Trackpoint><Time>2025-12-05T09:40:38.000Z</Time><HeartRateBpm><Value>153</Value></HeartRateBpm><SensorState>Present</SensorState></Trackpoint><Trackpoint><Time>2025-12-05T09:40:39.000Z</Time><HeartRateBpm><Value>154</Value></HeartRateBpm><SensorState>Present</SensorState></Trackpoint><Trackpoint><Time>2025-12-05T09:40:40.000Z</Time><HeartRateBpm><Value>155</Value></HeartRateBpm><SensorState>Present</SensorState></Trackpoint><Trackpoint><Time>2025-12-05T09:40:41.000Z</Time><HeartRateBpm><Value>156</Value></HeartRateBpm><SensorState>Present</SensorState></Trackpoint><Trackpoint><Time>2025-12-05T09:40:42.000Z</Time><HeartRateBpm><Value>156</Value></HeartRateBpm><SensorState>Present</SensorState></Trackpoint><Trackpoint><Time>2025-12-05T09:40:43.000Z</Time><HeartRateBpm><Value>156</Value></HeartRateBpm><SensorState>Present</SensorState></Trackpoint><Trackpoint><Time>2025-12-05T09:40:44.000Z</Time><HeartRateBpm><Value>156</Value></HeartRateBpm><SensorState>Present</SensorState></Trackpoint><Trackpoint><Time>2025-12-05T09:40:45.000Z</Time><HeartRateBpm><Value>156</Value></HeartRateBpm><SensorState>Present</SensorState></Trackpoint><Trackpoint><Time>2025-12-05T09:40:46.000Z</Time><HeartRateBpm><Value>157</Value></HeartRateBpm><SensorState>Present</SensorState></Trackpoint><Trackpoint><Time>2025-12-05T09:40:47.000Z</Time><HeartRateBpm><Value>158</Value></HeartRateBpm><SensorState>Present</SensorState></Trackpoint><Trackpoint><Time>2025-12-05T09:40:48.000Z</Time><HeartRateBpm><Value>159</Value></HeartRateBpm><SensorState>Present</SensorState></Trackpoint><Trackpoint><Time>2025-12-05T09:40:49.000Z</Time><HeartRateBpm><Value>159</Value></HeartRateBpm><SensorState>Present</SensorState></Trackpoint><Trackpoint><Time>2025-12-05T09:40:50.000Z</Time><HeartRateBpm><Value>159</Value></HeartRateBpm><SensorState>Present</SensorState></Trackpoint><Trackpoint><Time>2025-12-05T09:40:51.000Z</Time><HeartRateBpm><Value>159</Value></HeartRateBpm><SensorState>Present</SensorState></Trackpoint><Trackpoint><Time>2025-12-05T09:40:52.000Z</Time><HeartRateBpm><Value>158</Value></HeartRateBpm><SensorState>Present</SensorState></Trackpoint><Trackpoint><Time>2025-12-05T09:40:53.000Z</Time><HeartRateBpm><Value>155</Value></HeartRateBpm><SensorState>Present</SensorState></Trackpoint><Trackpoint><Time>2025-12-05T09:40:54.000Z</Time><HeartRateBpm><Value>154</Value></HeartRateBpm><SensorState>Present</SensorState></Trackpoint><Trackpoint><Time>2025-12-05T09:40:55.000Z</Time><HeartRateBpm><Value>152</Value></HeartRateBpm><SensorState>Present</SensorState></Trackpoint><Trackpoint><Time>2025-12-05T09:40:56.000Z</Time><HeartRateBpm><Value>152</Value></HeartRateBpm><SensorState>Present</SensorState></Trackpoint><Trackpoint><Time>2025-12-05T09:40:57.000Z</Time><HeartRateBpm><Value>151</Value></HeartRateBpm><SensorState>Present</SensorState></Trackpoint><Trackpoint><Time>2025-12-05T09:40:58.000Z</Time><HeartRateBpm><Value>151</Value></HeartRateBpm><SensorState>Present</SensorState></Trackpoint><Trackpoint><Time>2025-12-05T09:40:59.000Z</Time><HeartRateBpm><Value>151</Value></HeartRateBpm><SensorState>Present</SensorState></Trackpoint><Trackpoint><Time>2025-12-05T09:41:00.000Z</Time><HeartRateBpm><Value>151</Value></HeartRateBpm><SensorState>Present</SensorState></Trackpoint><Trackpoint><Time>2025-12-05T09:41:01.000Z</Time><HeartRateBpm><Value>150</Value></HeartRateBpm><SensorState>Present</SensorState></Trackpoint><Trackpoint><Time>2025-12-05T09:41:02.000Z</Time><HeartRateBpm><Value>150</Value></HeartRateBpm><SensorState>Present</SensorState></Trackpoint><Trackpoint><Time>2025-12-05T09:41:03.000Z</Time><HeartRateBpm><Value>151</Value></HeartRateBpm><SensorState>Present</SensorState></Trackpoint><Trackpoint><Time>2025-12-05T09:41:04.000Z</Time><HeartRateBpm><Value>150</Value></HeartRateBpm><SensorState>Present</SensorState></Trackpoint><Trackpoint><Time>2025-12-05T09:41:05.000Z</Time><HeartRateBpm><Value>151</Value></HeartRateBpm><SensorState>Present</SensorState></Trackpoint><Trackpoint><Time>2025-12-05T09:41:06.000Z</Time><HeartRateBpm><Value>150</Value></HeartRateBpm><SensorState>Present</SensorState></Trackpoint><Trackpoint><Time>2025-12-05T09:41:07.000Z</Time><HeartRateBpm><Value>149</Value></HeartRateBpm><SensorState>Present</SensorState></Trackpoint><Trackpoint><Time>2025-12-05T09:41:08.000Z</Time><HeartRateBpm><Value>147</Value></HeartRateBpm><SensorState>Present</SensorState></Trackpoint><Trackpoint><Time>2025-12-05T09:41:09.000Z</Time><HeartRateBpm><Value>145</Value></HeartRateBpm><SensorState>Present</SensorState></Trackpoint><Trackpoint><Time>2025-12-05T09:41:10.000Z</Time><HeartRateBpm><Value>144</Value></HeartRateBpm><SensorState>Present</SensorState></Trackpoint><Trackpoint><Time>2025-12-05T09:41:11.000Z</Time><HeartRateBpm><Value>144</Value></HeartRateBpm><SensorState>Present</SensorState></Trackpoint><Trackpoint><Time>2025-12-05T09:41:12.000Z</Time><HeartRateBpm><Value>144</Value></HeartRateBpm><SensorState>Present</SensorState></Trackpoint><Trackpoint><Time>2025-12-05T09:41:13.000Z</Time><HeartRateBpm><Value>143</Value></HeartRateBpm><SensorState>Present</SensorState></Trackpoint><Trackpoint><Time>2025-12-05T09:41:14.000Z</Time><HeartRateBpm><Value>144</Value></HeartRateBpm><SensorState>Present</SensorState></Trackpoint><Trackpoint><Time>2025-12-05T09:41:15.000Z</Time><HeartRateBpm><Value>144</Value></HeartRateBpm><SensorState>Present</SensorState></Trackpoint><Trackpoint><Time>2025-12-05T09:41:16.000Z</Time><HeartRateBpm><Value>145</Value></HeartRateBpm><SensorState>Present</SensorState></Trackpoint><Trackpoint><Time>2025-12-05T09:41:17.000Z</Time><HeartRateBpm><Value>147</Value></HeartRateBpm><SensorState>Present</SensorState></Trackpoint><Trackpoint><Time>2025-12-05T09:41:18.000Z</Time><HeartRateBpm><Value>148</Value></HeartRateBpm><SensorState>Present</SensorState></Trackpoint><Trackpoint><Time>2025-12-05T09:41:19.000Z</Time><HeartRateBpm><Value>149</Value></HeartRateBpm><SensorState>Present</SensorState></Trackpoint><Trackpoint><Time>2025-12-05T09:41:20.000Z</Time><HeartRateBpm><Value>149</Value></HeartRateBpm><SensorState>Present</SensorState></Trackpoint><Trackpoint><Time>2025-12-05T09:41:21.000Z</Time><HeartRateBpm><Value>149</Value></HeartRateBpm><SensorState>Present</SensorState></Trackpoint><Trackpoint><Time>2025-12-05T09:41:22.000Z</Time><HeartRateBpm><Value>149</Value></HeartRateBpm><SensorState>Present</SensorState></Trackpoint><Trackpoint><Time>2025-12-05T09:41:23.000Z</Time><HeartRateBpm><Value>149</Value></HeartRateBpm><SensorState>Present</SensorState></Trackpoint><Trackpoint><Time>2025-12-05T09:41:24.000Z</Time><HeartRateBpm><Value>149</Value></HeartRateBpm><SensorState>Present</SensorState></Trackpoint><Trackpoint><Time>2025-12-05T09:41:25.000Z</Time><HeartRateBpm><Value>149</Value></HeartRateBpm><SensorState>Present</SensorState></Trackpoint><Trackpoint><Time>2025-12-05T09:41:26.000Z</Time><HeartRateBpm><Value>149</Value></HeartRateBpm><SensorState>Present</SensorState></Trackpoint><Trackpoint><Time>2025-12-05T09:41:27.000Z</Time><HeartRateBpm><Value>149</Value></HeartRateBpm><SensorState>Present</SensorState></Trackpoint><Trackpoint><Time>2025-12-05T09:41:28.000Z</Time><HeartRateBpm><Value>149</Value></HeartRateBpm><SensorState>Present</SensorState></Trackpoint><Trackpoint><Time>2025-12-05T09:41:29.000Z</Time><HeartRateBpm><Value>148</Value></HeartRateBpm><SensorState>Present</SensorState></Trackpoint><Trackpoint><Time>2025-12-05T09:41:30.000Z</Time><HeartRateBpm><Value>147</Value></HeartRateBpm><SensorState>Present</SensorState></Trackpoint><Trackpoint><Time>2025-12-05T09:41:31.000Z</Time><HeartRateBpm><Value>146</Value></HeartRateBpm><SensorState>Present</SensorState></Trackpoint><Trackpoint><Time>2025-12-05T09:41:32.000Z</Time><HeartRateBpm><Value>146</Value></HeartRateBpm><SensorState>Present</SensorState></Trackpoint><Trackpoint><Time>2025-12-05T09:41:33.000Z</Time><HeartRateBpm><Value>146</Value></HeartRateBpm><SensorState>Present</SensorState></Trackpoint><Trackpoint><Time>2025-12-05T09:41:34.000Z</Time><HeartRateBpm><Value>147</Value></HeartRateBpm><SensorState>Present</SensorState></Trackpoint><Trackpoint><Time>2025-12-05T09:41:35.000Z</Time><HeartRateBpm><Value>147</Value></HeartRateBpm><SensorState>Present</SensorState></Trackpoint><Trackpoint><Time>2025-12-05T09:41:36.000Z</Time><HeartRateBpm><Value>147</Value></HeartRateBpm><SensorState>Present</SensorState></Trackpoint><Trackpoint><Time>2025-12-05T09:41:37.000Z</Time><HeartRateBpm><Value>146</Value></HeartRateBpm><SensorState>Present</SensorState></Trackpoint><Trackpoint><Time>2025-12-05T09:41:38.000Z</Time><HeartRateBpm><Value>146</Value></HeartRateBpm><SensorState>Present</SensorState></Trackpoint><Trackpoint><Time>2025-12-05T09:41:39.000Z</Time><HeartRateBpm><Value>144</Value></HeartRateBpm><SensorState>Present</SensorState></Trackpoint><Trackpoint><Time>2025-12-05T09:41:40.000Z</Time><HeartRateBpm><Value>143</Value></HeartRateBpm><SensorState>Present</SensorState></Trackpoint><Trackpoint><Time>2025-12-05T09:41:41.000Z</Time><HeartRateBpm><Value>143</Value></HeartRateBpm><SensorState>Present</SensorState></Trackpoint><Trackpoint><Time>2025-12-05T09:41:42.000Z</Time><HeartRateBpm><Value>143</Value></HeartRateBpm><SensorState>Present</SensorState></Trackpoint><Trackpoint><Time>2025-12-05T09:41:43.000Z</Time><HeartRateBpm><Value>143</Value></HeartRateBpm><SensorState>Present</SensorState></Trackpoint><Trackpoint><Time>2025-12-05T09:41:44.000Z</Time><HeartRateBpm><Value>143</Value></HeartRateBpm><SensorState>Present</SensorState></Trackpoint><Trackpoint><Time>2025-12-05T09:41:45.000Z</Time><HeartRateBpm><Value>144</Value></HeartRateBpm><SensorState>Present</SensorState></Trackpoint><Trackpoint><Time>2025-12-05T09:41:46.000Z</Time><HeartRateBpm><Value>144</Value></HeartRateBpm><SensorState>Present</SensorState></Trackpoint><Trackpoint><Time>2025-12-05T09:41:47.000Z</Time><HeartRateBpm><Value>143</Value></HeartRateBpm><SensorState>Present</SensorState></Trackpoint><Trackpoint><Time>2025-12-05T09:41:48.000Z</Time><HeartRateBpm><Value>143</Value></HeartRateBpm><SensorState>Present</SensorState></Trackpoint><Trackpoint><Time>2025-12-05T09:41:49.000Z</Time><HeartRateBpm><Value>142</Value></HeartRateBpm><SensorState>Present</SensorState></Trackpoint><Trackpoint><Time>2025-12-05T09:41:50.000Z</Time><HeartRateBpm><Value>142</Value></HeartRateBpm><SensorState>Present</SensorState></Trackpoint><Trackpoint><Time>2025-12-05T09:41:51.000Z</Time><HeartRateBpm><Value>142</Value></HeartRateBpm><SensorState>Present</SensorState></Trackpoint><Trackpoint><Time>2025-12-05T09:41:52.000Z</Time><HeartRateBpm><Value>142</Value></HeartRateBpm><SensorState>Present</SensorState></Trackpoint><Trackpoint><Time>2025-12-05T09:41:53.000Z</Time><HeartRateBpm><Value>143</Value></HeartRateBpm><SensorState>Present</SensorState></Trackpoint><Trackpoint><Time>2025-12-05T09:41:54.000Z</Time><HeartRateBpm><Value>142</Value></HeartRateBpm><SensorState>Present</SensorState></Trackpoint><Trackpoint><Time>2025-12-05T09:41:55.000Z</Time><HeartRateBpm><Value>142</Value></HeartRateBpm><SensorState>Present</SensorState></Trackpoint><Trackpoint><Time>2025-12-05T09:41:56.000Z</Time><HeartRateBpm><Value>144</Value></HeartRateBpm><SensorState>Present</SensorState></Trackpoint><Trackpoint><Time>2025-12-05T09:41:57.000Z</Time><HeartRateBpm><Value>146</Value></HeartRateBpm><SensorState>Present</SensorState></Trackpoint><Trackpoint><Time>2025-12-05T09:41:58.000Z</Time><HeartRateBpm><Value>147</Value></HeartRateBpm><SensorState>Present</SensorState></Trackpoint><Trackpoint><Time>2025-12-05T09:41:59.000Z</Time><HeartRateBpm><Value>150</Value></HeartRateBpm><SensorState>Present</SensorState></Trackpoint><Trackpoint><Time>2025-12-05T09:42:00.000Z</Time><HeartRateBpm><Value>152</Value></HeartRateBpm><SensorState>Present</SensorState></Trackpoint><Trackpoint><Time>2025-12-05T09:42:01.000Z</Time><HeartRateBpm><Value>154</Value></HeartRateBpm><SensorState>Present</SensorState></Trackpoint><Trackpoint><Time>2025-12-05T09:42:02.000Z</Time><HeartRateBpm><Value>157</Value></HeartRateBpm><SensorState>Present</SensorState></Trackpoint><Trackpoint><Time>2025-12-05T09:42:03.000Z</Time><HeartRateBpm><Value>159</Value></HeartRateBpm><SensorState>Present</SensorState></Trackpoint><Trackpoint><Time>2025-12-05T09:42:04.000Z</Time><HeartRateBpm><Value>162</Value></HeartRateBpm><SensorState>Present</SensorState></Trackpoint><Trackpoint><Time>2025-12-05T09:42:05.000Z</Time><HeartRateBpm><Value>163</Value></HeartRateBpm><SensorState>Present</SensorState></Trackpoint><Trackpoint><Time>2025-12-05T09:42:06.000Z</Time><HeartRateBpm><Value>165</Value></HeartRateBpm><SensorState>Present</SensorState></Trackpoint><Trackpoint><Time>2025-12-05T09:42:07.000Z</Time><HeartRateBpm><Value>167</Value></HeartRateBpm><SensorState>Present</SensorState></Trackpoint><Trackpoint><Time>2025-12-05T09:42:08.000Z</Time><HeartRateBpm><Value>167</Value></HeartRateBpm><SensorState>Present</SensorState></Trackpoint><Trackpoint><Time>2025-12-05T09:42:09.000Z</Time><HeartRateBpm><Value>168</Value></HeartRateBpm><SensorState>Present</SensorState></Trackpoint><Trackpoint><Time>2025-12-05T09:42:10.000Z</Time><HeartRateBpm><Value>170</Value></HeartRateBpm><SensorState>Present</SensorState></Trackpoint><Trackpoint><Time>2025-12-05T09:42:11.000Z</Time><HeartRateBpm><Value>171</Value></HeartRateBpm><SensorState>Present</SensorState></Trackpoint><Trackpoint><Time>2025-12-05T09:42:12.000Z</Time><HeartRateBpm><Value>171</Value></HeartRateBpm><SensorState>Present</SensorState></Trackpoint><Trackpoint><Time>2025-12-05T09:42:13.000Z</Time><HeartRateBpm><Value>172</Value></HeartRateBpm><SensorState>Present</SensorState></Trackpoint><Trackpoint><Time>2025-12-05T09:42:14.000Z</Time><HeartRateBpm><Value>172</Value></HeartRateBpm><SensorState>Present</SensorState></Trackpoint><Trackpoint><Time>2025-12-05T09:42:15.000Z</Time><HeartRateBpm><Value>172</Value></HeartRateBpm><SensorState>Present</SensorState></Trackpoint><Trackpoint><Time>2025-12-05T09:42:16.000Z</Time><HeartRateBpm><Value>173</Value></HeartRateBpm><SensorState>Present</SensorState></Trackpoint><Trackpoint><Time>2025-12-05T09:42:17.000Z</Time><HeartRateBpm><Value>173</Value></HeartRateBpm><SensorState>Present</SensorState></Trackpoint><Trackpoint><Time>2025-12-05T09:42:18.000Z</Time><HeartRateBpm><Value>172</Value></HeartRateBpm><SensorState>Present</SensorState></Trackpoint><Trackpoint><Time>2025-12-05T09:42:19.000Z</Time><HeartRateBpm><Value>171</Value></HeartRateBpm><SensorState>Present</SensorState></Trackpoint><Trackpoint><Time>2025-12-05T09:42:20.000Z</Time><HeartRateBpm><Value>170</Value></HeartRateBpm><SensorState>Present</SensorState></Trackpoint><Trackpoint><Time>2025-12-05T09:42:21.000Z</Time><HeartRateBpm><Value>170</Value></HeartRateBpm><SensorState>Present</SensorState></Trackpoint><Trackpoint><Time>2025-12-05T09:42:22.000Z</Time><HeartRateBpm><Value>168</Value></HeartRateBpm><SensorState>Present</SensorState></Trackpoint><Trackpoint><Time>2025-12-05T09:42:23.000Z</Time><HeartRateBpm><Value>167</Value></HeartRateBpm><SensorState>Present</SensorState></Trackpoint><Trackpoint><Time>2025-12-05T09:42:24.000Z</Time><HeartRateBpm><Value>166</Value></HeartRateBpm><SensorState>Present</SensorState></Trackpoint><Trackpoint><Time>2025-12-05T09:42:25.000Z</Time><HeartRateBpm><Value>166</Value></HeartRateBpm><SensorState>Present</SensorState></Trackpoint><Trackpoint><Time>2025-12-05T09:42:26.000Z</Time><HeartRateBpm><Value>165</Value></HeartRateBpm><SensorState>Present</SensorState></Trackpoint><Trackpoint><Time>2025-12-05T09:42:27.000Z</Time><HeartRateBpm><Value>166</Value></HeartRateBpm><SensorState>Present</SensorState></Trackpoint><Trackpoint><Time>2025-12-05T09:42:28.000Z</Time><HeartRateBpm><Value>165</Value></HeartRateBpm><SensorState>Present</SensorState></Trackpoint><Trackpoint><Time>2025-12-05T09:42:29.000Z</Time><HeartRateBpm><Value>164</Value></HeartRateBpm><SensorState>Present</SensorState></Trackpoint><Trackpoint><Time>2025-12-05T09:42:30.000Z</Time><HeartRateBpm><Value>163</Value></HeartRateBpm><SensorState>Present</SensorState></Trackpoint><Trackpoint><Time>2025-12-05T09:42:31.000Z</Time><HeartRateBpm><Value>162</Value></HeartRateBpm><SensorState>Present</SensorState></Trackpoint><Trackpoint><Time>2025-12-05T09:42:32.000Z</Time><HeartRateBpm><Value>161</Value></HeartRateBpm><SensorState>Present</SensorState></Trackpoint><Trackpoint><Time>2025-12-05T09:42:33.000Z</Time><HeartRateBpm><Value>161</Value></HeartRateBpm><SensorState>Present</SensorState></Trackpoint><Trackpoint><Time>2025-12-05T09:42:34.000Z</Time><HeartRateBpm><Value>161</Value></HeartRateBpm><SensorState>Present</SensorState></Trackpoint><Trackpoint><Time>2025-12-05T09:42:35.000Z</Time><HeartRateBpm><Value>161</Value></HeartRateBpm><SensorState>Present</SensorState></Trackpoint><Trackpoint><Time>2025-12-05T09:42:36.000Z</Time><HeartRateBpm><Value>161</Value></HeartRateBpm><SensorState>Present</SensorState></Trackpoint><Trackpoint><Time>2025-12-05T09:42:37.000Z</Time><HeartRateBpm><Value>161</Value></HeartRateBpm><SensorState>Present</SensorState></Trackpoint><Trackpoint><Time>2025-12-05T09:42:38.000Z</Time><HeartRateBpm><Value>161</Value></HeartRateBpm><SensorState>Present</SensorState></Trackpoint><Trackpoint><Time>2025-12-05T09:42:39.000Z</Time><HeartRateBpm><Value>161</Value></HeartRateBpm><SensorState>Present</SensorState></Trackpoint><Trackpoint><Time>2025-12-05T09:42:40.000Z</Time><HeartRateBpm><Value>160</Value></HeartRateBpm><SensorState>Present</SensorState></Trackpoint><Trackpoint><Time>2025-12-05T09:42:41.000Z</Time><HeartRateBpm><Value>160</Value></HeartRateBpm><SensorState>Present</SensorState></Trackpoint><Trackpoint><Time>2025-12-05T09:42:42.000Z</Time><HeartRateBpm><Value>159</Value></HeartRateBpm><SensorState>Present</SensorState></Trackpoint><Trackpoint><Time>2025-12-05T09:42:43.000Z</Time><HeartRateBpm><Value>158</Value></HeartRateBpm><SensorState>Present</SensorState></Trackpoint><Trackpoint><Time>2025-12-05T09:42:44.000Z</Time><HeartRateBpm><Value>158</Value></HeartRateBpm><SensorState>Present</SensorState></Trackpoint><Trackpoint><Time>2025-12-05T09:42:45.000Z</Time><HeartRateBpm><Value>157</Value></HeartRateBpm><SensorState>Present</SensorState></Trackpoint><Trackpoint><Time>2025-12-05T09:42:46.000Z</Time><HeartRateBpm><Value>157</Value></HeartRateBpm><SensorState>Present</SensorState></Trackpoint><Trackpoint><Time>2025-12-05T09:42:47.000Z</Time><HeartRateBpm><Value>157</Value></HeartRateBpm><SensorState>Present</SensorState></Trackpoint><Trackpoint><Time>2025-12-05T09:42:48.000Z</Time><HeartRateBpm><Value>156</Value></HeartRateBpm><SensorState>Present</SensorState></Trackpoint><Trackpoint><Time>2025-12-05T09:42:49.000Z</Time><HeartRateBpm><Value>156</Value></HeartRateBpm><SensorState>Present</SensorState></Trackpoint><Trackpoint><Time>2025-12-05T09:42:50.000Z</Time><HeartRateBpm><Value>155</Value></HeartRateBpm><SensorState>Present</SensorState></Trackpoint><Trackpoint><Time>2025-12-05T09:42:51.000Z</Time><HeartRateBpm><Value>155</Value></HeartRateBpm><SensorState>Present</SensorState></Trackpoint><Trackpoint><Time>2025-12-05T09:42:52.000Z</Time><HeartRateBpm><Value>154</Value></HeartRateBpm><SensorState>Present</SensorState></Trackpoint><Trackpoint><Time>2025-12-05T09:42:53.000Z</Time><HeartRateBpm><Value>152</Value></HeartRateBpm><SensorState>Present</SensorState></Trackpoint><Trackpoint><Time>2025-12-05T09:42:54.000Z</Time><HeartRateBpm><Value>149</Value></HeartRateBpm><SensorState>Present</SensorState></Trackpoint><Trackpoint><Time>2025-12-05T09:42:55.000Z</Time><HeartRateBpm><Value>145</Value></HeartRateBpm><SensorState>Present</SensorState></Trackpoint><Trackpoint><Time>2025-12-05T09:42:56.000Z</Time><HeartRateBpm><Value>141</Value></HeartRateBpm><SensorState>Present</SensorState></Trackpoint><Trackpoint><Time>2025-12-05T09:42:57.000Z</Time><HeartRateBpm><Value>138</Value></HeartRateBpm><SensorState>Present</SensorState></Trackpoint><Trackpoint><Time>2025-12-05T09:42:58.000Z</Time><HeartRateBpm><Value>136</Value></HeartRateBpm><SensorState>Present</SensorState></Trackpoint><Trackpoint><Time>2025-12-05T09:42:59.000Z</Time><HeartRateBpm><Value>136</Value></HeartRateBpm><SensorState>Present</SensorState></Trackpoint><Trackpoint><Time>2025-12-05T09:43:00.000Z</Time><HeartRateBpm><Value>137</Value></HeartRateBpm><SensorState>Present</SensorState></Trackpoint><Trackpoint><Time>2025-12-05T09:43:01.000Z</Time><HeartRateBpm><Value>139</Value></HeartRateBpm><SensorState>Present</SensorState></Trackpoint><Trackpoint><Time>2025-12-05T09:43:02.000Z</Time><HeartRateBpm><Value>139</Value></HeartRateBpm><SensorState>Present</SensorState></Trackpoint><Trackpoint><Time>2025-12-05T09:43:03.000Z</Time><HeartRateBpm><Value>139</Value></HeartRateBpm><SensorState>Present</SensorState></Trackpoint><Trackpoint><Time>2025-12-05T09:43:04.000Z</Time><HeartRateBpm><Value>139</Value></HeartRateBpm><SensorState>Present</SensorState></Trackpoint><Trackpoint><Time>2025-12-05T09:43:05.000Z</Time><HeartRateBpm><Value>139</Value></HeartRateBpm><SensorState>Present</SensorState></Trackpoint><Trackpoint><Time>2025-12-05T09:43:06.000Z</Time><HeartRateBpm><Value>139</Value></HeartRateBpm><SensorState>Present</SensorState></Trackpoint><Trackpoint><Time>2025-12-05T09:43:07.000Z</Time><HeartRateBpm><Value>139</Value></HeartRateBpm><SensorState>Present</SensorState></Trackpoint><Trackpoint><Time>2025-12-05T09:43:08.000Z</Time><HeartRateBpm><Value>139</Value></HeartRateBpm><SensorState>Present</SensorState></Trackpoint><Trackpoint><Time>2025-12-05T09:43:09.000Z</Time><HeartRateBpm><Value>139</Value></HeartRateBpm><SensorState>Present</SensorState></Trackpoint><Trackpoint><Time>2025-12-05T09:43:10.000Z</Time><HeartRateBpm><Value>139</Value></HeartRateBpm><SensorState>Present</SensorState></Trackpoint><Trackpoint><Time>2025-12-05T09:43:11.000Z</Time><HeartRateBpm><Value>139</Value></HeartRateBpm><SensorState>Present</SensorState></Trackpoint><Trackpoint><Time>2025-12-05T09:43:12.000Z</Time><HeartRateBpm><Value>139</Value></HeartRateBpm><SensorState>Present</SensorState></Trackpoint><Trackpoint><Time>2025-12-05T09:43:13.000Z</Time><HeartRateBpm><Value>138</Value></HeartRateBpm><SensorState>Present</SensorState></Trackpoint><Trackpoint><Time>2025-12-05T09:43:14.000Z</Time><HeartRateBpm><Value>137</Value></HeartRateBpm><SensorState>Present</SensorState></Trackpoint><Trackpoint><Time>2025-12-05T09:43:15.000Z</Time><HeartRateBpm><Value>137</Value></HeartRateBpm><SensorState>Present</SensorState></Trackpoint><Trackpoint><Time>2025-12-05T09:43:16.000Z</Time><HeartRateBpm><Value>137</Value></HeartRateBpm><SensorState>Present</SensorState></Trackpoint><Trackpoint><Time>2025-12-05T09:43:17.000Z</Time><HeartRateBpm><Value>138</Value></HeartRateBpm><SensorState>Present</SensorState></Trackpoint><Trackpoint><Time>2025-12-05T09:43:18.000Z</Time><HeartRateBpm><Value>138</Value></HeartRateBpm><SensorState>Present</SensorState></Trackpoint><Trackpoint><Time>2025-12-05T09:43:19.000Z</Time><HeartRateBpm><Value>138</Value></HeartRateBpm><SensorState>Present</SensorState></Trackpoint><Trackpoint><Time>2025-12-05T09:43:20.000Z</Time><HeartRateBpm><Value>137</Value></HeartRateBpm><SensorState>Present</SensorState></Trackpoint><Trackpoint><Time>2025-12-05T09:43:21.000Z</Time><HeartRateBpm><Value>136</Value></HeartRateBpm><SensorState>Present</SensorState></Trackpoint><Trackpoint><Time>2025-12-05T09:43:22.000Z</Time><HeartRateBpm><Value>136</Value></HeartRateBpm><SensorState>Present</SensorState></Trackpoint><Trackpoint><Time>2025-12-05T09:43:23.000Z</Time><HeartRateBpm><Value>136</Value></HeartRateBpm><SensorState>Present</SensorState></Trackpoint><Trackpoint><Time>2025-12-05T09:43:24.000Z</Time><HeartRateBpm><Value>138</Value></HeartRateBpm><SensorState>Present</SensorState></Trackpoint><Trackpoint><Time>2025-12-05T09:43:25.000Z</Time><HeartRateBpm><Value>138</Value></HeartRateBpm><SensorState>Present</SensorState></Trackpoint><Trackpoint><Time>2025-12-05T09:43:26.000Z</Time><HeartRateBpm><Value>137</Value></HeartRateBpm><SensorState>Present</SensorState></Trackpoint><Trackpoint><Time>2025-12-05T09:43:27.000Z</Time><HeartRateBpm><Value>136</Value></HeartRateBpm><SensorState>Present</SensorState></Trackpoint><Trackpoint><Time>2025-12-05T09:43:28.000Z</Time><HeartRateBpm><Value>135</Value></HeartRateBpm><SensorState>Present</SensorState></Trackpoint><Trackpoint><Time>2025-12-05T09:43:29.000Z</Time><HeartRateBpm><Value>134</Value></HeartRateBpm><SensorState>Present</SensorState></Trackpoint><Trackpoint><Time>2025-12-05T09:43:30.000Z</Time><HeartRateBpm><Value>132</Value></HeartRateBpm><SensorState>Present</SensorState></Trackpoint><Trackpoint><Time>2025-12-05T09:43:31.000Z</Time><HeartRateBpm><Value>132</Value></HeartRateBpm><SensorState>Present</SensorState></Trackpoint><Trackpoint><Time>2025-12-05T09:43:32.000Z</Time><HeartRateBpm><Value>132</Value></HeartRateBpm><SensorState>Present</SensorState></Trackpoint><Trackpoint><Time>2025-12-05T09:43:33.000Z</Time><HeartRateBpm><Value>132</Value></HeartRateBpm><SensorState>Present</SensorState></Trackpoint><Trackpoint><Time>2025-12-05T09:43:34.000Z</Time><HeartRateBpm><Value>133</Value></HeartRateBpm><SensorState>Present</SensorState></Trackpoint><Trackpoint><Time>2025-12-05T09:43:35.000Z</Time><HeartRateBpm><Value>134</Value></HeartRateBpm><SensorState>Present</SensorState></Trackpoint><Trackpoint><Time>2025-12-05T09:43:36.000Z</Time><HeartRateBpm><Value>135</Value></HeartRateBpm><SensorState>Present</SensorState></Trackpoint><Trackpoint><Time>2025-12-05T09:43:37.000Z</Time><HeartRateBpm><Value>135</Value></HeartRateBpm><SensorState>Present</SensorState></Trackpoint><Trackpoint><Time>2025-12-05T09:43:38.000Z</Time><HeartRateBpm><Value>132</Value></HeartRateBpm><SensorState>Present</SensorState></Trackpoint><Trackpoint><Time>2025-12-05T09:43:39.000Z</Time><HeartRateBpm><Value>130</Value></HeartRateBpm><SensorState>Present</SensorState></Trackpoint><Trackpoint><Time>2025-12-05T09:43:40.000Z</Time><HeartRateBpm><Value>127</Value></HeartRateBpm><SensorState>Present</SensorState></Trackpoint><Trackpoint><Time>2025-12-05T09:43:41.000Z</Time><HeartRateBpm><Value>126</Value></HeartRateBpm><SensorState>Present</SensorState></Trackpoint><Trackpoint><Time>2025-12-05T09:43:42.000Z</Time><HeartRateBpm><Value>126</Value></HeartRateBpm><SensorState>Present</SensorState></Trackpoint><Trackpoint><Time>2025-12-05T09:43:43.000Z</Time><HeartRateBpm><Value>127</Value></HeartRateBpm><SensorState>Present</SensorState></Trackpoint><Trackpoint><Time>2025-12-05T09:43:44.000Z</Time><HeartRateBpm><Value>128</Value></HeartRateBpm><SensorState>Present</SensorState></Trackpoint><Trackpoint><Time>2025-12-05T09:43:45.000Z</Time><HeartRateBpm><Value>129</Value></HeartRateBpm><SensorState>Present</SensorState></Trackpoint><Trackpoint><Time>2025-12-05T09:43:46.000Z</Time><HeartRateBpm><Value>130</Value></HeartRateBpm><SensorState>Present</SensorState></Trackpoint><Trackpoint><Time>2025-12-05T09:43:47.000Z</Time><HeartRateBpm><Value>130</Value></HeartRateBpm><SensorState>Present</SensorState></Trackpoint><Trackpoint><Time>2025-12-05T09:43:48.000Z</Time><HeartRateBpm><Value>130</Value></HeartRateBpm><SensorState>Present</SensorState></Trackpoint><Trackpoint><Time>2025-12-05T09:43:49.000Z</Time><HeartRateBpm><Value>132</Value></HeartRateBpm><SensorState>Present</SensorState></Trackpoint><Trackpoint><Time>2025-12-05T09:43:50.000Z</Time><HeartRateBpm><Value>132</Value></HeartRateBpm><SensorState>Present</SensorState></Trackpoint><Trackpoint><Time>2025-12-05T09:43:51.000Z</Time><HeartRateBpm><Value>133</Value></HeartRateBpm><SensorState>Present</SensorState></Trackpoint><Trackpoint><Time>2025-12-05T09:43:52.000Z</Time><HeartRateBpm><Value>133</Value></HeartRateBpm><SensorState>Present</SensorState></Trackpoint><Trackpoint><Time>2025-12-05T09:43:53.000Z</Time><HeartRateBpm><Value>133</Value></HeartRateBpm><SensorState>Present</SensorState></Trackpoint><Trackpoint><Time>2025-12-05T09:43:54.000Z</Time><HeartRateBpm><Value>133</Value></HeartRateBpm><SensorState>Present</SensorState></Trackpoint><Trackpoint><Time>2025-12-05T09:43:55.000Z</Time><HeartRateBpm><Value>133</Value></HeartRateBpm><SensorState>Present</SensorState></Trackpoint><Trackpoint><Time>2025-12-05T09:43:56.000Z</Time><HeartRateBpm><Value>133</Value></HeartRateBpm><SensorState>Present</SensorState></Trackpoint><Trackpoint><Time>2025-12-05T09:43:57.000Z</Time><HeartRateBpm><Value>133</Value></HeartRateBpm><SensorState>Present</SensorState></Trackpoint><Trackpoint><Time>2025-12-05T09:43:58.000Z</Time><HeartRateBpm><Value>134</Value></HeartRateBpm><SensorState>Present</SensorState></Trackpoint><Trackpoint><Time>2025-12-05T09:43:59.000Z</Time><HeartRateBpm><Value>134</Value></HeartRateBpm><SensorState>Present</SensorState></Trackpoint><Trackpoint><Time>2025-12-05T09:44:00.000Z</Time><HeartRateBpm><Value>135</Value></HeartRateBpm><SensorState>Present</SensorState></Trackpoint><Trackpoint><Time>2025-12-05T09:44:01.000Z</Time><HeartRateBpm><Value>135</Value></HeartRateBpm><SensorState>Present</SensorState></Trackpoint><Trackpoint><Time>2025-12-05T09:44:02.000Z</Time><HeartRateBpm><Value>136</Value></HeartRateBpm><SensorState>Present</SensorState></Trackpoint><Trackpoint><Time>2025-12-05T09:44:03.000Z</Time><HeartRateBpm><Value>136</Value></HeartRateBpm><SensorState>Present</SensorState></Trackpoint><Trackpoint><Time>2025-12-05T09:44:04.000Z</Time><HeartRateBpm><Value>136</Value></HeartRateBpm><SensorState>Present</SensorState></Trackpoint><Trackpoint><Time>2025-12-05T09:44:05.000Z</Time><HeartRateBpm><Value>136</Value></HeartRateBpm><SensorState>Present</SensorState></Trackpoint><Trackpoint><Time>2025-12-05T09:44:06.000Z</Time><HeartRateBpm><Value>135</Value></HeartRateBpm><SensorState>Present</SensorState></Trackpoint><Trackpoint><Time>2025-12-05T09:44:07.000Z</Time><HeartRateBpm><Value>134</Value></HeartRateBpm><SensorState>Present</SensorState></Trackpoint><Trackpoint><Time>2025-12-05T09:44:08.000Z</Time><HeartRateBpm><Value>133</Value></HeartRateBpm><SensorState>Present</SensorState></Trackpoint><Trackpoint><Time>2025-12-05T09:44:09.000Z</Time><HeartRateBpm><Value>133</Value></HeartRateBpm><SensorState>Present</SensorState></Trackpoint><Trackpoint><Time>2025-12-05T09:44:10.000Z</Time><HeartRateBpm><Value>133</Value></HeartRateBpm><SensorState>Present</SensorState></Trackpoint><Trackpoint><Time>2025-12-05T09:44:11.000Z</Time><HeartRateBpm><Value>133</Value></HeartRateBpm><SensorState>Present</SensorState></Trackpoint><Trackpoint><Time>2025-12-05T09:44:12.000Z</Time><HeartRateBpm><Value>133</Value></HeartRateBpm><SensorState>Present</SensorState></Trackpoint><Trackpoint><Time>2025-12-05T09:44:13.000Z</Time><HeartRateBpm><Value>132</Value></HeartRateBpm><SensorState>Present</SensorState></Trackpoint><Trackpoint><Time>2025-12-05T09:44:14.000Z</Time><HeartRateBpm><Value>131</Value></HeartRateBpm><SensorState>Present</SensorState></Trackpoint><Trackpoint><Time>2025-12-05T09:44:15.000Z</Time><HeartRateBpm><Value>130</Value></HeartRateBpm><SensorState>Present</SensorState></Trackpoint><Trackpoint><Time>2025-12-05T09:44:16.000Z</Time><HeartRateBpm><Value>130</Value></HeartRateBpm><SensorState>Present</SensorState></Trackpoint><Trackpoint><Time>2025-12-05T09:44:17.000Z</Time><HeartRateBpm><Value>129</Value></HeartRateBpm><SensorState>Present</SensorState></Trackpoint><Trackpoint><Time>2025-12-05T09:44:18.000Z</Time><HeartRateBpm><Value>129</Value></HeartRateBpm><SensorState>Present</SensorState></Trackpoint><Trackpoint><Time>2025-12-05T09:44:19.000Z</Time><HeartRateBpm><Value>129</Value></HeartRateBpm><SensorState>Present</SensorState></Trackpoint><Trackpoint><Time>2025-12-05T09:44:20.000Z</Time><HeartRateBpm><Value>129</Value></HeartRateBpm><SensorState>Present</SensorState></Trackpoint><Trackpoint><Time>2025-12-05T09:44:21.000Z</Time><HeartRateBpm><Value>130</Value></HeartRateBpm><SensorState>Present</SensorState></Trackpoint><Trackpoint><Time>2025-12-05T09:44:22.000Z</Time><HeartRateBpm><Value>130</Value></HeartRateBpm><SensorState>Present</SensorState></Trackpoint><Trackpoint><Time>2025-12-05T09:44:23.000Z</Time><HeartRateBpm><Value>129</Value></HeartRateBpm><SensorState>Present</SensorState></Trackpoint><Trackpoint><Time>2025-12-05T09:44:24.000Z</Time><HeartRateBpm><Value>128</Value></HeartRateBpm><SensorState>Present</SensorState></Trackpoint><Trackpoint><Time>2025-12-05T09:44:25.000Z</Time><HeartRateBpm><Value>127</Value></HeartRateBpm><SensorState>Present</SensorState></Trackpoint><Trackpoint><Time>2025-12-05T09:44:26.000Z</Time><HeartRateBpm><Value>120</Value></HeartRateBpm><SensorState>Present</SensorState></Trackpoint><Trackpoint><Time>2025-12-05T09:44:27.000Z</Time><HeartRateBpm><Value>113</Value></HeartRateBpm><SensorState>Present</SensorState></Trackpoint><Trackpoint><Time>2025-12-05T09:44:28.000Z</Time><HeartRateBpm><Value>98</Value></HeartRateBpm><SensorState>Present</SensorState></Trackpoint><Trackpoint><Time>2025-12-05T09:44:29.000Z</Time><HeartRateBpm><Value>96</Value></HeartRateBpm><SensorState>Present</SensorState></Trackpoint></Track></Lap><Notes>every 90 sec for 6 rounds 
3 hang squat clean
3 front squats 
@ 60,60,70,70,75,80kg</Notes><Training VirtualPartner="false"><Plan Type="Workout" IntervalWorkout="false"><Name>Bootcamp</Name><Extensions></Extensions></Plan></Training><Creator xmlns:xsi="http://www.w3.org/2001/XMLSchema-instance" xsi:type="Device_t"><Name>Polar BEAT</Name><UnitId>0</UnitId><ProductID>25</ProductID><Version><VersionMajor>0</VersionMajor><VersionMinor>0</VersionMinor></Version></Creator></Activity></Activities><Author xmlns:xsi="http://www.w3.org/2001/XMLSchema-instance" xsi:type="Application_t"><Name>Polar Beat2 Android</Name><Build><Version><VersionMajor>0</VersionMajor><VersionMinor>0</VersionMinor></Version></Build><LangID>EN</LangID><PartNumber>XXX-XXXXX-XX</PartNumber></Author></TrainingCenterDatabase>