<?xml version="1.0" encoding="UTF-8"?><TrainingCenterDatabase xmlns="http://www.garmin.com/xmlschemas/TrainingCenterDatabase/v2"><Activities><Activity Sport="Other"><Id>2025-12-14T20:17:39.000Z</Id><Lap StartTime="2025-12-14T20:17:39.000Z"><TotalTimeSeconds>738.0</TotalTimeSeconds><DistanceMeters>0.0</DistanceMeters><Calories>105</Calories><AverageHeartRateBpm><Value>123</Value></AverageHeartRateBpm><MaximumHeartRateBpm><Value>149</Value></MaximumHeartRateBpm><Intensity>Active</Intensity><TriggerMethod>Manual</TriggerMethod><Track><Trackpoint><Time>2025-12-14T20:17:40.000Z</Time><SensorState>Present</SensorState></Trackpoint><Trackpoint><Time>2025-12-14T20:17:41.000Z</Time><HeartRateBpm><Value>83</Value></HeartRateBpm><SensorState>Present</SensorState></Trackpoint><Trackpoint><Time>2025-12-14T20:17:42.000Z</Time><HeartRateBpm><Value>83</Value></HeartRateBpm><SensorState>Present</SensorState></Trackpoint><Trackpoint><Time>2025-12-14T20:17:43.000Z</Time><HeartRateBpm><Value>83</Value></HeartRateBpm><SensorState>Present</SensorState></Trackpoint><Trackpoint><Time>2025-12-14T20:17:44.000Z</Time><HeartRateBpm><Value>83</Value></HeartRateBpm><SensorState>Present</SensorState></Trackpoint><Trackpoint><Time>2025-12-14T20:17:45.000Z</Time><HeartRateBpm><Value>82</Value></HeartRateBpm><SensorState>Present</SensorState></Trackpoint><Trackpoint><Time>2025-12-14T20:17:46.000Z</Time><HeartRateBpm><Value>82</Value></HeartRateBpm><SensorState>Present</SensorState></Trackpoint><Trackpoint><Time>2025-12-14T20:17:47.000Z</Time><HeartRateBpm><Value>82</Value></HeartRateBpm><SensorState>Present</SensorState></Trackpoint><Trackpoint><Time>2025-12-14T20:17:48.000Z</Time><HeartRateBpm><Value>81</Value></HeartRateBpm><SensorState>Present</SensorState></Trackpoint><Trackpoint><Time>2025-12-14T20:17:49.000Z</Time><HeartRateBpm><Value>81</Value></HeartRateBpm><SensorState>Present</SensorState></Trackpoint><Trackpoint><Time>2025-12-14T20:17:50.000Z</Time><HeartRateBpm><Value>81</Value></HeartRateBpm><SensorState>Present</SensorState></Trackpoint><Trackpoint><Time>2025-12-14T20:17:51.000Z</Time><HeartRateBpm><Value>81</Value></HeartRateBpm><SensorState>Present</SensorState></Trackpoint><Trackpoint><Time>2025-12-14T20:17:52.000Z</Time><HeartRateBpm><Value>82</Value></HeartRateBpm><SensorState>Present</SensorState></Trackpoint><Trackpoint><Time>2025-12-14T20:17:53.000Z</Time><HeartRateBpm><Value>82</Value></HeartRateBpm><SensorState>Present</SensorState></Trackpoint><Trackpoint><Time>2025-12-14T20:17:54.000Z</Time><HeartRateBpm><Value>82</Value></HeartRateBpm><SensorState>Present</SensorState></Trackpoint><Trackpoint><Time>2025-12-14T20:17:55.000Z</Time><HeartRateBpm><Value>82</Value></HeartRateBpm><SensorState>Present</SensorState></Trackpoint><Trackpoint><Time>2025-12-14T20:17:56.000Z</Time><HeartRateBpm><Value>81</Value></HeartRateBpm><SensorState>Present</SensorState></Trackpoint><Trackpoint><Time>2025-12-14T20:17:57.000Z</Time><HeartRateBpm><Value>80</Value></HeartRateBpm><SensorState>Present</SensorState></Trackpoint><Trackpoint><Time>2025-12-14T20:17:58.000Z</Time><HeartRateBpm><Value>79</Value></HeartRateBpm><SensorState>Present</SensorState></Trackpoint><Trackpoint><Time>2025-12-14T20:17:59.000Z</Time><HeartRateBpm><Value>78</Value></HeartRateBpm><SensorState>Present</SensorState></Trackpoint><Trackpoint><Time>2025-12-14T20:18:00.000Z</Time><HeartRateBpm><Value>77</Value></HeartRateBpm><SensorState>Present</SensorState></Trackpoint><Trackpoint><Time>2025-12-14T20:18:01.000Z</Time><HeartRateBpm><Value>75</Value></HeartRateBpm><SensorState>Present</SensorState></Trackpoint><Trackpoint><Time>2025-12-14T20:18:02.000Z</Time><HeartRateBpm><Value>74</Value></HeartRateBpm><SensorState>Present</SensorState></Trackpoint><Trackpoint><Time>2025-12-14T20:18:03.000Z</Time><HeartRateBpm><Value>73</Value></HeartRateBpm><SensorState>Present</SensorState></Trackpoint><Trackpoint><Time>2025-12-14T20:18:04.000Z</Time><HeartRateBpm><Value>72</Value></HeartRateBpm><SensorState>Present</SensorState></Trackpoint><Trackpoint><Time>2025-12-14T20:18:05.000Z</Time><HeartRateBpm><Value>72</Value></HeartRateBpm><SensorState>Present</SensorState></Trackpoint><Trackpoint><Time>2025-12-14T20:18:06.000Z</Time><HeartRateBpm><Value>71</Value></HeartRateBpm><SensorState>Present</SensorState></Trackpoint><Trackpoint><Time>2025-12-14T20:18:07.000Z</Time><HeartRateBpm><Value>70</Value></HeartRateBpm><SensorState>Present</SensorState></Trackpoint><Trackpoint><Time>2025-12-14T20:18:08.000Z</Time><HeartRateBpm><Value>70</Value></HeartRateBpm><SensorState>Present</SensorState></Trackpoint><Trackpoint><Time>2025-12-14T20:18:09.000Z</Time><HeartRateBpm><Value>70</Value></HeartRateBpm><SensorState>Present</SensorState></Trackpoint><Trackpoint><Time>2025-12-14T20:18:10.000Z</Time><HeartRateBpm><Value>69</Value></HeartRateBpm><SensorState>Present</SensorState></Trackpoint><Trackpoint><Time>2025-12-14T20:18:11.000Z</Time><HeartRateBpm><Value>69</Value></HeartRateBpm><SensorState>Present</SensorState></Trackpoint><Trackpoint><Time>2025-12-14T20:18:12.000Z</Time><HeartRateBpm><Value>70</Value></HeartRateBpm><SensorState>Present</SensorState></Trackpoint><Trackpoint><Time>2025-12-14T20:18:13.000Z</Time><HeartRateBpm><Value>70</Value></HeartRateBpm><SensorState>Present</SensorState></Trackpoint><Trackpoint><Time>2025-12-14T20:18:14.000Z</Time><HeartRateBpm><Value>70</Value></HeartRateBpm><SensorState>Present</SensorState></Trackpoint><Trackpoint><Time>2025-12-14T20:18:15.000Z</Time><HeartRateBpm><Value>70</Value></HeartRateBpm><SensorState>Present</SensorState></Trackpoint><Trackpoint><Time>2025-12-14T20:18:16.000Z</Time><HeartRateBpm><Value>70</Value></HeartRateBpm><SensorState>Present</SensorState></Trackpoint><Trackpoint><Time>2025-12-14T20:18:17.000Z</Time><HeartRateBpm><Value>70</Value></HeartRateBpm><SensorState>Present</SensorState></Trackpoint><Trackpoint><Time>2025-12-14T20:18:18.000Z</Time><HeartRateBpm><Value>72</Value></HeartRateBpm><SensorState>Present</SensorState></Trackpoint><Trackpoint><Time>2025-12-14T20:18:19.000Z</Time><HeartRateBpm><Value>73</Value></HeartRateBpm><SensorState>Present</SensorState></Trackpoint><Trackpoint><Time>2025-12-14T20:18:20.000Z</Time><HeartRateBpm><Value>76</Value></HeartRateBpm><SensorState>Present</SensorState></Trackpoint><Trackpoint><Time>2025-12-14T20:18:21.000Z</Time><HeartRateBpm><Value>76</Value></HeartRateBpm><SensorState>Present</SensorState></Trackpoint><Trackpoint><Time>2025-12-14T20:18:22.000Z</Time><HeartRateBpm><Value>78</Value></HeartRateBpm><SensorState>Present</SensorState></Trackpoint><Trackpoint><Time>2025-12-14T20:18:23.000Z</Time><HeartRateBpm><Value>79</Value></HeartRateBpm><SensorState>Present</SensorState></Trackpoint><Trackpoint><Time>2025-12-14T20:18:24.000Z</Time><HeartRateBpm><Value>81</Value></HeartRateBpm><SensorState>Present</SensorState></Trackpoint><Trackpoint><Time>2025-12-14T20:18:25.000Z</Time><HeartRateBpm><Value>84</Value></HeartRateBpm><SensorState>Present</SensorState></Trackpoint><Trackpoint><Time>2025-12-14T20:18:26.000Z</Time><HeartRateBpm><Value>86</Value></HeartRateBpm><SensorState>Present</SensorState></Trackpoint><Trackpoint><Time>2025-12-14T20:18:27.000Z</Time><HeartRateBpm><Value>88</Value></HeartRateBpm><SensorState>Present</SensorState></Trackpoint><Trackpoint><Time>2025-12-14T20:18:28.000Z</Time><HeartRateBpm><Value>89</Value></HeartRateBpm><SensorState>Present</SensorState></Trackpoint><Trackpoint><Time>2025-12-14T20:18:29.000Z</Time><HeartRateBpm><Value>89</Value></HeartRateBpm><SensorState>Present</SensorState></Trackpoint><Trackpoint><Time>2025-12-14T20:18:30.000Z</Time><HeartRateBpm><Value>88</Value></HeartRateBpm><SensorState>Present</SensorState></Trackpoint><Trackpoint><Time>2025-12-14T20:18:31.000Z</Time><HeartRateBpm><Value>88</Value></HeartRateBpm><SensorState>Present</SensorState></Trackpoint><Trackpoint><Time>2025-12-14T20:18:32.000Z</Time><HeartRateBpm><Value>87</Value></HeartRateBpm><SensorState>Present</SensorState></Trackpoint><Trackpoint><Time>2025-12-14T20:18:33.000Z</Time><HeartRateBpm><Value>85</Value></HeartRateBpm><SensorState>Present</SensorState></Trackpoint><Trackpoint><Time>2025-12-14T20:18:34.000Z</Time><HeartRateBpm><Value>84</Value></HeartRateBpm><SensorState>Present</SensorState></Trackpoint><Trackpoint><Time>2025-12-14T20:18:35.000Z</Time><HeartRateBpm><Value>84</Value></HeartRateBpm><SensorState>Present</SensorState></Trackpoint><Trackpoint><Time>2025-12-14T20:18:36.000Z</Time><HeartRateBpm><Value>83</Value></HeartRateBpm><SensorState>Present</SensorState></Trackpoint><Trackpoint><Time>2025-12-14T20:18:37.000Z</Time><HeartRateBpm><Value>81</Value></HeartRateBpm><SensorState>Present</SensorState></Trackpoint><Trackpoint><Time>2025-12-14T20:18:38.000Z</Time><HeartRateBpm><Value>81</Value></HeartRateBpm><SensorState>Present</SensorState></Trackpoint><Trackpoint><Time>2025-12-14T20:18:39.000Z</Time><HeartRateBpm><Value>80</Value></HeartRateBpm><SensorState>Present</SensorState></Trackpoint><Trackpoint><Time>2025-12-14T20:18:40.000Z</Time><HeartRateBpm><Value>80</Value></HeartRateBpm><SensorState>Present</SensorState></Trackpoint><Trackpoint><Time>2025-12-14T20:18:41.000Z</Time><HeartRateBpm><Value>80</Value></HeartRateBpm><SensorState>Present</SensorState></Trackpoint><Trackpoint><Time>2025-12-14T20:18:42.000Z</Time><HeartRateBpm><Value>79</Value></HeartRateBpm><SensorState>Present</SensorState></Trackpoint><Trackpoint><Time>2025-12-14T20:18:43.000Z</Time><HeartRateBpm><Value>79</Value></HeartRateBpm><SensorState>Present</SensorState></Trackpoint><Trackpoint><Time>2025-12-14T20:18:44.000Z</Time><HeartRateBpm><Value>79</Value></HeartRateBpm><SensorState>Present</SensorState></Trackpoint><Trackpoint><Time>2025-12-14T20:18:45.000Z</Time><HeartRateBpm><Value>78</Value></HeartRateBpm><SensorState>Present</SensorState></Trackpoint><Trackpoint><Time>2025-12-14T20:18:46.000Z</Time><HeartRateBpm><Value>76</Value></HeartRateBpm><SensorState>Present</SensorState></Trackpoint><Trackpoint><Time>2025-12-14T20:18:47.000Z</Time><HeartRateBpm><Value>75</Value></HeartRateBpm><SensorState>Present</SensorState></Trackpoint><Trackpoint><Time>2025-12-14T20:18:48.000Z</Time><HeartRateBpm><Value>75</Value></HeartRateBpm><SensorState>Present</SensorState></Trackpoint><Trackpoint><Time>2025-12-14T20:18:49.000Z</Time><HeartRateBpm><Value>76</Value></HeartRateBpm><SensorState>Present</SensorState></Trackpoint><Trackpoint><Time>2025-12-14T20:18:50.000Z</Time><HeartRateBpm><Value>76</Value></HeartRateBpm><SensorState>Present</SensorState></Trackpoint><Trackpoint><Time>2025-12-14T20:18:51.000Z</Time><HeartRateBpm><Value>77</Value></HeartRateBpm><SensorState>Present</SensorState></Trackpoint><Trackpoint><Time>2025-12-14T20:18:52.000Z</Time><HeartRateBpm><Value>77</Value></HeartRateBpm><SensorState>Present</SensorState></Trackpoint><Trackpoint><Time>2025-12-14T20:18:53.000Z</Time><HeartRateBpm><Value>76</Value></HeartRateBpm><SensorState>Present</SensorState></Trackpoint><Trackpoint><Time>2025-12-14T20:18:54.000Z</Time><HeartRateBpm><Value>75</Value></HeartRateBpm><SensorState>Present</SensorState></Trackpoint><Trackpoint><Time>2025-12-14T20:18:55.000Z</Time><HeartRateBpm><Value>75</Value></HeartRateBpm><SensorState>Present</SensorState></Trackpoint><Trackpoint><Time>2025-12-14T20:18:56.000Z</Time><HeartRateBpm><Value>75</Value></HeartRateBpm><SensorState>Present</SensorState></Trackpoint><Trackpoint><Time>2025-12-14T20:18:57.000Z</Time><HeartRateBpm><Value>76</Value></HeartRateBpm><SensorState>Present</SensorState></Trackpoint><Trackpoint><Time>2025-12-14T20:18:58.000Z</Time><HeartRateBpm><Value>77</Value></HeartRateBpm><SensorState>Present</SensorState></Trackpoint><Trackpoint><Time>2025-12-14T20:18:59.000Z</Time><HeartRateBpm><Value>78</Value></HeartRateBpm><SensorState>Present</SensorState></Trackpoint><Trackpoint><Time>2025-12-14T20:19:00.000Z</Time><HeartRateBpm><Value>79</Value></HeartRateBpm><SensorState>Present</SensorState></Trackpoint><Trackpoint><Time>2025-12-14T20:19:01.000Z</Time><HeartRateBpm><Value>78</Value></HeartRateBpm><SensorState>Present</SensorState></Trackpoint><Trackpoint><Time>2025-12-14T20:19:02.000Z</Time><HeartRateBpm><Value>78</Value></HeartRateBpm><SensorState>Present</SensorState></Trackpoint><Trackpoint><Time>2025-12-14T20:19:03.000Z</Time><HeartRateBpm><Value>78</Value></HeartRateBpm><SensorState>Present</SensorState></Trackpoint><Trackpoint><Time>2025-12-14T20:19:04.000Z</Time><HeartRateBpm><Value>77</Value></HeartRateBpm><SensorState>Present</SensorState></Trackpoint><Trackpoint><Time>2025-12-14T20:19:05.000Z</Time><HeartRateBpm><Value>76</Value></HeartRateBpm><SensorState>Present</SensorState></Trackpoint><Trackpoint><Time>2025-12-14T20:19:06.000Z</Time><HeartRateBpm><Value>76</Value></HeartRateBpm><SensorState>Present</SensorState></Trackpoint><Trackpoint><Time>2025-12-14T20:19:07.000Z</Time><HeartRateBpm><Value>75</Value></HeartRateBpm><SensorState>Present</SensorState></Trackpoint><Trackpoint><Time>2025-12-14T20:19:08.000Z</Time><HeartRateBpm><Value>76</Value></HeartRateBpm><SensorState>Present</SensorState></Trackpoint><Trackpoint><Time>2025-12-14T20:19:09.000Z</Time><HeartRateBpm><Value>76</Value></HeartRateBpm><SensorState>Present</SensorState></Trackpoint><Trackpoint><Time>2025-12-14T20:19:10.000Z</Time><HeartRateBpm><Value>77</Value></HeartRateBpm><SensorState>Present</SensorState></Trackpoint><Trackpoint><Time>2025-12-14T20:19:11.000Z</Time><HeartRateBpm><Value>78</Value></HeartRateBpm><SensorState>Present</SensorState></Trackpoint><Trackpoint><Time>2025-12-14T20:19:12.000Z</Time><HeartRateBpm><Value>78</Value></HeartRateBpm><SensorState>Present</SensorState></Trackpoint><Trackpoint><Time>2025-12-14T20:19:13.000Z</Time><HeartRateBpm><Value>79</Value></HeartRateBpm><SensorState>Present</SensorState></Trackpoint><Trackpoint><Time>2025-12-14T20:19:14.000Z</Time><HeartRateBpm><Value>79</Value></HeartRateBpm><SensorState>Present</SensorState></Trackpoint><Trackpoint><Time>2025-12-14T20:19:15.000Z</Time><HeartRateBpm><Value>78</Value></HeartRateBpm><SensorState>Present</SensorState></Trackpoint><Trackpoint><Time>2025-12-14T20:19:16.000Z</Time><HeartRateBpm><Value>78</Value></HeartRateBpm><SensorState>Present</SensorState></Trackpoint><Trackpoint><Time>2025-12-14T20:19:17.000Z</Time><HeartRateBpm><Value>77</Value></HeartRateBpm><SensorState>Present</SensorState></Trackpoint><Trackpoint><Time>2025-12-14T20:19:18.000Z</Time><HeartRateBpm><Value>76</Value></HeartRateBpm><SensorState>Present</SensorState></Trackpoint><Trackpoint><Time>2025-12-14T20:19:19.000Z</Time><HeartRateBpm><Value>76</Value></HeartRateBpm><SensorState>Present</SensorState></Trackpoint><Trackpoint><Time>2025-12-14T20:19:20.000Z</Time><HeartRateBpm><Value>75</Value></HeartRateBpm><SensorState>Present</SensorState></Trackpoint><Trackpoint><Time>2025-12-14T20:19:21.000Z</Time><HeartRateBpm><Value>75</Value></HeartRateBpm><SensorState>Present</SensorState></Trackpoint><Trackpoint><Time>2025-12-14T20:19:22.000Z</Time><HeartRateBpm><Value>75</Value></HeartRateBpm><SensorState>Present</SensorState></Trackpoint><Trackpoint><Time>2025-12-14T20:19:23.000Z</Time><HeartRateBpm><Value>75</Value></HeartRateBpm><SensorState>Present</SensorState></Trackpoint><Trackpoint><Time>2025-12-14T20:19:24.000Z</Time><HeartRateBpm><Value>75</Value></HeartRateBpm><SensorState>Present</SensorState></Trackpoint><Trackpoint><Time>2025-12-14T20:19:25.000Z</Time><HeartRateBpm><Value>76</Value></HeartRateBpm><SensorState>Present</SensorState></Trackpoint><Trackpoint><Time>2025-12-14T20:19:26.000Z</Time><HeartRateBpm><Value>77</Value></HeartRateBpm><SensorState>Present</SensorState></Trackpoint><Trackpoint><Time>2025-12-14T20:19:27.000Z</Time><HeartRateBpm><Value>80</Value></HeartRateBpm><SensorState>Present</SensorState></Trackpoint><Trackpoint><Time>2025-12-14T20:19:28.000Z</Time><HeartRateBpm><Value>81</Value></HeartRateBpm><SensorState>Present</SensorState></Trackpoint><Trackpoint><Time>2025-12-14T20:19:29.000Z</Time><HeartRateBpm><Value>82</Value></HeartRateBpm><SensorState>Present</SensorState></Trackpoint><Trackpoint><Time>2025-12-14T20:19:30.000Z</Time><HeartRateBpm><Value>82</Value></HeartRateBpm><SensorState>Present</SensorState></Trackpoint><Trackpoint><Time>2025-12-14T20:19:31.000Z</Time><HeartRateBpm><Value>82</Value></HeartRateBpm><SensorState>Present</SensorState></Trackpoint><Trackpoint><Time>2025-12-14T20:19:32.000Z</Time><HeartRateBpm><Value>81</Value></HeartRateBpm><SensorState>Present</SensorState></Trackpoint><Trackpoint><Time>2025-12-14T20:19:33.000Z</Time><HeartRateBpm><Value>80</Value></HeartRateBpm><SensorState>Present</SensorState></Trackpoint><Trackpoint><Time>2025-12-14T20:19:34.000Z</Time><HeartRateBpm><Value>80</Value></HeartRateBpm><SensorState>Present</SensorState></Trackpoint><Trackpoint><Time>2025-12-14T20:19:35.000Z</Time><HeartRateBpm><Value>80</Value></HeartRateBpm><SensorState>Present</SensorState></Trackpoint><Trackpoint><Time>2025-12-14T20:19:36.000Z</Time><HeartRateBpm><Value>80</Value></HeartRateBpm><SensorState>Present</SensorState></Trackpoint><Trackpoint><Time>2025-12-14T20:19:37.000Z</Time><HeartRateBpm><Value>80</Value></HeartRateBpm><SensorState>Present</SensorState></Trackpoint><Trackpoint><Time>2025-12-14T20:19:38.000Z</Time><HeartRateBpm><Value>81</Value></HeartRateBpm><SensorState>Present</SensorState></Trackpoint><Trackpoint><Time>2025-12-14T20:19:39.000Z</Time><HeartRateBpm><Value>84</Value></HeartRateBpm><SensorState>Present</SensorState></Trackpoint><Trackpoint><Time>2025-12-14T20:19:40.000Z</Time><HeartRateBpm><Value>88</Value></HeartRateBpm><SensorState>Present</SensorState></Trackpoint><Trackpoint><Time>2025-12-14T20:19:41.000Z</Time><HeartRateBpm><Value>88</Value></HeartRateBpm><SensorState>Present</SensorState></Trackpoint><Trackpoint><Time>2025-12-14T20:19:42.000Z</Time><HeartRateBpm><Value>88</Value></HeartRateBpm><SensorState>Present</SensorState></Trackpoint><Trackpoint><Time>2025-12-14T20:19:43.000Z</Time><HeartRateBpm><Value>91</Value></HeartRateBpm><SensorState>Present</SensorState></Trackpoint><Trackpoint><Time>2025-12-14T20:19:44.000Z</Time><HeartRateBpm><Value>92</Value></HeartRateBpm><SensorState>Present</SensorState></Trackpoint><Trackpoint><Time>2025-12-14T20:19:45.000Z</Time><HeartRateBpm><Value>94</Value></HeartRateBpm><SensorState>Present</SensorState></Trackpoint><Trackpoint><Time>2025-12-14T20:19:46.000Z</Time><HeartRateBpm><Value>97</Value></HeartRateBpm><SensorState>Present</SensorState></Trackpoint><Trackpoint><Time>2025-12-14T20:19:47.000Z</Time><HeartRateBpm><Value>101</Value></HeartRateBpm><SensorState>Present</SensorState></Trackpoint><Trackpoint><Time>2025-12-14T20:19:48.000Z</Time><HeartRateBpm><Value>104</Value></HeartRateBpm><SensorState>Present</SensorState></Trackpoint><Trackpoint><Time>2025-12-14T20:19:49.000Z</Time><HeartRateBpm><Value>105</Value></HeartRateBpm><SensorState>Present</SensorState></Trackpoint><Trackpoint><Time>2025-12-14T20:19:50.000Z</Time><HeartRateBpm><Value>107</Value></HeartRateBpm><SensorState>Present</SensorState></Trackpoint><Trackpoint><Time>2025-12-14T20:19:51.000Z</Time><HeartRateBpm><Value>109</Value></HeartRateBpm><SensorState>Present</SensorState></Trackpoint><Trackpoint><Time>2025-12-14T20:19:52.000Z</Time><HeartRateBpm><Value>110</Value></HeartRateBpm><SensorState>Present</SensorState></Trackpoint><Trackpoint><Time>2025-12-14T20:19:53.000Z</Time><HeartRateBpm><Value>111</Value></HeartRateBpm><SensorState>Present</SensorState></Trackpoint><Trackpoint><Time>2025-12-14T20:19:54.000Z</Time><HeartRateBpm><Value>112</Value></HeartRateBpm><SensorState>Present</SensorState></Trackpoint><Trackpoint><Time>2025-12-14T20:19:55.000Z</Time><HeartRateBpm><Value>113</Value></HeartRateBpm><SensorState>Present</SensorState></Trackpoint><Trackpoint><Time>2025-12-14T20:19:56.000Z</Time><HeartRateBpm><Value>114</Value></HeartRateBpm><SensorState>Present</SensorState></Trackpoint><Trackpoint><Time>2025-12-14T20:19:57.000Z</Time><HeartRateBpm><Value>115</Value></HeartRateBpm><SensorState>Present</SensorState></Trackpoint><Trackpoint><Time>2025-12-14T20:19:58.000Z</Time><HeartRateBpm><Value>115</Value></HeartRateBpm><SensorState>Present</SensorState></Trackpoint><Trackpoint><Time>2025-12-14T20:19:59.000Z</Time><HeartRateBpm><Value>115</Value></HeartRateBpm><SensorState>Present</SensorState></Trackpoint><Trackpoint><Time>2025-12-14T20:20:00.000Z</Time><HeartRateBpm><Value>116</Value></HeartRateBpm><SensorState>Present</SensorState></Trackpoint><Trackpoint><Time>2025-12-14T20:20:01.000Z</Time><HeartRateBpm><Value>115</Value></HeartRateBpm><SensorState>Present</SensorState></Trackpoint><Trackpoint><Time>2025-12-14T20:20:02.000Z</Time><HeartRateBpm><Value>115</Value></HeartRateBpm><SensorState>Present</SensorState></Trackpoint><Trackpoint><Time>2025-12-14T20:20:03.000Z</Time><HeartRateBpm><Value>114</Value></HeartRateBpm><SensorState>Present</SensorState></Trackpoint><Trackpoint><Time>2025-12-14T20:20:04.000Z</Time><HeartRateBpm><Value>113</Value></HeartRateBpm><SensorState>Present</SensorState></Trackpoint><Trackpoint><Time>2025-12-14T20:20:05.000Z</Time><HeartRateBpm><Value>113</Value></HeartRateBpm><SensorState>Present</SensorState></Trackpoint><Trackpoint><Time>2025-12-14T20:20:06.000Z</Time><HeartRateBpm><Value>112</Value></HeartRateBpm><SensorState>Present</SensorState></Trackpoint><Trackpoint><Time>2025-12-14T20:20:07.000Z</Time><HeartRateBpm><Value>112</Value></HeartRateBpm><SensorState>Present</SensorState></Trackpoint><Trackpoint><Time>2025-12-14T20:20:08.000Z</Time><HeartRateBpm><Value>111</Value></HeartRateBpm><SensorState>Present</SensorState></Trackpoint><Trackpoint><Time>2025-12-14T20:20:09.000Z</Time><HeartRateBpm><Value>110</Value></HeartRateBpm><SensorState>Present</SensorState></Trackpoint><Trackpoint><Time>2025-12-14T20:20:10.000Z</Time><HeartRateBpm><Value>111</Value></HeartRateBpm><SensorState>Present</SensorState></Trackpoint><Trackpoint><Time>2025-12-14T20:20:11.000Z</Time><HeartRateBpm><Value>111</Value></HeartRateBpm><SensorState>Present</SensorState></Trackpoint><Trackpoint><Time>2025-12-14T20:20:12.000Z</Time><HeartRateBpm><Value>111</Value></HeartRateBpm><SensorState>Present</SensorState></Trackpoint><Trackpoint><Time>2025-12-14T20:20:13.000Z</Time><HeartRateBpm><Value>112</Value></HeartRateBpm><SensorState>Present</SensorState></Trackpoint><Trackpoint><Time>2025-12-14T20:20:14.000Z</Time><HeartRateBpm><Value>112</Value></HeartRateBpm><SensorState>Present</SensorState></Trackpoint><Trackpoint><Time>2025-12-14T20:20:15.000Z</Time><HeartRateBpm><Value>113</Value></HeartRateBpm><SensorState>Present</SensorState></Trackpoint><Trackpoint><Time>2025-12-14T20:20:16.000Z</Time><HeartRateBpm><Value>114</Value></HeartRateBpm><SensorState>Present</SensorState></Trackpoint><Trackpoint><Time>2025-12-14T20:20:17.000Z</Time><HeartRateBpm><Value>112</Value></HeartRateBpm><SensorState>Present</SensorState></Trackpoint><Trackpoint><Time>2025-12-14T20:20:18.000Z</Time><HeartRateBpm><Value>111</Value></HeartRateBpm><SensorState>Present</SensorState></Trackpoint><Trackpoint><Time>2025-12-14T20:20:19.000Z</Time><HeartRateBpm><Value>108</Value></HeartRateBpm><SensorState>Present</SensorState></Trackpoint><Trackpoint><Time>2025-12-14T20:20:20.000Z</Time><HeartRateBpm><Value>107</Value></HeartRateBpm><SensorState>Present</SensorState></Trackpoint><Trackpoint><Time>2025-12-14T20:20:21.000Z</Time><HeartRateBpm><Value>107</Value></HeartRateBpm><SensorState>Present</SensorState></Trackpoint><Trackpoint><Time>2025-12-14T20:20:22.000Z</Time><HeartRateBpm><Value>107</Value></HeartRateBpm><SensorState>Present</SensorState></Trackpoint><Trackpoint><Time>2025-12-14T20:20:23.000Z</Time><HeartRateBpm><Value>108</Value></HeartRateBpm><SensorState>Present</SensorState></Trackpoint><Trackpoint><Time>2025-12-14T20:20:24.000Z</Time><HeartRateBpm><Value>110</Value></HeartRateBpm><SensorState>Present</SensorState></Trackpoint><Trackpoint><Time>2025-12-14T20:20:25.000Z</Time><HeartRateBpm><Value>112</Value></HeartRateBpm><SensorState>Present</SensorState></Trackpoint><Trackpoint><Time>2025-12-14T20:20:26.000Z</Time><HeartRateBpm><Value>113</Value></HeartRateBpm><SensorState>Present</SensorState></Trackpoint><Trackpoint><Time>2025-12-14T20:20:27.000Z</Time><HeartRateBpm><Value>115</Value></HeartRateBpm><SensorState>Present</SensorState></Trackpoint><Trackpoint><Time>2025-12-14T20:20:28.000Z</Time><HeartRateBpm><Value>116</Value></HeartRateBpm><SensorState>Present</SensorState></Trackpoint><Trackpoint><Time>2025-12-14T20:20:29.000Z</Time><HeartRateBpm><Value>118</Value></HeartRateBpm><SensorState>Present</SensorState></Trackpoint><Trackpoint><Time>2025-12-14T20:20:30.000Z</Time><HeartRateBpm><Value>118</Value></HeartRateBpm><SensorState>Present</SensorState></Trackpoint><Trackpoint><Time>2025-12-14T20:20:31.000Z</Time><HeartRateBpm><Value>118</Value></HeartRateBpm><SensorState>Present</SensorState></Trackpoint><Trackpoint><Time>2025-12-14T20:20:32.000Z</Time><HeartRateBpm><Value>120</Value></HeartRateBpm><SensorState>Present</SensorState></Trackpoint><Trackpoint><Time>2025-12-14T20:20:33.000Z</Time><HeartRateBpm><Value>121</Value></HeartRateBpm><SensorState>Present</SensorState></Trackpoint><Trackpoint><Time>2025-12-14T20:20:34.000Z</Time><HeartRateBpm><Value>122</Value></HeartRateBpm><SensorState>Present</SensorState></Trackpoint><Trackpoint><Time>2025-12-14T20:20:35.000Z</Time><HeartRateBpm><Value>124</Value></HeartRateBpm><SensorState>Present</SensorState></Trackpoint><Trackpoint><Time>2025-12-14T20:20:36.000Z</Time><HeartRateBpm><Value>124</Value></HeartRateBpm><SensorState>Present</SensorState></Trackpoint><Trackpoint><Time>2025-12-14T20:20:37.000Z</Time><HeartRateBpm><Value>124</Value></HeartRateBpm><SensorState>Present</SensorState></Trackpoint><Trackpoint><Time>2025-12-14T20:20:38.000Z</Time><HeartRateBpm><Value>124</Value></HeartRateBpm><SensorState>Present</SensorState></Trackpoint><Trackpoint><Time>2025-12-14T20:20:39.000Z</Time><HeartRateBpm><Value>124</Value></HeartRateBpm><SensorState>Present</SensorState></Trackpoint><Trackpoint><Time>2025-12-14T20:20:40.000Z</Time><HeartRateBpm><Value>124</Value></HeartRateBpm><SensorState>Present</SensorState></Trackpoint><Trackpoint><Time>2025-12-14T20:20:41.000Z</Time><HeartRateBpm><Value>123</Value></HeartRateBpm><SensorState>Present</SensorState></Trackpoint><Trackpoint><Time>2025-12-14T20:20:42.000Z</Time><HeartRateBpm><Value>122</Value></HeartRateBpm><SensorState>Present</SensorState></Trackpoint><Trackpoint><Time>2025-12-14T20:20:43.000Z</Time><HeartRateBpm><Value>120</Value></HeartRateBpm><SensorState>Present</SensorState></Trackpoint><Trackpoint><Time>2025-12-14T20:20:44.000Z</Time><HeartRateBpm><Value>118</Value></HeartRateBpm><SensorState>Present</SensorState></Trackpoint><Trackpoint><Time>2025-12-14T20:20:45.000Z</Time><HeartRateBpm><Value>116</Value></HeartRateBpm><SensorState>Present</SensorState></Trackpoint><Trackpoint><Time>2025-12-14T20:20:46.000Z</Time><HeartRateBpm><Value>115</Value></HeartRateBpm><SensorState>Present</SensorState></Trackpoint><Trackpoint><Time>2025-12-14T20:20:47.000Z</Time><HeartRateBpm><Value>114</Value></HeartRateBpm><SensorState>Present</SensorState></Trackpoint><Trackpoint><Time>2025-12-14T20:20:48.000Z</Time><HeartRateBpm><Value>113</Value></HeartRateBpm><SensorState>Present</SensorState></Trackpoint><Trackpoint><Time>2025-12-14T20:20:49.000Z</Time><HeartRateBpm><Value>113</Value></HeartRateBpm><SensorState>Present</SensorState></Trackpoint><Trackpoint><Time>2025-12-14T20:20:50.000Z</Time><HeartRateBpm><Value>114</Value></HeartRateBpm><SensorState>Present</SensorState></Trackpoint><Trackpoint><Time>2025-12-14T20:20:51.000Z</Time><HeartRateBpm><Value>114</Value></HeartRateBpm><SensorState>Present</SensorState></Trackpoint><Trackpoint><Time>2025-12-14T20:20:52.000Z</Time><HeartRateBpm><Value>114</Value></HeartRateBpm><SensorState>Present</SensorState></Trackpoint><Trackpoint><Time>2025-12-14T20:20:53.000Z</Time><HeartRateBpm><Value>113</Value></HeartRateBpm><SensorState>Present</SensorState></Trackpoint><Trackpoint><Time>2025-12-14T20:20:54.000Z</Time><HeartRateBpm><Value>113</Value></HeartRateBpm><SensorState>Present</SensorState></Trackpoint><Trackpoint><Time>2025-12-14T20:20:55.000Z</Time><HeartRateBpm><Value>111</Value></HeartRateBpm><SensorState>Present</SensorState></Trackpoint><Trackpoint><Time>2025-12-14T20:20:56.000Z</Time><HeartRateBpm><Value>108</Value></HeartRateBpm><SensorState>Present</SensorState></Trackpoint><Trackpoint><Time>2025-12-14T20:20:57.000Z</Time><HeartRateBpm><Value>106</Value></HeartRateBpm><SensorState>Present</SensorState></Trackpoint><Trackpoint><Time>2025-12-14T20:20:58.000Z</Time><HeartRateBpm><Value>106</Value></HeartRateBpm><SensorState>Present</SensorState></Trackpoint><Trackpoint><Time>2025-12-14T20:20:59.000Z</Time><HeartRateBpm><Value>107</Value></HeartRateBpm><SensorState>Present</SensorState></Trackpoint><Trackpoint><Time>2025-12-14T20:21:00.000Z</Time><HeartRateBpm><Value>109</Value></HeartRateBpm><SensorState>Present</SensorState></Trackpoint><Trackpoint><Time>2025-12-14T20:21:01.000Z</Time><HeartRateBpm><Value>112</Value></HeartRateBpm><SensorState>Present</SensorState></Trackpoint><Trackpoint><Time>2025-12-14T20:21:02.000Z</Time><HeartRateBpm><Value>113</Value></HeartRateBpm><SensorState>Present</SensorState></Trackpoint><Trackpoint><Time>2025-12-14T20:21:03.000Z</Time><HeartRateBpm><Value>113</Value></HeartRateBpm><SensorState>Present</SensorState></Trackpoint><Trackpoint><Time>2025-12-14T20:21:04.000Z</Time><HeartRateBpm><Value>114</Value></HeartRateBpm><SensorState>Present</SensorState></Trackpoint><Trackpoint><Time>2025-12-14T20:21:05.000Z</Time><HeartRateBpm><Value>116</Value></HeartRateBpm><SensorState>Present</SensorState></Trackpoint><Trackpoint><Time>2025-12-14T20:21:06.000Z</Time><HeartRateBpm><Value>117</Value></HeartRateBpm><SensorState>Present</SensorState></Trackpoint><Trackpoint><Time>2025-12-14T20:21:07.000Z</Time><HeartRateBpm><Value>117</Value></HeartRateBpm><SensorState>Present</SensorState></Trackpoint><Trackpoint><Time>2025-12-14T20:21:08.000Z</Time><HeartRateBpm><Value>117</Value></HeartRateBpm><SensorState>Present</SensorState></Trackpoint><Trackpoint><Time>2025-12-14T20:21:09.000Z</Time><HeartRateBpm><Value>118</Value></HeartRateBpm><SensorState>Present</SensorState></Trackpoint><Trackpoint><Time>2025-12-14T20:21:10.000Z</Time><HeartRateBpm><Value>118</Value></HeartRateBpm><SensorState>Present</SensorState></Trackpoint><Trackpoint><Time>2025-12-14T20:21:11.000Z</Time><HeartRateBpm><Value>118</Value></HeartRateBpm><SensorState>Present</SensorState></Trackpoint><Trackpoint><Time>2025-12-14T20:21:12.000Z</Time><HeartRateBpm><Value>119</Value></HeartRateBpm><SensorState>Present</SensorState></Trackpoint><Trackpoint><Time>2025-12-14T20:21:13.000Z</Time><HeartRateBpm><Value>119</Value></HeartRateBpm><SensorState>Present</SensorState></Trackpoint><Trackpoint><Time>2025-12-14T20:21:14.000Z</Time><HeartRateBpm><Value>120</Value></HeartRateBpm><SensorState>Present</SensorState></Trackpoint><Trackpoint><Time>2025-12-14T20:21:15.000Z</Time><HeartRateBpm><Value>121</Value></HeartRateBpm><SensorState>Present</SensorState></Trackpoint><Trackpoint><Time>2025-12-14T20:21:16.000Z</Time><HeartRateBpm><Value>122</Value></HeartRateBpm><SensorState>Present</SensorState></Trackpoint><Trackpoint><Time>2025-12-14T20:21:17.000Z</Time><HeartRateBpm><Value>123</Value></HeartRateBpm><SensorState>Present</SensorState></Trackpoint><Trackpoint><Time>2025-12-14T20:21:18.000Z</Time><HeartRateBpm><Value>123</Value></HeartRateBpm><SensorState>Present</SensorState></Trackpoint><Trackpoint><Time>2025-12-14T20:21:19.000Z</Time><HeartRateBpm><Value>123</Value></HeartRateBpm><SensorState>Present</SensorState></Trackpoint><Trackpoint><Time>2025-12-14T20:21:20.000Z</Time><HeartRateBpm><Value>124</Value></HeartRateBpm><SensorState>Present</SensorState></Trackpoint><Trackpoint><Time>2025-12-14T20:21:21.000Z</Time><HeartRateBpm><Value>124</Value></HeartRateBpm><SensorState>Present</SensorState></Trackpoint><Trackpoint><Time>2025-12-14T20:21:22.000Z</Time><HeartRateBpm><Value>125</Value></HeartRateBpm><SensorState>Present</SensorState></Trackpoint><Trackpoint><Time>2025-12-14T20:21:23.000Z</Time><HeartRateBpm><Value>125</Value></HeartRateBpm><SensorState>Present</SensorState></Trackpoint><Trackpoint><Time>2025-12-14T20:21:24.000Z</Time><HeartRateBpm><Value>125</Value></HeartRateBpm><SensorState>Present</SensorState></Trackpoint><Trackpoint><Time>2025-12-14T20:21:25.000Z</Time><HeartRateBpm><Value>126</Value></HeartRateBpm><SensorState>Present</SensorState></Trackpoint><Trackpoint><Time>2025-12-14T20:21:26.000Z</Time><HeartRateBpm><Value>127</Value></HeartRateBpm><SensorState>Present</SensorState></Trackpoint><Trackpoint><Time>2025-12-14T20:21:27.000Z</Time><HeartRateBpm><Value>128</Value></HeartRateBpm><SensorState>Present</SensorState></Trackpoint><Trackpoint><Time>2025-12-14T20:21:28.000Z</Time><HeartRateBpm><Value>128</Value></HeartRateBpm><SensorState>Present</SensorState></Trackpoint><Trackpoint><Time>2025-12-14T20:21:29.000Z</Time><HeartRateBpm><Value>128</Value></HeartRateBpm><SensorState>Present</SensorState></Trackpoint><Trackpoint><Time>2025-12-14T20:21:30.000Z</Time><HeartRateBpm><Value>129</Value></HeartRateBpm><SensorState>Present</SensorState></Trackpoint><Trackpoint><Time>2025-12-14T20:21:31.000Z</Time><HeartRateBpm><Value>129</Value></HeartRateBpm><SensorState>Present</SensorState></Trackpoint><Trackpoint><Time>2025-12-14T20:21:32.000Z</Time><HeartRateBpm><Value>128</Value></HeartRateBpm><SensorState>Present</SensorState></Trackpoint><Trackpoint><Time>2025-12-14T20:21:33.000Z</Time><HeartRateBpm><Value>128</Value></HeartRateBpm><SensorState>Present</SensorState></Trackpoint><Trackpoint><Time>2025-12-14T20:21:34.000Z</Time><HeartRateBpm><Value>127</Value></HeartRateBpm><SensorState>Present</SensorState></Trackpoint><Trackpoint><Time>2025-12-14T20:21:35.000Z</Time><HeartRateBpm><Value>126</Value></HeartRateBpm><SensorState>Present</SensorState></Trackpoint><Trackpoint><Time>2025-12-14T20:21:36.000Z</Time><HeartRateBpm><Value>126</Value></HeartRateBpm><SensorState>Present</SensorState></Trackpoint><Trackpoint><Time>2025-12-14T20:21:37.000Z</Time><HeartRateBpm><Value>126</Value></HeartRateBpm><SensorState>Present</SensorState></Trackpoint><Trackpoint><Time>2025-12-14T20:21:38.000Z</Time><HeartRateBpm><Value>126</Value></HeartRateBpm><SensorState>Present</SensorState></Trackpoint><Trackpoint><Time>2025-12-14T20:21:39.000Z</Time><HeartRateBpm><Value>126</Value></HeartRateBpm><SensorState>Present</SensorState></Trackpoint><Trackpoint><Time>2025-12-14T20:21:40.000Z</Time><HeartRateBpm><Value>127</Value></HeartRateBpm><SensorState>Present</SensorState></Trackpoint><Trackpoint><Time>2025-12-14T20:21:41.000Z</Time><HeartRateBpm><Value>127</Value></HeartRateBpm><SensorState>Present</SensorState></Trackpoint><Trackpoint><Time>2025-12-14T20:21:42.000Z</Time><HeartRateBpm><Value>128</Value></HeartRateBpm><SensorState>Present</SensorState></Trackpoint><Trackpoint><Time>2025-12-14T20:21:43.000Z</Time><HeartRateBpm><Value>129</Value></HeartRateBpm><SensorState>Present</SensorState></Trackpoint><Trackpoint><Time>2025-12-14T20:21:44.000Z</Time><HeartRateBpm><Value>129</Value></HeartRateBpm><SensorState>Present</SensorState></Trackpoint><Trackpoint><Time>2025-12-14T20:21:45.000Z</Time><HeartRateBpm><Value>129</Value></HeartRateBpm><SensorState>Present</SensorState></Trackpoint><Trackpoint><Time>2025-12-14T20:21:46.000Z</Time><HeartRateBpm><Value>129</Value></HeartRateBpm><SensorState>Present</SensorState></Trackpoint><Trackpoint><Time>2025-12-14T20:21:47.000Z</Time><HeartRateBpm><Value>130</Value></HeartRateBpm><SensorState>Present</SensorState></Trackpoint><Trackpoint><Time>2025-12-14T20:21:48.000Z</Time><HeartRateBpm><Value>131</Value></HeartRateBpm><SensorState>Present</SensorState></Trackpoint><Trackpoint><Time>2025-12-14T20:21:49.000Z</Time><HeartRateBpm><Value>132</Value></HeartRateBpm><SensorState>Present</SensorState></Trackpoint><Trackpoint><Time>2025-12-14T20:21:50.000Z</Time><HeartRateBpm><Value>133</Value></HeartRateBpm><SensorState>Present</SensorState></Trackpoint><Trackpoint><Time>2025-12-14T20:21:51.000Z</Time><HeartRateBpm><Value>134</Value></HeartRateBpm><SensorState>Present</SensorState></Trackpoint><Trackpoint><Time>2025-12-14T20:21:52.000Z</Time><HeartRateBpm><Value>134</Value></HeartRateBpm><SensorState>Present</SensorState></Trackpoint><Trackpoint><Time>2025-12-14T20:21:53.000Z</Time><HeartRateBpm><Value>134</Value></HeartRateBpm><SensorState>Present</SensorState></Trackpoint><Trackpoint><Time>2025-12-14T20:21:54.000Z</Time><HeartRateBpm><Value>134</Value></HeartRateBpm><SensorState>Present</SensorState></Trackpoint><Trackpoint><Time>2025-12-14T20:21:55.000Z</Time><HeartRateBpm><Value>135</Value></HeartRateBpm><SensorState>Present</SensorState></Trackpoint><Trackpoint><Time>2025-12-14T20:21:56.000Z</Time><HeartRateBpm><Value>135</Value></HeartRateBpm><SensorState>Present</SensorState></Trackpoint><Trackpoint><Time>2025-12-14T20:21:57.000Z</Time><HeartRateBpm><Value>135</Value></HeartRateBpm><SensorState>Present</SensorState></Trackpoint><Trackpoint><Time>2025-12-14T20:21:58.000Z</Time><HeartRateBpm><Value>136</Value></HeartRateBpm><SensorState>Present</SensorState></Trackpoint><Trackpoint><Time>2025-12-14T20:21:59.000Z</Time><HeartRateBpm><Value>136</Value></HeartRateBpm><SensorState>Present</SensorState></Trackpoint><Trackpoint><Time>2025-12-14T20:22:00.000Z</Time><HeartRateBpm><Value>136</Value></HeartRateBpm><SensorState>Present</SensorState></Trackpoint><Trackpoint><Time>2025-12-14T20:22:01.000Z</Time><HeartRateBpm><Value>136</Value></HeartRateBpm><SensorState>Present</SensorState></Trackpoint><Trackpoint><Time>2025-12-14T20:22:02.000Z</Time><HeartRateBpm><Value>136</Value></HeartRateBpm><SensorState>Present</SensorState></Trackpoint><Trackpoint><Time>2025-12-14T20:22:03.000Z</Time><HeartRateBpm><Value>136</Value></HeartRateBpm><SensorState>Present</SensorState></Trackpoint><Trackpoint><Time>2025-12-14T20:22:04.000Z</Time><HeartRateBpm><Value>136</Value></HeartRateBpm><SensorState>Present</SensorState></Trackpoint><Trackpoint><Time>2025-12-14T20:22:05.000Z</Time><HeartRateBpm><Value>137</Value></HeartRateBpm><SensorState>Present</SensorState></Trackpoint><Trackpoint><Time>2025-12-14T20:22:06.000Z</Time><HeartRateBpm><Value>137</Value></HeartRateBpm><SensorState>Present</SensorState></Trackpoint><Trackpoint><Time>2025-12-14T20:22:07.000Z</Time><HeartRateBpm><Value>137</Value></HeartRateBpm><SensorState>Present</SensorState></Trackpoint><Trackpoint><Time>2025-12-14T20:22:08.000Z</Time><HeartRateBpm><Value>137</Value></HeartRateBpm><SensorState>Present</SensorState></Trackpoint><Trackpoint><Time>2025-12-14T20:22:09.000Z</Time><HeartRateBpm><Value>137</Value></HeartRateBpm><SensorState>Present</SensorState></Trackpoint><Trackpoint><Time>2025-12-14T20:22:10.000Z</Time><HeartRateBpm><Value>137</Value></HeartRateBpm><SensorState>Present</SensorState></Trackpoint><Trackpoint><Time>2025-12-14T20:22:11.000Z</Time><HeartRateBpm><Value>137</Value></HeartRateBpm><SensorState>Present</SensorState></Trackpoint><Trackpoint><Time>2025-12-14T20:22:12.000Z</Time><HeartRateBpm><Value>136</Value></HeartRateBpm><SensorState>Present</SensorState></Trackpoint><Trackpoint><Time>2025-12-14T20:22:13.000Z</Time><HeartRateBpm><Value>135</Value></HeartRateBpm><SensorState>Present</SensorState></Trackpoint><Trackpoint><Time>2025-12-14T20:22:14.000Z</Time><HeartRateBpm><Value>135</Value></HeartRateBpm><SensorState>Present</SensorState></Trackpoint><Trackpoint><Time>2025-12-14T20:22:15.000Z</Time><HeartRateBpm><Value>134</Value></HeartRateBpm><SensorState>Present</SensorState></Trackpoint><Trackpoint><Time>2025-12-14T20:22:16.000Z</Time><HeartRateBpm><Value>133</Value></HeartRateBpm><SensorState>Present</SensorState></Trackpoint><Trackpoint><Time>2025-12-14T20:22:17.000Z</Time><HeartRateBpm><Value>133</Value></HeartRateBpm><SensorState>Present</SensorState></Trackpoint><Trackpoint><Time>2025-12-14T20:22:18.000Z</Time><HeartRateBpm><Value>133</Value></HeartRateBpm><SensorState>Present</SensorState></Trackpoint><Trackpoint><Time>2025-12-14T20:22:19.000Z</Time><HeartRateBpm><Value>133</Value></HeartRateBpm><SensorState>Present</SensorState></Trackpoint><Trackpoint><Time>2025-12-14T20:22:20.000Z</Time><HeartRateBpm><Value>134</Value></HeartRateBpm><SensorState>Present</SensorState></Trackpoint><Trackpoint><Time>2025-12-14T20:22:21.000Z</Time><HeartRateBpm><Value>134</Value></HeartRateBpm><SensorState>Present</SensorState></Trackpoint><Trackpoint><Time>2025-12-14T20:22:22.000Z</Time><HeartRateBpm><Value>134</Value></HeartRateBpm><SensorState>Present</SensorState></Trackpoint><Trackpoint><Time>2025-12-14T20:22:23.000Z</Time><HeartRateBpm><Value>136</Value></HeartRateBpm><SensorState>Present</SensorState></Trackpoint><Trackpoint><Time>2025-12-14T20:22:24.000Z</Time><HeartRateBpm><Value>136</Value></HeartRateBpm><SensorState>Present</SensorState></Trackpoint><Trackpoint><Time>2025-12-14T20:22:25.000Z</Time><HeartRateBpm><Value>137</Value></HeartRateBpm><SensorState>Present</SensorState></Trackpoint><Trackpoint><Time>2025-12-14T20:22:26.000Z</Time><HeartRateBpm><Value>137</Value></HeartRateBpm><SensorState>Present</SensorState></Trackpoint><Trackpoint><Time>2025-12-14T20:22:27.000Z</Time><HeartRateBpm><Value>137</Value></HeartRateBpm><SensorState>Present</SensorState></Trackpoint><Trackpoint><Time>2025-12-14T20:22:28.000Z</Time><HeartRateBpm><Value>138</Value></HeartRateBpm><SensorState>Present</SensorState></Trackpoint><Trackpoint><Time>2025-12-14T20:22:29.000Z</Time><HeartRateBpm><Value>139</Value></HeartRateBpm><SensorState>Present</SensorState></Trackpoint><Trackpoint><Time>2025-12-14T20:22:30.000Z</Time><HeartRateBpm><Value>139</Value></HeartRateBpm><SensorState>Present</SensorState></Trackpoint><Trackpoint><Time>2025-12-14T20:22:31.000Z</Time><HeartRateBpm><Value>139</Value></HeartRateBpm><SensorState>Present</SensorState></Trackpoint><Trackpoint><Time>2025-12-14T20:22:32.000Z</Time><HeartRateBpm><Value>139</Value></HeartRateBpm><SensorState>Present</SensorState></Trackpoint><Trackpoint><Time>2025-12-14T20:22:33.000Z</Time><HeartRateBpm><Value>139</Value></HeartRateBpm><SensorState>Present</SensorState></Trackpoint><Trackpoint><Time>2025-12-14T20:22:34.000Z</Time><HeartRateBpm><Value>138</Value></HeartRateBpm><SensorState>Present</SensorState></Trackpoint><Trackpoint><Time>2025-12-14T20:22:35.000Z</Time><HeartRateBpm><Value>138</Value></HeartRateBpm><SensorState>Present</SensorState></Trackpoint><Trackpoint><Time>2025-12-14T20:22:36.000Z</Time><HeartRateBpm><Value>138</Value></HeartRateBpm><SensorState>Present</SensorState></Trackpoint><Trackpoint><Time>2025-12-14T20:22:37.000Z</Time><HeartRateBpm><Value>137</Value></HeartRateBpm><SensorState>Present</SensorState></Trackpoint><Trackpoint><Time>2025-12-14T20:22:38.000Z</Time><HeartRateBpm><Value>137</Value></HeartRateBpm><SensorState>Present</SensorState></Trackpoint><Trackpoint><Time>2025-12-14T20:22:39.000Z</Time><HeartRateBpm><Value>136</Value></HeartRateBpm><SensorState>Present</SensorState></Trackpoint><Trackpoint><Time>2025-12-14T20:22:40.000Z</Time><HeartRateBpm><Value>136</Value></HeartRateBpm><SensorState>Present</SensorState></Trackpoint><Trackpoint><Time>2025-12-14T20:22:41.000Z</Time><HeartRateBpm><Value>136</Value></HeartRateBpm><SensorState>Present</SensorState></Trackpoint><Trackpoint><Time>2025-12-14T20:22:42.000Z</Time><HeartRateBpm><Value>136</Value></HeartRateBpm><SensorState>Present</SensorState></Trackpoint><Trackpoint><Time>2025-12-14T20:22:43.000Z</Time><HeartRateBpm><Value>136</Value></HeartRateBpm><SensorState>Present</SensorState></Trackpoint><Trackpoint><Time>2025-12-14T20:22:44.000Z</Time><HeartRateBpm><Value>136</Value></HeartRateBpm><SensorState>Present</SensorState></Trackpoint><Trackpoint><Time>2025-12-14T20:22:45.000Z</Time><HeartRateBpm><Value>136</Value></HeartRateBpm><SensorState>Present</SensorState></Trackpoint><Trackpoint><Time>2025-12-14T20:22:46.000Z</Time><HeartRateBpm><Value>136</Value></HeartRateBpm><SensorState>Present</SensorState></Trackpoint><Trackpoint><Time>2025-12-14T20:22:47.000Z</Time><HeartRateBpm><Value>136</Value></HeartRateBpm><SensorState>Present</SensorState></Trackpoint><Trackpoint><Time>2025-12-14T20:22:48.000Z</Time><HeartRateBpm><Value>136</Value></HeartRateBpm><SensorState>Present</SensorState></Trackpoint><Trackpoint><Time>2025-12-14T20:22:49.000Z</Time><HeartRateBpm><Value>136</Value></HeartRateBpm><SensorState>Present</SensorState></Trackpoint><Trackpoint><Time>2025-12-14T20:22:50.000Z</Time><HeartRateBpm><Value>136</Value></HeartRateBpm><SensorState>Present</SensorState></Trackpoint><Trackpoint><Time>2025-12-14T20:22:51.000Z</Time><HeartRateBpm><Value>136</Value></HeartRateBpm><SensorState>Present</SensorState></Trackpoint><Trackpoint><Time>2025-12-14T20:22:52.000Z</Time><HeartRateBpm><Value>136</Value></HeartRateBpm><SensorState>Present</SensorState></Trackpoint><Trackpoint><Time>2025-12-14T20:22:53.000Z</Time><HeartRateBpm><Value>136</Value></HeartRateBpm><SensorState>Present</SensorState></Trackpoint><Trackpoint><Time>2025-12-14T20:22:54.000Z</Time><HeartRateBpm><Value>136</Value></HeartRateBpm><SensorState>Present</SensorState></Trackpoint><Trackpoint><Time>2025-12-14T20:22:55.000Z</Time><HeartRateBpm><Value>136</Value></HeartRateBpm><SensorState>Present</SensorState></Trackpoint><Trackpoint><Time>2025-12-14T20:22:56.000Z</Time><HeartRateBpm><Value>136</Value></HeartRateBpm><SensorState>Present</SensorState></Trackpoint><Trackpoint><Time>2025-12-14T20:22:57.000Z</Time><HeartRateBpm><Value>136</Value></HeartRateBpm><SensorState>Present</SensorState></Trackpoint><Trackpoint><Time>2025-12-14T20:22:58.000Z</Time><HeartRateBpm><Value>136</Value></HeartRateBpm><SensorState>Present</SensorState></Trackpoint><Trackpoint><Time>2025-12-14T20:22:59.000Z</Time><HeartRateBpm><Value>136</Value></HeartRateBpm><SensorState>Present</SensorState></Trackpoint><Trackpoint><Time>2025-12-14T20:23:00.000Z</Time><HeartRateBpm><Value>135</Value></HeartRateBpm><SensorState>Present</SensorState></Trackpoint><Trackpoint><Time>2025-12-14T20:23:01.000Z</Time><HeartRateBpm><Value>135</Value></HeartRateBpm><SensorState>Present</SensorState></Trackpoint><Trackpoint><Time>2025-12-14T20:23:02.000Z</Time><HeartRateBpm><Value>135</Value></HeartRateBpm><SensorState>Present</SensorState></Trackpoint><Trackpoint><Time>2025-12-14T20:23:03.000Z</Time><HeartRateBpm><Value>135</Value></HeartRateBpm><SensorState>Present</SensorState></Trackpoint><Trackpoint><Time>2025-12-14T20:23:04.000Z</Time><HeartRateBpm><Value>135</Value></HeartRateBpm><SensorState>Present</SensorState></Trackpoint><Trackpoint><Time>2025-12-14T20:23:05.000Z</Time><HeartRateBpm><Value>135</Value></HeartRateBpm><SensorState>Present</SensorState></Trackpoint><Trackpoint><Time>2025-12-14T20:23:06.000Z</Time><HeartRateBpm><Value>135</Value></HeartRateBpm><SensorState>Present</SensorState></Trackpoint><Trackpoint><Time>2025-12-14T20:23:07.000Z</Time><HeartRateBpm><Value>135</Value></HeartRateBpm><SensorState>Present</SensorState></Trackpoint><Trackpoint><Time>2025-12-14T20:23:08.000Z</Time><HeartRateBpm><Value>135</Value></HeartRateBpm><SensorState>Present</SensorState></Trackpoint><Trackpoint><Time>2025-12-14T20:23:09.000Z</Time><HeartRateBpm><Value>135</Value></HeartRateBpm><SensorState>Present</SensorState></Trackpoint><Trackpoint><Time>2025-12-14T20:23:10.000Z</Time><HeartRateBpm><Value>135</Value></HeartRateBpm><SensorState>Present</SensorState></Trackpoint><Trackpoint><Time>2025-12-14T20:23:11.000Z</Time><HeartRateBpm><Value>135</Value></HeartRateBpm><SensorState>Present</SensorState></Trackpoint><Trackpoint><Time>2025-12-14T20:23:12.000Z</Time><HeartRateBpm><Value>135</Value></HeartRateBpm><SensorState>Present</SensorState></Trackpoint><Trackpoint><Time>2025-12-14T20:23:13.000Z</Time><HeartRateBpm><Value>135</Value></HeartRateBpm><SensorState>Present</SensorState></Trackpoint><Trackpoint><Time>2025-12-14T20:23:14.000Z</Time><HeartRateBpm><Value>135</Value></HeartRateBpm><SensorState>Present</SensorState></Trackpoint><Trackpoint><Time>2025-12-14T20:23:15.000Z</Time><HeartRateBpm><Value>135</Value></HeartRateBpm><SensorState>Present</SensorState></Trackpoint><Trackpoint><Time>2025-12-14T20:23:16.000Z</Time><HeartRateBpm><Value>136</Value></HeartRateBpm><SensorState>Present</SensorState></Trackpoint><Trackpoint><Time>2025-12-14T20:23:17.000Z</Time><HeartRateBpm><Value>140</Value></HeartRateBpm><SensorState>Present</SensorState></Trackpoint><Trackpoint><Time>2025-12-14T20:23:18.000Z</Time><HeartRateBpm><Value>142</Value></HeartRateBpm><SensorState>Present</SensorState></Trackpoint><Trackpoint><Time>2025-12-14T20:23:19.000Z</Time><HeartRateBpm><Value>142</Value></HeartRateBpm><SensorState>Present</SensorState></Trackpoint><Trackpoint><Time>2025-12-14T20:23:20.000Z</Time><HeartRateBpm><Value>142</Value></HeartRateBpm><SensorState>Present</SensorState></Trackpoint><Trackpoint><Time>2025-12-14T20:23:21.000Z</Time><HeartRateBpm><Value>141</Value></HeartRateBpm><SensorState>Present</SensorState></Trackpoint><Trackpoint><Time>2025-12-14T20:23:22.000Z</Time><HeartRateBpm><Value>141</Value></HeartRateBpm><SensorState>Present</SensorState></Trackpoint><Trackpoint><Time>2025-12-14T20:23:23.000Z</Time><HeartRateBpm><Value>141</Value></HeartRateBpm><SensorState>Present</SensorState></Trackpoint><Trackpoint><Time>2025-12-14T20:23:24.000Z</Time><HeartRateBpm><Value>141</Value></HeartRateBpm><SensorState>Present</SensorState></Trackpoint><Trackpoint><Time>2025-12-14T20:23:25.000Z</Time><HeartRateBpm><Value>141</Value></HeartRateBpm><SensorState>Present</SensorState></Trackpoint><Trackpoint><Time>2025-12-14T20:23:26.000Z</Time><HeartRateBpm><Value>142</Value></HeartRateBpm><SensorState>Present</SensorState></Trackpoint><Trackpoint><Time>2025-12-14T20:23:27.000Z</Time><HeartRateBpm><Value>142</Value></HeartRateBpm><SensorState>Present</SensorState></Trackpoint><Trackpoint><Time>2025-12-14T20:23:28.000Z</Time><HeartRateBpm><Value>142</Value></HeartRateBpm><SensorState>Present</SensorState></Trackpoint><Trackpoint><Time>2025-12-14T20:23:29.000Z</Time><HeartRateBpm><Value>142</Value></HeartRateBpm><SensorState>Present</SensorState></Trackpoint><Trackpoint><Time>2025-12-14T20:23:30.000Z</Time><HeartRateBpm><Value>141</Value></HeartRateBpm><SensorState>Present</SensorState></Trackpoint><Trackpoint><Time>2025-12-14T20:23:31.000Z</Time><HeartRateBpm><Value>141</Value></HeartRateBpm><SensorState>Present</SensorState></Trackpoint><Trackpoint><Time>2025-12-14T20:23:32.000Z</Time><HeartRateBpm><Value>141</Value></HeartRateBpm><SensorState>Present</SensorState></Trackpoint><Trackpoint><Time>2025-12-14T20:23:33.000Z</Time><HeartRateBpm><Value>140</Value></HeartRateBpm><SensorState>Present</SensorState></Trackpoint><Trackpoint><Time>2025-12-14T20:23:34.000Z</Time><HeartRateBpm><Value>140</Value></HeartRateBpm><SensorState>Present</SensorState></Trackpoint><Trackpoint><Time>2025-12-14T20:23:35.000Z</Time><HeartRateBpm><Value>139</Value></HeartRateBpm><SensorState>Present</SensorState></Trackpoint><Trackpoint><Time>2025-12-14T20:23:36.000Z</Time><HeartRateBpm><Value>139</Value></HeartRateBpm><SensorState>Present</SensorState></Trackpoint><Trackpoint><Time>2025-12-14T20:23:37.000Z</Time><HeartRateBpm><Value>139</Value></HeartRateBpm><SensorState>Present</SensorState></Trackpoint><Trackpoint><Time>2025-12-14T20:23:38.000Z</Time><HeartRateBpm><Value>139</Value></HeartRateBpm><SensorState>Present</SensorState></Trackpoint><Trackpoint><Time>2025-12-14T20:23:39.000Z</Time><HeartRateBpm><Value>139</Value></HeartRateBpm><SensorState>Present</SensorState></Trackpoint><Trackpoint><Time>2025-12-14T20:23:40.000Z</Time><HeartRateBpm><Value>140</Value></HeartRateBpm><SensorState>Present</SensorState></Trackpoint><Trackpoint><Time>2025-12-14T20:23:41.000Z</Time><HeartRateBpm><Value>140</Value></HeartRateBpm><SensorState>Present</SensorState></Trackpoint><Trackpoint><Time>2025-12-14T20:23:42.000Z</Time><HeartRateBpm><Value>140</Value></HeartRateBpm><SensorState>Present</SensorState></Trackpoint><Trackpoint><Time>2025-12-14T20:23:43.000Z</Time><HeartRateBpm><Value>139</Value></HeartRateBpm><SensorState>Present</SensorState></Trackpoint><Trackpoint><Time>2025-12-14T20:23:44.000Z</Time><HeartRateBpm><Value>139</Value></HeartRateBpm><SensorState>Present</SensorState></Trackpoint><Trackpoint><Time>2025-12-14T20:23:45.000Z</Time><HeartRateBpm><Value>138</Value></HeartRateBpm><SensorState>Present</SensorState></Trackpoint><Trackpoint><Time>2025-12-14T20:23:46.000Z</Time><HeartRateBpm><Value>138</Value></HeartRateBpm><SensorState>Present</SensorState></Trackpoint><Trackpoint><Time>2025-12-14T20:23:47.000Z</Time><HeartRateBpm><Value>138</Value></HeartRateBpm><SensorState>Present</SensorState></Trackpoint><Trackpoint><Time>2025-12-14T20:23:48.000Z</Time><HeartRateBpm><Value>138</Value></HeartRateBpm><SensorState>Present</SensorState></Trackpoint><Trackpoint><Time>2025-12-14T20:23:49.000Z</Time><HeartRateBpm><Value>138</Value></HeartRateBpm><SensorState>Present</SensorState></Trackpoint><Trackpoint><Time>2025-12-14T20:23:50.000Z</Time><HeartRateBpm><Value>138</Value></HeartRateBpm><SensorState>Present</SensorState></Trackpoint><Trackpoint><Time>2025-12-14T20:23:51.000Z</Time><HeartRateBpm><Value>139</Value></HeartRateBpm><SensorState>Present</SensorState></Trackpoint><Trackpoint><Time>2025-12-14T20:23:52.000Z</Time><HeartRateBpm><Value>140</Value></HeartRateBpm><SensorState>Present</SensorState></Trackpoint><Trackpoint><Time>2025-12-14T20:23:53.000Z</Time><HeartRateBpm><Value>141</Value></HeartRateBpm><SensorState>Present</SensorState></Trackpoint><Trackpoint><Time>2025-12-14T20:23:54.000Z</Time><HeartRateBpm><Value>141</Value></HeartRateBpm><SensorState>Present</SensorState></Trackpoint><Trackpoint><Time>2025-12-14T20:23:55.000Z</Time><HeartRateBpm><Value>140</Value></HeartRateBpm><SensorState>Present</SensorState></Trackpoint><Trackpoint><Time>2025-12-14T20:23:56.000Z</Time><HeartRateBpm><Value>140</Value></HeartRateBpm><SensorState>Present</SensorState></Trackpoint><Trackpoint><Time>2025-12-14T20:23:57.000Z</Time><HeartRateBpm><Value>142</Value></HeartRateBpm><SensorState>Present</SensorState></Trackpoint><Trackpoint><Time>2025-12-14T20:23:58.000Z</Time><HeartRateBpm><Value>143</Value></HeartRateBpm><SensorState>Present</SensorState></Trackpoint><Trackpoint><Time>2025-12-14T20:23:59.000Z</Time><HeartRateBpm><Value>144</Value></HeartRateBpm><SensorState>Present</SensorState></Trackpoint><Trackpoint><Time>2025-12-14T20:24:00.000Z</Time><HeartRateBpm><Value>145</Value></HeartRateBpm><SensorState>Present</SensorState></Trackpoint><Trackpoint><Time>2025-12-14T20:24:01.000Z</Time><HeartRateBpm><Value>145</Value></HeartRateBpm><SensorState>Present</SensorState></Trackpoint><Trackpoint><Time>2025-12-14T20:24:02.000Z</Time><HeartRateBpm><Value>144</Value></HeartRateBpm><SensorState>Present</SensorState></Trackpoint><Trackpoint><Time>2025-12-14T20:24:03.000Z</Time><HeartRateBpm><Value>144</Value></HeartRateBpm><SensorState>Present</SensorState></Trackpoint><Trackpoint><Time>2025-12-14T20:24:04.000Z</Time><HeartRateBpm><Value>144</Value></HeartRateBpm><SensorState>Present</SensorState></Trackpoint><Trackpoint><Time>2025-12-14T20:24:05.000Z</Time><HeartRateBpm><Value>144</Value></HeartRateBpm><SensorState>Present</SensorState></Trackpoint><Trackpoint><Time>2025-12-14T20:24:06.000Z</Time><HeartRateBpm><Value>145</Value></HeartRateBpm><SensorState>Present</SensorState></Trackpoint><Trackpoint><Time>2025-12-14T20:24:07.000Z</Time><HeartRateBpm><Value>145</Value></HeartRateBpm><SensorState>Present</SensorState></Trackpoint><Trackpoint><Time>2025-12-14T20:24:08.000Z</Time><HeartRateBpm><Value>144</Value></HeartRateBpm><SensorState>Present</SensorState></Trackpoint><Trackpoint><Time>2025-12-14T20:24:09.000Z</Time><HeartRateBpm><Value>144</Value></HeartRateBpm><SensorState>Present</SensorState></Trackpoint><Trackpoint><Time>2025-12-14T20:24:10.000Z</Time><HeartRateBpm><Value>144</Value></HeartRateBpm><SensorState>Present</SensorState></Trackpoint><Trackpoint><Time>2025-12-14T20:24:11.000Z</Time><HeartRateBpm><Value>143</Value></HeartRateBpm><SensorState>Present</SensorState></Trackpoint><Trackpoint><Time>2025-12-14T20:24:12.000Z</Time><HeartRateBpm><Value>144</Value></HeartRateBpm><SensorState>Present</SensorState></Trackpoint><Trackpoint><Time>2025-12-14T20:24:13.000Z</Time><HeartRateBpm><Value>143</Value></HeartRateBpm><SensorState>Present</SensorState></Trackpoint><Trackpoint><Time>2025-12-14T20:24:14.000Z</Time><HeartRateBpm><Value>143</Value></HeartRateBpm><SensorState>Present</SensorState></Trackpoint><Trackpoint><Time>2025-12-14T20:24:15.000Z</Time><HeartRateBpm><Value>143</Value></HeartRateBpm><SensorState>Present</SensorState></Trackpoint><Trackpoint><Time>2025-12-14T20:24:16.000Z</Time><HeartRateBpm><Value>143</Value></HeartRateBpm><SensorState>Present</SensorState></Trackpoint><Trackpoint><Time>2025-12-14T20:24:17.000Z</Time><HeartRateBpm><Value>143</Value></HeartRateBpm><SensorState>Present</SensorState></Trackpoint><Trackpoint><Time>2025-12-14T20:24:18.000Z</Time><HeartRateBpm><Value>143</Value></HeartRateBpm><SensorState>Present</SensorState></Trackpoint><Trackpoint><Time>2025-12-14T20:24:19.000Z</Time><HeartRateBpm><Value>143</Value></HeartRateBpm><SensorState>Present</SensorState></Trackpoint><Trackpoint><Time>2025-12-14T20:24:20.000Z</Time><HeartRateBpm><Value>143</Value></HeartRateBpm><SensorState>Present</SensorState></Trackpoint><Trackpoint><Time>2025-12-14T20:24:21.000Z</Time><HeartRateBpm><Value>143</Value></HeartRateBpm><SensorState>Present</SensorState></Trackpoint><Trackpoint><Time>2025-12-14T20:24:22.000Z</Time><HeartRateBpm><Value>143</Value></HeartRateBpm><SensorState>Present</SensorState></Trackpoint><Trackpoint><Time>2025-12-14T20:24:23.000Z</Time><HeartRateBpm><Value>142</Value></HeartRateBpm><SensorState>Present</SensorState></Trackpoint><Trackpoint><Time>2025-12-14T20:24:24.000Z</Time><HeartRateBpm><Value>142</Value></HeartRateBpm><SensorState>Present</SensorState></Trackpoint><Trackpoint><Time>2025-12-14T20:24:25.000Z</Time><HeartRateBpm><Value>142</Value></HeartRateBpm><SensorState>Present</SensorState></Trackpoint><Trackpoint><Time>2025-12-14T20:24:26.000Z</Time><HeartRateBpm><Value>142</Value></HeartRateBpm><SensorState>Present</SensorState></Trackpoint><Trackpoint><Time>2025-12-14T20:24:27.000Z</Time><HeartRateBpm><Value>142</Value></HeartRateBpm><SensorState>Present</SensorState></Trackpoint><Trackpoint><Time>2025-12-14T20:24:28.000Z</Time><HeartRateBpm><Value>142</Value></HeartRateBpm><SensorState>Present</SensorState></Trackpoint><Trackpoint><Time>2025-12-14T20:24:29.000Z</Time><HeartRateBpm><Value>142</Value></HeartRateBpm><SensorState>Present</SensorState></Trackpoint><Trackpoint><Time>2025-12-14T20:24:30.000Z</Time><HeartRateBpm><Value>142</Value></HeartRateBpm><SensorState>Present</SensorState></Trackpoint><Trackpoint><Time>2025-12-14T20:24:31.000Z</Time><HeartRateBpm><Value>142</Value></HeartRateBpm><SensorState>Present</SensorState></Trackpoint><Trackpoint><Time>2025-12-14T20:24:32.000Z</Time><HeartRateBpm><Value>142</Value></HeartRateBpm><SensorState>Present</SensorState></Trackpoint><Trackpoint><Time>2025-12-14T20:24:33.000Z</Time><HeartRateBpm><Value>142</Value></HeartRateBpm><SensorState>Present</SensorState></Trackpoint><Trackpoint><Time>2025-12-14T20:24:34.000Z</Time><HeartRateBpm><Value>142</Value></HeartRateBpm><SensorState>Present</SensorState></Trackpoint><Trackpoint><Time>2025-12-14T20:24:35.000Z</Time><HeartRateBpm><Value>143</Value></HeartRateBpm><SensorState>Present</SensorState></Trackpoint><Trackpoint><Time>2025-12-14T20:24:36.000Z</Time><HeartRateBpm><Value>144</Value></HeartRateBpm><SensorState>Present</SensorState></Trackpoint><Trackpoint><Time>2025-12-14T20:24:37.000Z</Time><HeartRateBpm><Value>144</Value></HeartRateBpm><SensorState>Present</SensorState></Trackpoint><Trackpoint><Time>2025-12-14T20:24:38.000Z</Time><HeartRateBpm><Value>145</Value></HeartRateBpm><SensorState>Present</SensorState></Trackpoint><Trackpoint><Time>2025-12-14T20:24:39.000Z</Time><HeartRateBpm><Value>145</Value></HeartRateBpm><SensorState>Present</SensorState></Trackpoint><Trackpoint><Time>2025-12-14T20:24:40.000Z</Time><HeartRateBpm><Value>146</Value></HeartRateBpm><SensorState>Present</SensorState></Trackpoint><Trackpoint><Time>2025-12-14T20:24:41.000Z</Time><HeartRateBpm><Value>146</Value></HeartRateBpm><SensorState>Present</SensorState></Trackpoint><Trackpoint><Time>2025-12-14T20:24:42.000Z</Time><HeartRateBpm><Value>147</Value></HeartRateBpm><SensorState>Present</SensorState></Trackpoint><Trackpoint><Time>2025-12-14T20:24:43.000Z</Time><HeartRateBpm><Value>147</Value></HeartRateBpm><SensorState>Present</SensorState></Trackpoint><Trackpoint><Time>2025-12-14T20:24:44.000Z</Time><HeartRateBpm><Value>147</Value></HeartRateBpm><SensorState>Present</SensorState></Trackpoint><Trackpoint><Time>2025-12-14T20:24:45.000Z</Time><HeartRateBpm><Value>148</Value></HeartRateBpm><SensorState>Present</SensorState></Trackpoint><Trackpoint><Time>2025-12-14T20:24:46.000Z</Time><HeartRateBpm><Value>148</Value></HeartRateBpm><SensorState>Present</SensorState></Trackpoint><Trackpoint><Time>2025-12-14T20:24:47.000Z</Time><HeartRateBpm><Value>148</Value></HeartRateBpm><SensorState>Present</SensorState></Trackpoint><Trackpoint><Time>2025-12-14T20:24:48.000Z</Time><HeartRateBpm><Value>147</Value></HeartRateBpm><SensorState>Present</SensorState></Trackpoint><Trackpoint><Time>2025-12-14T20:24:49.000Z</Time><HeartRateBpm><Value>147</Value></HeartRateBpm><SensorState>Present</SensorState></Trackpoint><Trackpoint><Time>2025-12-14T20:24:50.000Z</Time><HeartRateBpm><Value>147</Value></HeartRateBpm><SensorState>Present</SensorState></Trackpoint><Trackpoint><Time>2025-12-14T20:24:51.000Z</Time><HeartRateBpm><Value>147</Value></HeartRateBpm><SensorState>Present</SensorState></Trackpoint><Trackpoint><Time>2025-12-14T20:24:52.000Z</Time><HeartRateBpm><Value>147</Value></HeartRateBpm><SensorState>Present</SensorState></Trackpoint><Trackpoint><Time>2025-12-14T20:24:53.000Z</Time><HeartRateBpm><Value>147</Value></HeartRateBpm><SensorState>Present</SensorState></Trackpoint><Trackpoint><Time>2025-12-14T20:24:54.000Z</Time><HeartRateBpm><Value>146</Value></HeartRateBpm><SensorState>Present</SensorState></Trackpoint><Trackpoint><Time>2025-12-14T20:24:55.000Z</Time><HeartRateBpm><Value>146</Value></HeartRateBpm><SensorState>Present</SensorState></Trackpoint><Trackpoint><Time>2025-12-14T20:24:56.000Z</Time><HeartRateBpm><Value>145</Value></HeartRateBpm><SensorState>Present</SensorState></Trackpoint><Trackpoint><Time>2025-12-14T20:24:57.000Z</Time><HeartRateBpm><Value>145</Value></HeartRateBpm><SensorState>Present</SensorState></Trackpoint><Trackpoint><Time>2025-12-14T20:24:58.000Z</Time><HeartRateBpm><Value>144</Value></HeartRateBpm><SensorState>Present</SensorState></Trackpoint><Trackpoint><Time>2025-12-14T20:24:59.000Z</Time><HeartRateBpm><Value>145</Value></HeartRateBpm><SensorState>Present</SensorState></Trackpoint><Trackpoint><Time>2025-12-14T20:25:00.000Z</Time><HeartRateBpm><Value>145</Value></HeartRateBpm><SensorState>Present</SensorState></Trackpoint><Trackpoint><Time>2025-12-14T20:25:01.000Z</Time><HeartRateBpm><Value>146</Value></HeartRateBpm><SensorState>Present</SensorState></Trackpoint><Trackpoint><Time>2025-12-14T20:25:02.000Z</Time><HeartRateBpm><Value>146</Value></HeartRateBpm><SensorState>Present</SensorState></Trackpoint><Trackpoint><Time>2025-12-14T20:25:03.000Z</Time><HeartRateBpm><Value>146</Value></HeartRateBpm><SensorState>Present</SensorState></Trackpoint><Trackpoint><Time>2025-12-14T20:25:04.000Z</Time><HeartRateBpm><Value>146</Value></HeartRateBpm><SensorState>Present</SensorState></Trackpoint><Trackpoint><Time>2025-12-14T20:25:05.000Z</Time><HeartRateBpm><Value>146</Value></HeartRateBpm><SensorState>Present</SensorState></Trackpoint><Trackpoint><Time>2025-12-14T20:25:06.000Z</Time><HeartRateBpm><Value>146</Value></HeartRateBpm><SensorState>Present</SensorState></Trackpoint><Trackpoint><Time>2025-12-14T20:25:07.000Z</Time><HeartRateBpm><Value>147</Value></HeartRateBpm><SensorState>Present</SensorState></Trackpoint><Trackpoint><Time>2025-12-14T20:25:08.000Z</Time><HeartRateBpm><Value>147</Value></HeartRateBpm><SensorState>Present</SensorState></Trackpoint><Trackpoint><Time>2025-12-14T20:25:09.000Z</Time><HeartRateBpm><Value>148</Value></HeartRateBpm><SensorState>Present</SensorState></Trackpoint><Trackpoint><Time>2025-12-14T20:25:10.000Z</Time><HeartRateBpm><Value>147</Value></HeartRateBpm><SensorState>Present</SensorState></Trackpoint><Trackpoint><Time>2025-12-14T20:25:11.000Z</Time><HeartRateBpm><Value>146</Value></HeartRateBpm><SensorState>Present</SensorState></Trackpoint><Trackpoint><Time>2025-12-14T20:25:12.000Z</Time><HeartRateBpm><Value>145</Value></HeartRateBpm><SensorState>Present</SensorState></Trackpoint><Trackpoint><Time>2025-12-14T20:25:13.000Z</Time><HeartRateBpm><Value>144</Value></HeartRateBpm><SensorState>Present</SensorState></Trackpoint><Trackpoint><Time>2025-12-14T20:25:14.000Z</Time><HeartRateBpm><Value>144</Value></HeartRateBpm><SensorState>Present</SensorState></Trackpoint><Trackpoint><Time>2025-12-14T20:25:15.000Z</Time><HeartRateBpm><Value>144</Value></HeartRateBpm><SensorState>Present</SensorState></Trackpoint><Trackpoint><Time>2025-12-14T20:25:16.000Z</Time><HeartRateBpm><Value>144</Value></HeartRateBpm><SensorState>Present</SensorState></Trackpoint><Trackpoint><Time>2025-12-14T20:25:17.000Z</Time><HeartRateBpm><Value>144</Value></HeartRateBpm><SensorState>Present</SensorState></Trackpoint><Trackpoint><Time>2025-12-14T20:25:18.000Z</Time><HeartRateBpm><Value>144</Value></HeartRateBpm><SensorState>Present</SensorState></Trackpoint><Trackpoint><Time>2025-12-14T20:25:19.000Z</Time><HeartRateBpm><Value>145</Value></HeartRateBpm><SensorState>Present</SensorState></Trackpoint><Trackpoint><Time>2025-12-14T20:25:20.000Z</Time><HeartRateBpm><Value>145</Value></HeartRateBpm><SensorState>Present</SensorState></Trackpoint><Trackpoint><Time>2025-12-14T20:25:21.000Z</Time><HeartRateBpm><Value>146</Value></HeartRateBpm><SensorState>Present</SensorState></Trackpoint><Trackpoint><Time>2025-12-14T20:25:22.000Z</Time><HeartRateBpm><Value>146</Value></HeartRateBpm><SensorState>Present</SensorState></Trackpoint><Trackpoint><Time>2025-12-14T20:25:23.000Z</Time><HeartRateBpm><Value>146</Value></HeartRateBpm><SensorState>Present</SensorState></Trackpoint><Trackpoint><Time>2025-12-14T20:25:24.000Z</Time><HeartRateBpm><Value>146</Value></HeartRateBpm><SensorState>Present</SensorState></Trackpoint><Trackpoint><Time>2025-12-14T20:25:25.000Z</Time><HeartRateBpm><Value>147</Value></HeartRateBpm><SensorState>Present</SensorState></Trackpoint><Trackpoint><Time>2025-12-14T20:25:26.000Z</Time><HeartRateBpm><Value>147</Value></HeartRateBpm><SensorState>Present</SensorState></Trackpoint><Trackpoint><Time>2025-12-14T20:25:27.000Z</Time><HeartRateBpm><Value>147</Value></HeartRateBpm><SensorState>Present</SensorState></Trackpoint><Trackpoint><Time>2025-12-14T20:25:28.000Z</Time><HeartRateBpm><Value>147</Value></HeartRateBpm><SensorState>Present</SensorState></Trackpoint><Trackpoint><Time>2025-12-14T20:25:29.000Z</Time><HeartRateBpm><Value>147</Value></HeartRateBpm><SensorState>Present</SensorState></Trackpoint><Trackpoint><Time>2025-12-14T20:25:30.000Z</Time><HeartRateBpm><Value>148</Value></HeartRateBpm><SensorState>Present</SensorState></Trackpoint><Trackpoint><Time>2025-12-14T20:25:31.000Z</Time><HeartRateBpm><Value>148</Value></HeartRateBpm><SensorState>Present</SensorState></Trackpoint><Trackpoint><Time>2025-12-14T20:25:32.000Z</Time><HeartRateBpm><Value>149</Value></HeartRateBpm><SensorState>Present</SensorState></Trackpoint><Trackpoint><Time>2025-12-14T20:25:33.000Z</Time><HeartRateBpm><Value>148</Value></HeartRateBpm><SensorState>Present</SensorState></Trackpoint><Trackpoint><Time>2025-12-14T20:25:34.000Z</Time><HeartRateBpm><Value>148</Value></HeartRateBpm><SensorState>Present</SensorState></Trackpoint><Trackpoint><Time>2025-12-14T20:25:35.000Z</Time><HeartRateBpm><Value>148</Value></HeartRateBpm><SensorState>Present</SensorState></Trackpoint><Trackpoint><Time>2025-12-14T20:25:36.000Z</Time><HeartRateBpm><Value>147</Value></HeartRateBpm><SensorState>Present</SensorState></Trackpoint><Trackpoint><Time>2025-12-14T20:25:37.000Z</Time><HeartRateBpm><Value>147</Value></HeartRateBpm><SensorState>Present</SensorState></Trackpoint><Trackpoint><Time>2025-12-14T20:25:38.000Z</Time><HeartRateBpm><Value>147</Value></HeartRateBpm><SensorState>Present</SensorState></Trackpoint><Trackpoint><Time>2025-12-14T20:25:39.000Z</Time><HeartRateBpm><Value>147</Value></HeartRateBpm><SensorState>Present</SensorState></Trackpoint><Trackpoint><Time>2025-12-14T20:25:40.000Z</Time><HeartRateBpm><Value>147</Value></HeartRateBpm><SensorState>Present</SensorState></Trackpoint><Trackpoint><Time>2025-12-14T20:25:41.000Z</Time><HeartRateBpm><Value>147</Value></HeartRateBpm><SensorState>Present</SensorState></Trackpoint><Trackpoint><Time>2025-12-14T20:25:42.000Z</Time><HeartRateBpm><Value>146</Value></HeartRateBpm><SensorState>Present</SensorState></Trackpoint><Trackpoint><Time>2025-12-14T20:25:43.000Z</Time><HeartRateBpm><Value>147</Value></HeartRateBpm><SensorState>Present</SensorState></Trackpoint><Trackpoint><Time>2025-12-14T20:25:44.000Z</Time><HeartRateBpm><Value>146</Value></HeartRateBpm><SensorState>Present</SensorState></Trackpoint><Trackpoint><Time>2025-12-14T20:25:45.000Z</Time><HeartRateBpm><Value>147</Value></HeartRateBpm><SensorState>Present</SensorState></Trackpoint><Trackpoint><Time>2025-12-14T20:25:46.000Z</Time><HeartRateBpm><Value>147</Value></HeartRateBpm><SensorState>Present</SensorState></Trackpoint><Trackpoint><Time>2025-12-14T20:25:47.000Z</Time><HeartRateBpm><Value>147</Value></HeartRateBpm><SensorState>Present</SensorState></Trackpoint><Trackpoint><Time>2025-12-14T20:25:48.000Z</Time><HeartRateBpm><Value>147</Value></HeartRateBpm><SensorState>Present</SensorState></Trackpoint><Trackpoint><Time>2025-12-14T20:25:49.000Z</Time><HeartRateBpm><Value>147</Value></HeartRateBpm><SensorState>Present</SensorState></Trackpoint><Trackpoint><Time>2025-12-14T20:25:50.000Z</Time><HeartRateBpm><Value>147</Value></HeartRateBpm><SensorState>Present</SensorState></Trackpoint><Trackpoint><Time>2025-12-14T20:25:51.000Z</Time><HeartRateBpm><Value>147</Value></HeartRateBpm><SensorState>Present</SensorState></Trackpoint><Trackpoint><Time>2025-12-14T20:25:52.000Z</Time><HeartRateBpm><Value>148</Value></HeartRateBpm><SensorState>Present</SensorState></Trackpoint><Trackpoint><Time>2025-12-14T20:25:53.000Z</Time><HeartRateBpm><Value>148</Value></HeartRateBpm><SensorState>Present</SensorState></Trackpoint><Trackpoint><Time>2025-12-14T20:25:54.000Z</Time><HeartRateBpm><Value>148</Value></HeartRateBpm><SensorState>Present</SensorState></Trackpoint><Trackpoint><Time>2025-12-14T20:25:55.000Z</Time><HeartRateBpm><Value>147</Value></HeartRateBpm><SensorState>Present</SensorState></Trackpoint><Trackpoint><Time>2025-12-14T20:25:56.000Z</Time><HeartRateBpm><Value>147</Value></HeartRateBpm><SensorState>Present</SensorState></Trackpoint><Trackpoint><Time>2025-12-14T20:25:57.000Z</Time><HeartRateBpm><Value>147</Value></HeartRateBpm><SensorState>Present</SensorState></Trackpoint><Trackpoint><Time>2025-12-14T20:25:58.000Z</Time><HeartRateBpm><Value>146</Value></HeartRateBpm><SensorState>Present</SensorState></Trackpoint><Trackpoint><Time>2025-12-14T20:25:59.000Z</Time><HeartRateBpm><Value>145</Value></HeartRateBpm><SensorState>Present</SensorState></Trackpoint><Trackpoint><Time>2025-12-14T20:26:00.000Z</Time><HeartRateBpm><Value>144</Value></HeartRateBpm><SensorState>Present</SensorState></Trackpoint><Trackpoint><Time>2025-12-14T20:26:01.000Z</Time><HeartRateBpm><Value>144</Value></HeartRateBpm><SensorState>Present</SensorState></Trackpoint><Trackpoint><Time>2025-12-14T20:26:02.000Z</Time><HeartRateBpm><Value>145</Value></HeartRateBpm><SensorState>Present</SensorState></Trackpoint><Trackpoint><Time>2025-12-14T20:26:03.000Z</Time><HeartRateBpm><Value>145</Value></HeartRateBpm><SensorState>Present</SensorState></Trackpoint><Trackpoint><Time>2025-12-14T20:26:04.000Z</Time><HeartRateBpm><Value>145</Value></HeartRateBpm><SensorState>Present</SensorState></Trackpoint><Trackpoint><Time>2025-12-14T20:26:05.000Z</Time><HeartRateBpm><Value>145</Value></HeartRateBpm><SensorState>Present</SensorState></Trackpoint><Trackpoint><Time>2025-12-14T20:26:06.000Z</Time><HeartRateBpm><Value>146</Value></HeartRateBpm><SensorState>Present</SensorState></Trackpoint><Trackpoint><Time>2025-12-14T20:26:07.000Z</Time><HeartRateBpm><Value>147</Value></HeartRateBpm><SensorState>Present</SensorState></Trackpoint><Trackpoint><Time>2025-12-14T20:26:08.000Z</Time><HeartRateBpm><Value>147</Value></HeartRateBpm><SensorState>Present</SensorState></Trackpoint><Trackpoint><Time>2025-12-14T20:26:09.000Z</Time><HeartRateBpm><Value>148</Value></HeartRateBpm><SensorState>Present</SensorState></Trackpoint><Trackpoint><Time>2025-12-14T20:26:10.000Z</Time><HeartRateBpm><Value>148</Value></HeartRateBpm><SensorState>Present</SensorState></Trackpoint><Trackpoint><Time>2025-12-14T20:26:11.000Z</Time><HeartRateBpm><Value>147</Value></HeartRateBpm><SensorState>Present</SensorState></Trackpoint><Trackpoint><Time>2025-12-14T20:26:12.000Z</Time><HeartRateBpm><Value>147</Value></HeartRateBpm><SensorState>Present</SensorState></Trackpoint><Trackpoint><Time>2025-12-14T20:26:13.000Z</Time><HeartRateBpm><Value>147</Value></HeartRateBpm><SensorState>Present</SensorState></Trackpoint><Trackpoint><Time>2025-12-14T20:26:14.000Z</Time><HeartRateBpm><Value>147</Value></HeartRateBpm><SensorState>Present</SensorState></Trackpoint><Trackpoint><Time>2025-12-14T20:26:15.000Z</Time><HeartRateBpm><Value>147</Value></HeartRateBpm><SensorState>Present</SensorState></Trackpoint><Trackpoint><Time>2025-12-14T20:26:16.000Z</Time><HeartRateBpm><Value>148</Value></HeartRateBpm><SensorState>Present</SensorState></Trackpoint><Trackpoint><Time>2025-12-14T20:26:17.000Z</Time><HeartRateBpm><Value>148</Value></HeartRateBpm><SensorState>Present</SensorState></Trackpoint><Trackpoint><Time>2025-12-14T20:26:18.000Z</Time><HeartRateBpm><Value>149</Value></HeartRateBpm><SensorState>Present</SensorState></Trackpoint><Trackpoint><Time>2025-12-14T20:26:19.000Z</Time><HeartRateBpm><Value>149</Value></HeartRateBpm><SensorState>Present</SensorState></Trackpoint><Trackpoint><Time>2025-12-14T20:26:20.000Z</Time><HeartRateBpm><Value>149</Value></HeartRateBpm><SensorState>Present</SensorState></Trackpoint><Trackpoint><Time>2025-12-14T20:26:21.000Z</Time><HeartRateBpm><Value>149</Value></HeartRateBpm><SensorState>Present</SensorState></Trackpoint><Trackpoint><Time>2025-12-14T20:26:22.000Z</Time><HeartRateBpm><Value>149</Value></HeartRateBpm><SensorState>Present</SensorState></Trackpoint><Trackpoint><Time>2025-12-14T20:26:23.000Z</Time><HeartRateBpm><Value>148</Value></HeartRateBpm><SensorState>Present</SensorState></Trackpoint><Trackpoint><Time>2025-12-14T20:26:24.000Z</Time><HeartRateBpm><Value>147</Value></HeartRateBpm><SensorState>Present</SensorState></Trackpoint><Trackpoint><Time>2025-12-14T20:26:25.000Z</Time><HeartRateBpm><Value>146</Value></HeartRateBpm><SensorState>Present</SensorState></Trackpoint><Trackpoint><Time>2025-12-14T20:26:26.000Z</Time><HeartRateBpm><Value>145</Value></HeartRateBpm><SensorState>Present</SensorState></Trackpoint><Trackpoint><Time>2025-12-14T20:26:27.000Z</Time><HeartRateBpm><Value>145</Value></HeartRateBpm><SensorState>Present</SensorState></Trackpoint><Trackpoint><Time>2025-12-14T20:26:28.000Z</Time><HeartRateBpm><Value>145</Value></HeartRateBpm><SensorState>Present</SensorState></Trackpoint><Trackpoint><Time>2025-12-14T20:26:29.000Z</Time><HeartRateBpm><Value>145</Value></HeartRateBpm><SensorState>Present</SensorState></Trackpoint><Trackpoint><Time>2025-12-14T20:26:30.000Z</Time><HeartRateBpm><Value>145</Value></HeartRateBpm><SensorState>Present</SensorState></Trackpoint><Trackpoint><Time>2025-12-14T20:26:31.000Z</Time><HeartRateBpm><Value>144</Value></HeartRateBpm><SensorState>Present</SensorState></Trackpoint><Trackpoint><Time>2025-12-14T20:26:32.000Z</Time><HeartRateBpm><Value>145</Value></HeartRateBpm><SensorState>Present</SensorState></Trackpoint><Trackpoint><Time>2025-12-14T20:26:33.000Z</Time><HeartRateBpm><Value>145</Value></HeartRateBpm><SensorState>Present</SensorState></Trackpoint><Trackpoint><Time>2025-12-14T20:26:34.000Z</Time><HeartRateBpm><Value>145</Value></HeartRateBpm><SensorState>Present</SensorState></Trackpoint><Trackpoint><Time>2025-12-14T20:26:35.000Z</Time><HeartRateBpm><Value>145</Value></HeartRateBpm><SensorState>Present</SensorState></Trackpoint><Trackpoint><Time>2025-12-14T20:26:36.000Z</Time><HeartRateBpm><Value>145</Value></HeartRateBpm><SensorState>Present</SensorState></Trackpoint><Trackpoint><Time>2025-12-14T20:26:37.000Z</Time><HeartRateBpm><Value>146</Value></HeartRateBpm><SensorState>Present</SensorState></Trackpoint><Trackpoint><Time>2025-12-14T20:26:38.000Z</Time><HeartRateBpm><Value>146</Value></HeartRateBpm><SensorState>Present</SensorState></Trackpoint><Trackpoint><Time>2025-12-14T20:26:39.000Z</Time><HeartRateBpm><Value>146</Value></HeartRateBpm><SensorState>Present</SensorState></Trackpoint><Trackpoint><Time>2025-12-14T20:26:40.000Z</Time><HeartRateBpm><Value>145</Value></HeartRateBpm><SensorState>Present</SensorState></Trackpoint><Trackpoint><Time>2025-12-14T20:26:41.000Z</Time><HeartRateBpm><Value>145</Value></HeartRateBpm><SensorState>Present</SensorState></Trackpoint><Trackpoint><Time>2025-12-14T20:26:42.000Z</Time><HeartRateBpm><Value>145</Value></HeartRateBpm><SensorState>Present</SensorState></Trackpoint><Trackpoint><Time>2025-12-14T20:26:43.000Z</Time><HeartRateBpm><Value>144</Value></HeartRateBpm><SensorState>Present</SensorState></Trackpoint><Trackpoint><Time>2025-12-14T20:26:44.000Z</Time><HeartRateBpm><Value>144</Value></HeartRateBpm><SensorState>Present</SensorState></Trackpoint><Trackpoint><Time>2025-12-14T20:26:45.000Z</Time><HeartRateBpm><Value>144</Value></HeartRateBpm><SensorState>Present</SensorState></Trackpoint><Trackpoint><Time>2025-12-14T20:26:46.000Z</Time><HeartRateBpm><Value>144</Value></HeartRateBpm><SensorState>Present</SensorState></Trackpoint><Trackpoint><Time>2025-12-14T20:26:47.000Z</Time><HeartRateBpm><Value>143</Value></HeartRateBpm><SensorState>Present</SensorState></Trackpoint><Trackpoint><Time>2025-12-14T20:26:48.000Z</Time><HeartRateBpm><Value>143</Value></HeartRateBpm><SensorState>Present</SensorState></Trackpoint><Trackpoint><Time>2025-12-14T20:26:49.000Z</Time><HeartRateBpm><Value>143</Value></HeartRateBpm><SensorState>Present</SensorState></Trackpoint><Trackpoint><Time>2025-12-14T20:26:50.000Z</Time><HeartRateBpm><Value>143</Value></HeartRateBpm><SensorState>Present</SensorState></Trackpoint><Trackpoint><Time>2025-12-14T20:26:51.000Z</Time><HeartRateBpm><Value>142</Value></HeartRateBpm><SensorState>Present</SensorState></Trackpoint><Trackpoint><Time>2025-12-14T20:26:52.000Z</Time><HeartRateBpm><Value>142</Value></HeartRateBpm><SensorState>Present</SensorState></Trackpoint><Trackpoint><Time>2025-12-14T20:26:53.000Z</Time><HeartRateBpm><Value>142</Value></HeartRateBpm><SensorState>Present</SensorState></Trackpoint><Trackpoint><Time>2025-12-14T20:26:54.000Z</Time><HeartRateBpm><Value>143</Value></HeartRateBpm><SensorState>Present</SensorState></Trackpoint><Trackpoint><Time>2025-12-14T20:26:55.000Z</Time><HeartRateBpm><Value>143</Value></HeartRateBpm><SensorState>Present</SensorState></Trackpoint><Trackpoint><Time>2025-12-14T20:26:56.000Z</Time><HeartRateBpm><Value>144</Value></HeartRateBpm><SensorState>Present</SensorState></Trackpoint><Trackpoint><Time>2025-12-14T20:26:57.000Z</Time><HeartRateBpm><Value>144</Value></HeartRateBpm><SensorState>Present</SensorState></Trackpoint><Trackpoint><Time>2025-12-14T20:26:58.000Z</Time><HeartRateBpm><Value>145</Value></HeartRateBpm><SensorState>Present</SensorState></Trackpoint><Trackpoint><Time>2025-12-14T20:26:59.000Z</Time><HeartRateBpm><Value>145</Value></HeartRateBpm><SensorState>Present</SensorState></Trackpoint><Trackpoint><Time>2025-12-14T20:27:00.000Z</Time><HeartRateBpm><Value>145</Value></HeartRateBpm><SensorState>Present</SensorState></Trackpoint><Trackpoint><Time>2025-12-14T20:27:01.000Z</Time><HeartRateBpm><Value>145</Value></HeartRateBpm><SensorState>Present</SensorState></Trackpoint><Trackpoint><Time>2025-12-14T20:27:02.000Z</Time><HeartRateBpm><Value>145</Value></HeartRateBpm><SensorState>Present</SensorState></Trackpoint><Trackpoint><Time>2025-12-14T20:27:03.000Z</Time><HeartRateBpm><Value>145</Value></HeartRateBpm><SensorState>Present</SensorState></Trackpoint><Trackpoint><Time>2025-12-14T20:27:04.000Z</Time><HeartRateBpm><Value>145</Value></HeartRateBpm><SensorState>Present</SensorState></Trackpoint><Trackpoint><Time>2025-12-14T20:27:05.000Z</Time><HeartRateBpm><Value>146</Value></HeartRateBpm><SensorState>Present</SensorState></Trackpoint><Trackpoint><Time>2025-12-14T20:27:06.000Z</Time><HeartRateBpm><Value>146</Value></HeartRateBpm><SensorState>Present</SensorState></Trackpoint><Trackpoint><Time>2025-12-14T20:27:07.000Z</Time><HeartRateBpm><Value>146</Value></HeartRateBpm><SensorState>Present</SensorState></Trackpoint><Trackpoint><Time>2025-12-14T20:27:08.000Z</Time><HeartRateBpm><Value>146</Value></HeartRateBpm><SensorState>Present</SensorState></Trackpoint><Trackpoint><Time>2025-12-14T20:27:09.000Z</Time><HeartRateBpm><Value>146</Value></HeartRateBpm><SensorState>Present</SensorState></Trackpoint><Trackpoint><Time>2025-12-14T20:27:10.000Z</Time><HeartRateBpm><Value>146</Value></HeartRateBpm><SensorState>Present</SensorState></Trackpoint><Trackpoint><Time>2025-12-14T20:27:11.000Z</Time><HeartRateBpm><Value>146</Value></HeartRateBpm><SensorState>Present</SensorState></Trackpoint><Trackpoint><Time>2025-12-14T20:27:12.000Z</Time><HeartRateBpm><Value>146</Value></HeartRateBpm><SensorState>Present</SensorState></Trackpoint><Trackpoint><Time>2025-12-14T20:27:13.000Z</Time><HeartRateBpm><Value>146</Value></HeartRateBpm><SensorState>Present</SensorState></Trackpoint><Trackpoint><Time>2025-12-14T20:27:14.000Z</Time><HeartRateBpm><Value>146</Value></HeartRateBpm><SensorState>Present</SensorState></Trackpoint><Trackpoint><Time>2025-12-14T20:27:15.000Z</Time><HeartRateBpm><Value>146</Value></HeartRateBpm><SensorState>Present</SensorState></Trackpoint><Trackpoint><Time>2025-12-14T20:27:16.000Z</Time><HeartRateBpm><Value>147</Value></HeartRateBpm><SensorState>Present</SensorState></Trackpoint><Trackpoint><Time>2025-12-14T20:27:17.000Z</Time><HeartRateBpm><Value>147</Value></HeartRateBpm><SensorState>Present</SensorState></Trackpoint><Trackpoint><Time>2025-12-14T20:27:18.000Z</Time><HeartRateBpm><Value>146</Value></HeartRateBpm><SensorState>Present</SensorState></Trackpoint><Trackpoint><Time>2025-12-14T20:27:19.000Z</Time><HeartRateBpm><Value>146</Value></HeartRateBpm><SensorState>Present</SensorState></Trackpoint><Trackpoint><Time>2025-12-14T20:27:20.000Z</Time><HeartRateBpm><Value>145</Value></HeartRateBpm><SensorState>Present</SensorState></Trackpoint><Trackpoint><Time>2025-12-14T20:27:21.000Z</Time><HeartRateBpm><Value>145</Value></HeartRateBpm><SensorState>Present</SensorState></Trackpoint><Trackpoint><Time>2025-12-14T20:27:22.000Z</Time><HeartRateBpm><Value>144</Value></HeartRateBpm><SensorState>Present</SensorState></Trackpoint><Trackpoint><Time>2025-12-14T20:27:23.000Z</Time><HeartRateBpm><Value>144</Value></HeartRateBpm><SensorState>Present</SensorState></Trackpoint><Trackpoint><Time>2025-12-14T20:27:24.000Z</Time><HeartRateBpm><Value>143</Value></HeartRateBpm><SensorState>Present</SensorState></Trackpoint><Trackpoint><Time>2025-12-14T20:27:25.000Z</Time><HeartRateBpm><Value>143</Value></HeartRateBpm><SensorState>Present</SensorState></Trackpoint><Trackpoint><Time>2025-12-14T20:27:26.000Z</Time><HeartRateBpm><Value>141</Value></HeartRateBpm><SensorState>Present</SensorState></Trackpoint><Trackpoint><Time>2025-12-14T20:27:27.000Z</Time><HeartRateBpm><Value>141</Value></HeartRateBpm><SensorState>Present</SensorState></Trackpoint><Trackpoint><Time>2025-12-14T20:27:28.000Z</Time><HeartRateBpm><Value>140</Value></HeartRateBpm><SensorState>Present</SensorState></Trackpoint><Trackpoint><Time>2025-12-14T20:27:29.000Z</Time><HeartRateBpm><Value>139</Value></HeartRateBpm><SensorState>Present</SensorState></Trackpoint><Trackpoint><Time>2025-12-14T20:27:30.000Z</Time><HeartRateBpm><Value>139</Value></HeartRateBpm><SensorState>Present</SensorState></Trackpoint><Trackpoint><Time>2025-12-14T20:27:31.000Z</Time><HeartRateBpm><Value>140</Value></HeartRateBpm><SensorState>Present</SensorState></Trackpoint><Trackpoint><Time>2025-12-14T20:27:32.000Z</Time><HeartRateBpm><Value>141</Value></HeartRateBpm><SensorState>Present</SensorState></Trackpoint><Trackpoint><Time>2025-12-14T20:27:33.000Z</Time><HeartRateBpm><Value>141</Value></HeartRateBpm><SensorState>Present</SensorState></Trackpoint><Trackpoint><Time>2025-12-14T20:27:34.000Z</Time><HeartRateBpm><Value>141</Value></HeartRateBpm><SensorState>Present</SensorState></Trackpoint><Trackpoint><Time>2025-12-14T20:27:35.000Z</Time><HeartRateBpm><Value>141</Value></HeartRateBpm><SensorState>Present</SensorState></Trackpoint><Trackpoint><Time>2025-12-14T20:27:36.000Z</Time><HeartRateBpm><Value>141</Value></HeartRateBpm><SensorState>Present</SensorState></Trackpoint><Trackpoint><Time>2025-12-14T20:27:37.000Z</Time><HeartRateBpm><Value>142</Value></HeartRateBpm><SensorState>Present</SensorState></Trackpoint><Trackpoint><Time>2025-12-14T20:27:38.000Z</Time><HeartRateBpm><Value>142</Value></HeartRateBpm><SensorState>Present</SensorState></Trackpoint><Trackpoint><Time>2025-12-14T20:27:39.000Z</Time><HeartRateBpm><Value>142</Value></HeartRateBpm><SensorState>Present</SensorState></Trackpoint><Trackpoint><Time>2025-12-14T20:27:40.000Z</Time><HeartRateBpm><Value>143</Value></HeartRateBpm><SensorState>Present</SensorState></Trackpoint><Trackpoint><Time>2025-12-14T20:27:41.000Z</Time><HeartRateBpm><Value>143</Value></HeartRateBpm><SensorState>Present</SensorState></Trackpoint><Trackpoint><Time>2025-12-14T20:27:42.000Z</Time><HeartRateBpm><Value>144</Value></HeartRateBpm><SensorState>Present</SensorState></Trackpoint><Trackpoint><Time>2025-12-14T20:27:43.000Z</Time><HeartRateBpm><Value>144</Value></HeartRateBpm><SensorState>Present</SensorState></Trackpoint><Trackpoint><Time>2025-12-14T20:27:44.000Z</Time><HeartRateBpm><Value>143</Value></HeartRateBpm><SensorState>Present</SensorState></Trackpoint><Trackpoint><Time>2025-12-14T20:27:45.000Z</Time><HeartRateBpm><Value>143</Value></HeartRateBpm><SensorState>Present</SensorState></Trackpoint><Trackpoint><Time>2025-12-14T20:27:46.000Z</Time><HeartRateBpm><Value>142</Value></HeartRateBpm><SensorState>Present</SensorState></Trackpoint><Trackpoint><Time>2025-12-14T20:27:47.000Z</Time><HeartRateBpm><Value>141</Value></HeartRateBpm><SensorState>Present</SensorState></Trackpoint><Trackpoint><Time>2025-12-14T20:27:48.000Z</Time><HeartRateBpm><Value>140</Value></HeartRateBpm><SensorState>Present</SensorState></Trackpoint><Trackpoint><Time>2025-12-14T20:27:49.000Z</Time><HeartRateBpm><Value>140</Value></HeartRateBpm><SensorState>Present</SensorState></Trackpoint><Trackpoint><Time>2025-12-14T20:27:50.000Z</Time><HeartRateBpm><Value>140</Value></HeartRateBpm><SensorState>Present</SensorState></Trackpoint><Trackpoint><Time>2025-12-14T20:27:51.000Z</Time><HeartRateBpm><Value>139</Value></HeartRateBpm><SensorState>Present</SensorState></Trackpoint><Trackpoint><Time>2025-12-14T20:27:52.000Z</Time><HeartRateBpm><Value>139</Value></HeartRateBpm><SensorState>Present</SensorState></Trackpoint><Trackpoint><Time>2025-12-14T20:27:53.000Z</Time><HeartRateBpm><Value>140</Value></HeartRateBpm><SensorState>Present</SensorState></Trackpoint><Trackpoint><Time>2025-12-14T20:27:54.000Z</Time><HeartRateBpm><Value>140</Value></HeartRateBpm><SensorState>Present</SensorState></Trackpoint><Trackpoint><Time>2025-12-14T20:27:55.000Z</Time><HeartRateBpm><Value>140</Value></HeartRateBpm><SensorState>Present</SensorState></Trackpoint><Trackpoint><Time>2025-12-14T20:27:56.000Z</Time><HeartRateBpm><Value>139</Value></HeartRateBpm><SensorState>Present</SensorState></Trackpoint><Trackpoint><Time>2025-12-14T20:27:57.000Z</Time><HeartRateBpm><Value>139</Value></HeartRateBpm><SensorState>Present</SensorState></Trackpoint><Trackpoint><Time>2025-12-14T20:27:58.000Z</Time><HeartRateBpm><Value>139</Value></HeartRateBpm><SensorState>Present</SensorState></Trackpoint><Trackpoint><Time>2025-12-14T20:27:59.000Z</Time><HeartRateBpm><Value>139</Value></HeartRateBpm><SensorState>Present</SensorState></Trackpoint><Trackpoint><Time>2025-12-14T20:28:00.000Z</Time><HeartRateBpm><Value>139</Value></HeartRateBpm><SensorState>Present</SensorState></Trackpoint><Trackpoint><Time>2025-12-14T20:28:01.000Z</Time><HeartRateBpm><Value>140</Value></HeartRateBpm><SensorState>Present</SensorState></Trackpoint><Trackpoint><Time>2025-12-14T20:28:02.000Z</Time><HeartRateBpm><Value>140</Value></HeartRateBpm><SensorState>Present</SensorState></Trackpoint><Trackpoint><Time>2025-12-14T20:28:03.000Z</Time><HeartRateBpm><Value>140</Value></HeartRateBpm><SensorState>Present</SensorState></Trackpoint><Trackpoint><Time>2025-12-14T20:28:04.000Z</Time><HeartRateBpm><Value>140</Value></HeartRateBpm><SensorState>Present</SensorState></Trackpoint><Trackpoint><Time>2025-12-14T20:28:05.000Z</Time><HeartRateBpm><Value>140</Value></HeartRateBpm><SensorState>Present</SensorState></Trackpoint><Trackpoint><Time>2025-12-14T20:28:06.000Z</Time><HeartRateBpm><Value>140</Value></HeartRateBpm><SensorState>Present</SensorState></Trackpoint><Trackpoint><Time>2025-12-14T20:28:07.000Z</Time><HeartRateBpm><Value>140</Value></HeartRateBpm><SensorState>Present</SensorState></Trackpoint><Trackpoint><Time>2025-12-14T20:28:08.000Z</Time><HeartRateBpm><Value>140</Value></HeartRateBpm><SensorState>Present</SensorState></Trackpoint><Trackpoint><Time>2025-12-14T20:28:09.000Z</Time><HeartRateBpm><Value>140</Value></HeartRateBpm><SensorState>Present</SensorState></Trackpoint><Trackpoint><Time>2025-12-14T20:28:10.000Z</Time><HeartRateBpm><Value>141</Value></HeartRateBpm><SensorState>Present</SensorState></Trackpoint><Trackpoint><Time>2025-12-14T20:28:11.000Z</Time><HeartRateBpm><Value>140</Value></HeartRateBpm><SensorState>Present</SensorState></Trackpoint><Trackpoint><Time>2025-12-14T20:28:12.000Z</Time><HeartRateBpm><Value>140</Value></HeartRateBpm><SensorState>Present</SensorState></Trackpoint><Trackpoint><Time>2025-12-14T20:28:13.000Z</Time><HeartRateBpm><Value>140</Value></HeartRateBpm><SensorState>Present</SensorState></Trackpoint><Trackpoint><Time>2025-12-14T20:28:14.000Z</Time><HeartRateBpm><Value>140</Value></HeartRateBpm><SensorState>Present</SensorState></Trackpoint><Trackpoint><Time>2025-12-14T20:28:15.000Z</Time><HeartRateBpm><Value>140</Value></HeartRateBpm><SensorState>Present</SensorState></Trackpoint><Trackpoint><Time>2025-12-14T20:28:16.000Z</Time><HeartRateBpm><Value>140</Value></HeartRateBpm><SensorState>Present</SensorState></Trackpoint><Trackpoint><Time>2025-12-14T20:28:17.000Z</Time><HeartRateBpm><Value>140</Value></HeartRateBpm><SensorState>Present</SensorState></Trackpoint><Trackpoint><Time>2025-12-14T20:28:18.000Z</Time><HeartRateBpm><Value>140</Value></HeartRateBpm><SensorState>Present</SensorState></Trackpoint><Trackpoint><Time>2025-12-14T20:28:19.000Z</Time><HeartRateBpm><Value>140</Value></HeartRateBpm><SensorState>Present</SensorState></Trackpoint><Trackpoint><Time>2025-12-14T20:28:20.000Z</Time><HeartRateBpm><Value>140</Value></HeartRateBpm><SensorState>Present</SensorState></Trackpoint><Trackpoint><Time>2025-12-14T20:28:21.000Z</Time><HeartRateBpm><Value>140</Value></HeartRateBpm><SensorState>Present</SensorState></Trackpoint><Trackpoint><Time>2025-12-14T20:28:22.000Z</Time><HeartRateBpm><Value>141</Value></HeartRateBpm><SensorState>Present</SensorState></Trackpoint><Trackpoint><Time>2025-12-14T20:28:23.000Z</Time><HeartRateBpm><Value>141</Value></HeartRateBpm><SensorState>Present</SensorState></Trackpoint><Trackpoint><Time>2025-12-14T20:28:24.000Z</Time><HeartRateBpm><Value>140</Value></HeartRateBpm><SensorState>Present</SensorState></Trackpoint><Trackpoint><Time>2025-12-14T20:28:25.000Z</Time><HeartRateBpm><Value>138</Value></HeartRateBpm><SensorState>Present</SensorState></Trackpoint><Trackpoint><Time>2025-12-14T20:28:26.000Z</Time><HeartRateBpm><Value>135</Value></HeartRateBpm><SensorState>Present</SensorState></Trackpoint><Trackpoint><Time>2025-12-14T20:28:27.000Z</Time><HeartRateBpm><Value>135</Value></HeartRateBpm><SensorState>Present</SensorState></Trackpoint><Trackpoint><Time>2025-12-14T20:28:28.000Z</Time><HeartRateBpm><Value>136</Value></HeartRateBpm><SensorState>Present</SensorState></Trackpoint><Trackpoint><Time>2025-12-14T20:28:29.000Z</Time><HeartRateBpm><Value>137</Value></HeartRateBpm><SensorState>Present</SensorState></Trackpoint><Trackpoint><Time>2025-12-14T20:28:30.000Z</Time><HeartRateBpm><Value>137</Value></HeartRateBpm><SensorState>Present</SensorState></Trackpoint><Trackpoint><Time>2025-12-14T20:28:31.000Z</Time><HeartRateBpm><Value>137</Value></HeartRateBpm><SensorState>Present</SensorState></Trackpoint><Trackpoint><Time>2025-12-14T20:28:32.000Z</Time><HeartRateBpm><Value>136</Value></HeartRateBpm><SensorState>Present</SensorState></Trackpoint><Trackpoint><Time>2025-12-14T20:28:33.000Z</Time><HeartRateBpm><Value>133</Value></HeartRateBpm><SensorState>Present</SensorState></Trackpoint><Trackpoint><Time>2025-12-14T20:28:34.000Z</Time><HeartRateBpm><Value>128</Value></HeartRateBpm><SensorState>Present</SensorState></Trackpoint><Trackpoint><Time>2025-12-14T20:28:35.000Z</Time><HeartRateBpm><Value>124</Value></HeartRateBpm><SensorState>Present</SensorState></Trackpoint><Trackpoint><Time>2025-12-14T20:28:36.000Z</Time><HeartRateBpm><Value>121</Value></HeartRateBpm><SensorState>Present</SensorState></Trackpoint><Trackpoint><Time>2025-12-14T20:28:37.000Z</Time><HeartRateBpm><Value>119</Value></HeartRateBpm><SensorState>Present</SensorState></Trackpoint><Trackpoint><Time>2025-12-14T20:28:38.000Z</Time><HeartRateBpm><Value>119</Value></HeartRateBpm><SensorState>Present</SensorState></Trackpoint><Trackpoint><Time>2025-12-14T20:28:39.000Z</Time><HeartRateBpm><Value>119</Value></HeartRateBpm><SensorState>Present</SensorState></Trackpoint><Trackpoint><Time>2025-12-14T20:28:40.000Z</Time><HeartRateBpm><Value>118</Value></HeartRateBpm><SensorState>Present</SensorState></Trackpoint><Trackpoint><Time>2025-12-14T20:28:41.000Z</Time><HeartRateBpm><Value>118</Value></HeartRateBpm><SensorState>Present</SensorState></Trackpoint><Trackpoint><Time>2025-12-14T20:28:42.000Z</Time><HeartRateBpm><Value>118</Value></HeartRateBpm><SensorState>Present</SensorState></Trackpoint><Trackpoint><Time>2025-12-14T20:28:43.000Z</Time><HeartRateBpm><Value>117</Value></HeartRateBpm><SensorState>Present</SensorState></Trackpoint><Trackpoint><Time>2025-12-14T20:28:44.000Z</Time><HeartRateBpm><Value>116</Value></HeartRateBpm><SensorState>Present</SensorState></Trackpoint><Trackpoint><Time>2025-12-14T20:28:45.000Z</Time><HeartRateBpm><Value>115</Value></HeartRateBpm><SensorState>Present</SensorState></Trackpoint><Trackpoint><Time>2025-12-14T20:28:46.000Z</Time><HeartRateBpm><Value>114</Value></HeartRateBpm><SensorState>Present</SensorState></Trackpoint><Trackpoint><Time>2025-12-14T20:28:47.000Z</Time><HeartRateBpm><Value>114</Value></HeartRateBpm><SensorState>Present</SensorState></Trackpoint><Trackpoint><Time>2025-12-14T20:28:48.000Z</Time><HeartRateBpm><Value>113</Value></HeartRateBpm><SensorState>Present</SensorState></Trackpoint><Trackpoint><Time>2025-12-14T20:28:49.000Z</Time><HeartRateBpm><Value>112</Value></HeartRateBpm><SensorState>Present</SensorState></Trackpoint><Trackpoint><Time>2025-12-14T20:28:50.000Z</Time><HeartRateBpm><Value>111</Value></HeartRateBpm><SensorState>Present</SensorState></Trackpoint><Trackpoint><Time>2025-12-14T20:28:51.000Z</Time><HeartRateBpm><Value>112</Value></HeartRateBpm><SensorState>Present</SensorState></Trackpoint><Trackpoint><Time>2025-12-14T20:28:52.000Z</Time><HeartRateBpm><Value>114</Value></HeartRateBpm><SensorState>Present</SensorState></Trackpoint><Trackpoint><Time>2025-12-14T20:28:53.000Z</Time><HeartRateBpm><Value>115</Value></HeartRateBpm><SensorState>Present</SensorState></Trackpoint><Trackpoint><Time>2025-12-14T20:28:54.000Z</Time><HeartRateBpm><Value>116</Value></HeartRateBpm><SensorState>Present</SensorState></Trackpoint><Trackpoint><Time>2025-12-14T20:28:55.000Z</Time><HeartRateBpm><Value>116</Value></HeartRateBpm><SensorState>Present</SensorState></Trackpoint><Trackpoint><Time>2025-12-14T20:28:56.000Z</Time><HeartRateBpm><Value>114</Value></HeartRateBpm><SensorState>Present</SensorState></Trackpoint><Trackpoint><Time>2025-12-14T20:28:57.000Z</Time><HeartRateBpm><Value>112</Value></HeartRateBpm><SensorState>Present</SensorState></Trackpoint><Trackpoint><Time>2025-12-14T20:28:58.000Z</Time><HeartRateBpm><Value>111</Value></HeartRateBpm><SensorState>Present</SensorState></Trackpoint><Trackpoint><Time>2025-12-14T20:28:59.000Z</Time><HeartRateBpm><Value>110</Value></HeartRateBpm><SensorState>Present</SensorState></Trackpoint><Trackpoint><Time>2025-12-14T20:29:00.000Z</Time><HeartRateBpm><Value>110</Value></HeartRateBpm><SensorState>Present</SensorState></Trackpoint><Trackpoint><Time>2025-12-14T20:29:01.000Z</Time><HeartRateBpm><Value>110</Value></HeartRateBpm><SensorState>Present</SensorState></Trackpoint><Trackpoint><Time>2025-12-14T20:29:02.000Z</Time><HeartRateBpm><Value>111</Value></HeartRateBpm><SensorState>Present</SensorState></Trackpoint><Trackpoint><Time>2025-12-14T20:29:03.000Z</Time><HeartRateBpm><Value>112</Value></HeartRateBpm><SensorState>Present</SensorState></Trackpoint><Trackpoint><Time>2025-12-14T20:29:04.000Z</Time><HeartRateBpm><Value>112</Value></HeartRateBpm><SensorState>Present</SensorState></Trackpoint><Trackpoint><Time>2025-12-14T20:29:05.000Z</Time><HeartRateBpm><Value>112</Value></HeartRateBpm><SensorState>Present</SensorState></Trackpoint><Trackpoint><Time>2025-12-14T20:29:06.000Z</Time><HeartRateBpm><Value>112</Value></HeartRateBpm><SensorState>Present</SensorState></Trackpoint><Trackpoint><Time>2025-12-14T20:29:07.000Z</Time><HeartRateBpm><Value>112</Value></HeartRateBpm><SensorState>Present</SensorState></Trackpoint><Trackpoint><Time>2025-12-14T20:29:08.000Z</Time><HeartRateBpm><Value>112</Value></HeartRateBpm><SensorState>Present</SensorState></Trackpoint><Trackpoint><Time>2025-12-14T20:29:09.000Z</Time><HeartRateBpm><Value>112</Value></HeartRateBpm><SensorState>Present</SensorState></Trackpoint><Trackpoint><Time>2025-12-14T20:29:10.000Z</Time><HeartRateBpm><Value>112</Value></HeartRateBpm><SensorState>Present</SensorState></Trackpoint><Trackpoint><Time>2025-12-14T20:29:11.000Z</Time><HeartRateBpm><Value>111</Value></HeartRateBpm><SensorState>Present</SensorState></Trackpoint><Trackpoint><Time>2025-12-14T20:29:12.000Z</Time><HeartRateBpm><Value>110</Value></HeartRateBpm><SensorState>Present</SensorState></Trackpoint><Trackpoint><Time>2025-12-14T20:29:13.000Z</Time><HeartRateBpm><Value>107</Value></HeartRateBpm><SensorState>Present</SensorState></Trackpoint><Trackpoint><Time>2025-12-14T20:29:14.000Z</Time><HeartRateBpm><Value>107</Value></HeartRateBpm><SensorState>Present</SensorState></Trackpoint><Trackpoint><Time>2025-12-14T20:29:15.000Z</Time><HeartRateBpm><Value>106</Value></HeartRateBpm><SensorState>Present</SensorState></Trackpoint><Trackpoint><Time>2025-12-14T20:29:16.000Z</Time><HeartRateBpm><Value>106</Value></HeartRateBpm><SensorState>Present</SensorState></Trackpoint><Trackpoint><Time>2025-12-14T20:29:17.000Z</Time><HeartRateBpm><Value>105</Value></HeartRateBpm><SensorState>Present</SensorState></Trackpoint><Trackpoint><Time>2025-12-14T20:29:18.000Z</Time><HeartRateBpm><Value>106</Value></HeartRateBpm><SensorState>Present</SensorState></Trackpoint><Trackpoint><Time>2025-12-14T20:29:19.000Z</Time><HeartRateBpm><Value>106</Value></HeartRateBpm><SensorState>Present</SensorState></Trackpoint><Trackpoint><Time>2025-12-14T20:29:20.000Z</Time><HeartRateBpm><Value>107</Value></HeartRateBpm><SensorState>Present</SensorState></Trackpoint><Trackpoint><Time>2025-12-14T20:29:21.000Z</Time><HeartRateBpm><Value>107</Value></HeartRateBpm><SensorState>Present</SensorState></Trackpoint><Trackpoint><Time>2025-12-14T20:29:22.000Z</Time><HeartRateBpm><Value>108</Value></HeartRateBpm><SensorState>Present</SensorState></Trackpoint><Trackpoint><Time>2025-12-14T20:29:23.000Z</Time><HeartRateBpm><Value>108</Value></HeartRateBpm><SensorState>Present</SensorState></Trackpoint><Trackpoint><Time>2025-12-14T20:29:24.000Z</Time><HeartRateBpm><Value>109</Value></HeartRateBpm><SensorState>Present</SensorState></Trackpoint><Trackpoint><Time>2025-12-14T20:29:25.000Z</Time><HeartRateBpm><Value>110</Value></HeartRateBpm><SensorState>Present</SensorState></Trackpoint><Trackpoint><Time>2025-12-14T20:29:26.000Z</Time><HeartRateBpm><Value>110</Value></HeartRateBpm><SensorState>Present</SensorState></Trackpoint><Trackpoint><Time>2025-12-14T20:29:27.000Z</Time><HeartRateBpm><Value>110</Value></HeartRateBpm><SensorState>Present</SensorState></Trackpoint><Trackpoint><Time>2025-12-14T20:29:28.000Z</Time><HeartRateBpm><Value>111</Value></HeartRateBpm><SensorState>Present</SensorState></Trackpoint><Trackpoint><Time>2025-12-14T20:29:29.000Z</Time><HeartRateBpm><Value>111</Value></HeartRateBpm><SensorState>Present</SensorState></Trackpoint><Trackpoint><Time>2025-12-14T20:29:30.000Z</Time><HeartRateBpm><Value>111</Value></HeartRateBpm><SensorState>Present</SensorState></Trackpoint><Trackpoint><Time>2025-12-14T20:29:31.000Z</Time><HeartRateBpm><Value>111</Value></HeartRateBpm><SensorState>Present</SensorState></Trackpoint><Trackpoint><Time>2025-12-14T20:29:32.000Z</Time><HeartRateBpm><Value>111</Value></HeartRateBpm><SensorState>Present</SensorState></Trackpoint><Trackpoint><Time>2025-12-14T20:29:33.000Z</Time><HeartRateBpm><Value>111</Value></HeartRateBpm><SensorState>Present</SensorState></Trackpoint><Trackpoint><Time>2025-12-14T20:29:34.000Z</Time><HeartRateBpm><Value>111</Value></HeartRateBpm><SensorState>Present</SensorState></Trackpoint><Trackpoint><Time>2025-12-14T20:29:35.000Z</Time><HeartRateBpm><Value>112</Value></HeartRateBpm><SensorState>Present</SensorState></Trackpoint><Trackpoint><Time>2025-12-14T20:29:36.000Z</Time><HeartRateBpm><Value>112</Value></HeartRateBpm><SensorState>Present</SensorState></Trackpoint><Trackpoint><Time>2025-12-14T20:29:37.000Z</Time><HeartRateBpm><Value>111</Value></HeartRateBpm><SensorState>Present</SensorState></Trackpoint><Trackpoint><Time>2025-12-14T20:29:38.000Z</Time><HeartRateBpm><Value>111</Value></HeartRateBpm><SensorState>Present</SensorState></Trackpoint><Trackpoint><Time>2025-12-14T20:29:39.000Z</Time><HeartRateBpm><Value>111</Value></HeartRateBpm><SensorState>Present</SensorState></Trackpoint><Trackpoint><Time>2025-12-14T20:29:40.000Z</Time><HeartRateBpm><Value>111</Value></HeartRateBpm><SensorState>Present</SensorState></Trackpoint><Trackpoint><Time>2025-12-14T20:29:41.000Z</Time><HeartRateBpm><Value>110</Value></HeartRateBpm><SensorState>Present</SensorState></Trackpoint><Trackpoint><Time>2025-12-14T20:29:42.000Z</Time><HeartRateBpm><Value>109</Value></HeartRateBpm><SensorState>Present</SensorState></Trackpoint><Trackpoint><Time>2025-12-14T20:29:43.000Z</Time><HeartRateBpm><Value>108</Value></HeartRateBpm><SensorState>Present</SensorState></Trackpoint><Trackpoint><Time>2025-12-14T20:29:44.000Z</Time><HeartRateBpm><Value>108</Value></HeartRateBpm><SensorState>Present</SensorState></Trackpoint><Trackpoint><Time>2025-12-14T20:29:45.000Z</Time><HeartRateBpm><Value>109</Value></HeartRateBpm><SensorState>Present</SensorState></Trackpoint><Trackpoint><Time>2025-12-14T20:29:46.000Z</Time><HeartRateBpm><Value>110</Value></HeartRateBpm><SensorState>Present</SensorState></Trackpoint><Trackpoint><Time>2025-12-14T20:29:47.000Z</Time><HeartRateBpm><Value>110</Value></HeartRateBpm><SensorState>Present</SensorState></Trackpoint><Trackpoint><Time>2025-12-14T20:29:48.000Z</Time><HeartRateBpm><Value>110</Value></HeartRateBpm><SensorState>Present</SensorState></Trackpoint><Trackpoint><Time>2025-12-14T20:29:49.000Z</Time><HeartRateBpm><Value>110</Value></HeartRateBpm><SensorState>Present</SensorState></Trackpoint><Trackpoint><Time>2025-12-14T20:29:50.000Z</Time><HeartRateBpm><Value>110</Value></HeartRateBpm><SensorState>Present</SensorState></Trackpoint><Trackpoint><Time>2025-12-14T20:29:51.000Z</Time><HeartRateBpm><Value>110</Value></HeartRateBpm><SensorState>Present</SensorState></Trackpoint><Trackpoint><Time>2025-12-14T20:29:52.000Z</Time><HeartRateBpm><Value>110</Value></HeartRateBpm><SensorState>Present</SensorState></Trackpoint><Trackpoint><Time>2025-12-14T20:29:53.000Z</Time><HeartRateBpm><Value>110</Value></HeartRateBpm><SensorState>Present</SensorState></Trackpoint><Trackpoint><Time>2025-12-14T20:29:54.000Z</Time><HeartRateBpm><Value>110</Value></HeartRateBpm><SensorState>Present</SensorState></Trackpoint><Trackpoint><Time>2025-12-14T20:29:55.000Z</Time><HeartRateBpm><Value>110</Value></HeartRateBpm><SensorState>Present</SensorState></Trackpoint><Trackpoint><Time>2025-12-14T20:29:56.000Z</Time><HeartRateBpm><Value>110</Value></HeartRateBpm><SensorState>Present</SensorState></Trackpoint><Trackpoint><Time>2025-12-14T20:29:57.000Z</Time><SensorState>Present</SensorState></Trackpoint></Track></Lap><Notes>200 push ups 
10 rounds of 20 + 2 pool laps running 

time: 7:11 min</Notes><Training VirtualPartner="false"><Plan Type="Workout" IntervalWorkout="false"><Name>Bootcamp</Name><Extensions></Extensions></Plan></Training><Creator xmlns:xsi="http://www.w3.org/2001/XMLSchema-instance" xsi:type="Device_t"><Name>Polar BEAT</Name><UnitId>0</UnitId><ProductID>25</ProductID><Version><VersionMajor>0</VersionMajor><VersionMinor>0</VersionMinor></Version></Creator></Activity></Activities><Author xmlns:xsi="http://www.w3.org/2001/XMLSchema-instance" xsi:type="Application_t"><Name>Polar Beat2 Android</Name><Build><Version><VersionMajor>0</VersionMajor><VersionMinor>0</VersionMinor></Version></Build><LangID>EN</LangID><PartNumber>XXX-XXXXX-XX</PartNumber></Author></TrainingCenterDatabase>