<?xml version="1.0" encoding="UTF-8"?><TrainingCenterDatabase xmlns="http://www.garmin.com/xmlschemas/TrainingCenterDatabase/v2"><Activities><Activity Sport="Other"><Id>2025-12-01T08:55:01.000Z</Id><Lap StartTime="2025-12-01T08:55:01.000Z"><TotalTimeSeconds>1178.0</TotalTimeSeconds><DistanceMeters>0.0</DistanceMeters><Calories>221</Calories><AverageHeartRateBpm><Value>142</Value></AverageHeartRateBpm><MaximumHeartRateBpm><Value>177</Value></MaximumHeartRateBpm><Intensity>Active</Intensity><TriggerMethod>Manual</TriggerMethod><Track><Trackpoint><Time>2025-12-01T08:55:02.000Z</Time><HeartRateBpm><Value>100</Value></HeartRateBpm><SensorState>Present</SensorState></Trackpoint><Trackpoint><Time>2025-12-01T08:55:03.000Z</Time><HeartRateBpm><Value>101</Value></HeartRateBpm><SensorState>Present</SensorState></Trackpoint><Trackpoint><Time>2025-12-01T08:55:04.000Z</Time><HeartRateBpm><Value>103</Value></HeartRateBpm><SensorState>Present</SensorState></Trackpoint><Trackpoint><Time>2025-12-01T08:55:05.000Z</Time><HeartRateBpm><Value>103</Value></HeartRateBpm><SensorState>Present</SensorState></Trackpoint><Trackpoint><Time>2025-12-01T08:55:06.000Z</Time><HeartRateBpm><Value>101</Value></HeartRateBpm><SensorState>Present</SensorState></Trackpoint><Trackpoint><Time>2025-12-01T08:55:07.000Z</Time><HeartRateBpm><Value>99</Value></HeartRateBpm><SensorState>Present</SensorState></Trackpoint><Trackpoint><Time>2025-12-01T08:55:08.000Z</Time><HeartRateBpm><Value>99</Value></HeartRateBpm><SensorState>Present</SensorState></Trackpoint><Trackpoint><Time>2025-12-01T08:55:09.000Z</Time><HeartRateBpm><Value>99</Value></HeartRateBpm><SensorState>Present</SensorState></Trackpoint><Trackpoint><Time>2025-12-01T08:55:10.000Z</Time><HeartRateBpm><Value>100</Value></HeartRateBpm><SensorState>Present</SensorState></Trackpoint><Trackpoint><Time>2025-12-01T08:55:11.000Z</Time><HeartRateBpm><Value>102</Value></HeartRateBpm><SensorState>Present</SensorState></Trackpoint><Trackpoint><Time>2025-12-01T08:55:12.000Z</Time><HeartRateBpm><Value>103</Value></HeartRateBpm><SensorState>Present</SensorState></Trackpoint><Trackpoint><Time>2025-12-01T08:55:13.000Z</Time><HeartRateBpm><Value>103</Value></HeartRateBpm><SensorState>Present</SensorState></Trackpoint><Trackpoint><Time>2025-12-01T08:55:14.000Z</Time><HeartRateBpm><Value>104</Value></HeartRateBpm><SensorState>Present</SensorState></Trackpoint><Trackpoint><Time>2025-12-01T08:55:15.000Z</Time><HeartRateBpm><Value>106</Value></HeartRateBpm><SensorState>Present</SensorState></Trackpoint><Trackpoint><Time>2025-12-01T08:55:16.000Z</Time><HeartRateBpm><Value>108</Value></HeartRateBpm><SensorState>Present</SensorState></Trackpoint><Trackpoint><Time>2025-12-01T08:55:17.000Z</Time><HeartRateBpm><Value>109</Value></HeartRateBpm><SensorState>Present</SensorState></Trackpoint><Trackpoint><Time>2025-12-01T08:55:18.000Z</Time><HeartRateBpm><Value>110</Value></HeartRateBpm><SensorState>Present</SensorState></Trackpoint><Trackpoint><Time>2025-12-01T08:55:19.000Z</Time><HeartRateBpm><Value>110</Value></HeartRateBpm><SensorState>Present</SensorState></Trackpoint><Trackpoint><Time>2025-12-01T08:55:20.000Z</Time><HeartRateBpm><Value>110</Value></HeartRateBpm><SensorState>Present</SensorState></Trackpoint><Trackpoint><Time>2025-12-01T08:55:21.000Z</Time><HeartRateBpm><Value>109</Value></HeartRateBpm><SensorState>Present</SensorState></Trackpoint><Trackpoint><Time>2025-12-01T08:55:22.000Z</Time><HeartRateBpm><Value>110</Value></HeartRateBpm><SensorState>Present</SensorState></Trackpoint><Trackpoint><Time>2025-12-01T08:55:23.000Z</Time><HeartRateBpm><Value>109</Value></HeartRateBpm><SensorState>Present</SensorState></Trackpoint><Trackpoint><Time>2025-12-01T08:55:24.000Z</Time><HeartRateBpm><Value>109</Value></HeartRateBpm><SensorState>Present</SensorState></Trackpoint><Trackpoint><Time>2025-12-01T08:55:25.000Z</Time><HeartRateBpm><Value>109</Value></HeartRateBpm><SensorState>Present</SensorState></Trackpoint><Trackpoint><Time>2025-12-01T08:55:26.000Z</Time><HeartRateBpm><Value>108</Value></HeartRateBpm><SensorState>Present</SensorState></Trackpoint><Trackpoint><Time>2025-12-01T08:55:27.000Z</Time><HeartRateBpm><Value>107</Value></HeartRateBpm><SensorState>Present</SensorState></Trackpoint><Trackpoint><Time>2025-12-01T08:55:28.000Z</Time><HeartRateBpm><Value>107</Value></HeartRateBpm><SensorState>Present</SensorState></Trackpoint><Trackpoint><Time>2025-12-01T08:55:29.000Z</Time><HeartRateBpm><Value>106</Value></HeartRateBpm><SensorState>Present</SensorState></Trackpoint><Trackpoint><Time>2025-12-01T08:55:30.000Z</Time><HeartRateBpm><Value>106</Value></HeartRateBpm><SensorState>Present</SensorState></Trackpoint><Trackpoint><Time>2025-12-01T08:55:31.000Z</Time><HeartRateBpm><Value>106</Value></HeartRateBpm><SensorState>Present</SensorState></Trackpoint><Trackpoint><Time>2025-12-01T08:55:32.000Z</Time><HeartRateBpm><Value>106</Value></HeartRateBpm><SensorState>Present</SensorState></Trackpoint><Trackpoint><Time>2025-12-01T08:55:33.000Z</Time><HeartRateBpm><Value>105</Value></HeartRateBpm><SensorState>Present</SensorState></Trackpoint><Trackpoint><Time>2025-12-01T08:55:34.000Z</Time><HeartRateBpm><Value>106</Value></HeartRateBpm><SensorState>Present</SensorState></Trackpoint><Trackpoint><Time>2025-12-01T08:55:35.000Z</Time><HeartRateBpm><Value>106</Value></HeartRateBpm><SensorState>Present</SensorState></Trackpoint><Trackpoint><Time>2025-12-01T08:55:36.000Z</Time><HeartRateBpm><Value>107</Value></HeartRateBpm><SensorState>Present</SensorState></Trackpoint><Trackpoint><Time>2025-12-01T08:55:37.000Z</Time><HeartRateBpm><Value>107</Value></HeartRateBpm><SensorState>Present</SensorState></Trackpoint><Trackpoint><Time>2025-12-01T08:55:38.000Z</Time><HeartRateBpm><Value>107</Value></HeartRateBpm><SensorState>Present</SensorState></Trackpoint><Trackpoint><Time>2025-12-01T08:55:39.000Z</Time><HeartRateBpm><Value>107</Value></HeartRateBpm><SensorState>Present</SensorState></Trackpoint><Trackpoint><Time>2025-12-01T08:55:40.000Z</Time><HeartRateBpm><Value>107</Value></HeartRateBpm><SensorState>Present</SensorState></Trackpoint><Trackpoint><Time>2025-12-01T08:55:41.000Z</Time><HeartRateBpm><Value>106</Value></HeartRateBpm><SensorState>Present</SensorState></Trackpoint><Trackpoint><Time>2025-12-01T08:55:42.000Z</Time><HeartRateBpm><Value>106</Value></HeartRateBpm><SensorState>Present</SensorState></Trackpoint><Trackpoint><Time>2025-12-01T08:55:43.000Z</Time><HeartRateBpm><Value>106</Value></HeartRateBpm><SensorState>Present</SensorState></Trackpoint><Trackpoint><Time>2025-12-01T08:55:44.000Z</Time><HeartRateBpm><Value>106</Value></HeartRateBpm><SensorState>Present</SensorState></Trackpoint><Trackpoint><Time>2025-12-01T08:55:45.000Z</Time><HeartRateBpm><Value>106</Value></HeartRateBpm><SensorState>Present</SensorState></Trackpoint><Trackpoint><Time>2025-12-01T08:55:46.000Z</Time><HeartRateBpm><Value>104</Value></HeartRateBpm><SensorState>Present</SensorState></Trackpoint><Trackpoint><Time>2025-12-01T08:55:47.000Z</Time><HeartRateBpm><Value>103</Value></HeartRateBpm><SensorState>Present</SensorState></Trackpoint><Trackpoint><Time>2025-12-01T08:55:48.000Z</Time><HeartRateBpm><Value>104</Value></HeartRateBpm><SensorState>Present</SensorState></Trackpoint><Trackpoint><Time>2025-12-01T08:55:49.000Z</Time><HeartRateBpm><Value>104</Value></HeartRateBpm><SensorState>Present</SensorState></Trackpoint><Trackpoint><Time>2025-12-01T08:55:50.000Z</Time><HeartRateBpm><Value>104</Value></HeartRateBpm><SensorState>Present</SensorState></Trackpoint><Trackpoint><Time>2025-12-01T08:55:51.000Z</Time><HeartRateBpm><Value>105</Value></HeartRateBpm><SensorState>Present</SensorState></Trackpoint><Trackpoint><Time>2025-12-01T08:55:52.000Z</Time><HeartRateBpm><Value>106</Value></HeartRateBpm><SensorState>Present</SensorState></Trackpoint><Trackpoint><Time>2025-12-01T08:55:53.000Z</Time><HeartRateBpm><Value>107</Value></HeartRateBpm><SensorState>Present</SensorState></Trackpoint><Trackpoint><Time>2025-12-01T08:55:54.000Z</Time><HeartRateBpm><Value>107</Value></HeartRateBpm><SensorState>Present</SensorState></Trackpoint><Trackpoint><Time>2025-12-01T08:55:55.000Z</Time><HeartRateBpm><Value>108</Value></HeartRateBpm><SensorState>Present</SensorState></Trackpoint><Trackpoint><Time>2025-12-01T08:55:56.000Z</Time><HeartRateBpm><Value>109</Value></HeartRateBpm><SensorState>Present</SensorState></Trackpoint><Trackpoint><Time>2025-12-01T08:55:57.000Z</Time><HeartRateBpm><Value>110</Value></HeartRateBpm><SensorState>Present</SensorState></Trackpoint><Trackpoint><Time>2025-12-01T08:55:58.000Z</Time><HeartRateBpm><Value>111</Value></HeartRateBpm><SensorState>Present</SensorState></Trackpoint><Trackpoint><Time>2025-12-01T08:55:59.000Z</Time><HeartRateBpm><Value>110</Value></HeartRateBpm><SensorState>Present</SensorState></Trackpoint><Trackpoint><Time>2025-12-01T08:56:00.000Z</Time><HeartRateBpm><Value>110</Value></HeartRateBpm><SensorState>Present</SensorState></Trackpoint><Trackpoint><Time>2025-12-01T08:56:01.000Z</Time><HeartRateBpm><Value>108</Value></HeartRateBpm><SensorState>Present</SensorState></Trackpoint><Trackpoint><Time>2025-12-01T08:56:02.000Z</Time><HeartRateBpm><Value>107</Value></HeartRateBpm><SensorState>Present</SensorState></Trackpoint><Trackpoint><Time>2025-12-01T08:56:03.000Z</Time><HeartRateBpm><Value>106</Value></HeartRateBpm><SensorState>Present</SensorState></Trackpoint><Trackpoint><Time>2025-12-01T08:56:04.000Z</Time><HeartRateBpm><Value>106</Value></HeartRateBpm><SensorState>Present</SensorState></Trackpoint><Trackpoint><Time>2025-12-01T08:56:05.000Z</Time><HeartRateBpm><Value>106</Value></HeartRateBpm><SensorState>Present</SensorState></Trackpoint><Trackpoint><Time>2025-12-01T08:56:06.000Z</Time><HeartRateBpm><Value>105</Value></HeartRateBpm><SensorState>Present</SensorState></Trackpoint><Trackpoint><Time>2025-12-01T08:56:07.000Z</Time><HeartRateBpm><Value>105</Value></HeartRateBpm><SensorState>Present</SensorState></Trackpoint><Trackpoint><Time>2025-12-01T08:56:08.000Z</Time><HeartRateBpm><Value>105</Value></HeartRateBpm><SensorState>Present</SensorState></Trackpoint><Trackpoint><Time>2025-12-01T08:56:09.000Z</Time><HeartRateBpm><Value>106</Value></HeartRateBpm><SensorState>Present</SensorState></Trackpoint><Trackpoint><Time>2025-12-01T08:56:10.000Z</Time><HeartRateBpm><Value>107</Value></HeartRateBpm><SensorState>Present</SensorState></Trackpoint><Trackpoint><Time>2025-12-01T08:56:11.000Z</Time><HeartRateBpm><Value>109</Value></HeartRateBpm><SensorState>Present</SensorState></Trackpoint><Trackpoint><Time>2025-12-01T08:56:12.000Z</Time><HeartRateBpm><Value>110</Value></HeartRateBpm><SensorState>Present</SensorState></Trackpoint><Trackpoint><Time>2025-12-01T08:56:13.000Z</Time><HeartRateBpm><Value>112</Value></HeartRateBpm><SensorState>Present</SensorState></Trackpoint><Trackpoint><Time>2025-12-01T08:56:14.000Z</Time><HeartRateBpm><Value>112</Value></HeartRateBpm><SensorState>Present</SensorState></Trackpoint><Trackpoint><Time>2025-12-01T08:56:15.000Z</Time><HeartRateBpm><Value>112</Value></HeartRateBpm><SensorState>Present</SensorState></Trackpoint><Trackpoint><Time>2025-12-01T08:56:16.000Z</Time><HeartRateBpm><Value>112</Value></HeartRateBpm><SensorState>Present</SensorState></Trackpoint><Trackpoint><Time>2025-12-01T08:56:17.000Z</Time><HeartRateBpm><Value>111</Value></HeartRateBpm><SensorState>Present</SensorState></Trackpoint><Trackpoint><Time>2025-12-01T08:56:18.000Z</Time><HeartRateBpm><Value>110</Value></HeartRateBpm><SensorState>Present</SensorState></Trackpoint><Trackpoint><Time>2025-12-01T08:56:19.000Z</Time><HeartRateBpm><Value>110</Value></HeartRateBpm><SensorState>Present</SensorState></Trackpoint><Trackpoint><Time>2025-12-01T08:56:20.000Z</Time><HeartRateBpm><Value>110</Value></HeartRateBpm><SensorState>Present</SensorState></Trackpoint><Trackpoint><Time>2025-12-01T08:56:21.000Z</Time><HeartRateBpm><Value>111</Value></HeartRateBpm><SensorState>Present</SensorState></Trackpoint><Trackpoint><Time>2025-12-01T08:56:22.000Z</Time><HeartRateBpm><Value>111</Value></HeartRateBpm><SensorState>Present</SensorState></Trackpoint><Trackpoint><Time>2025-12-01T08:56:23.000Z</Time><HeartRateBpm><Value>111</Value></HeartRateBpm><SensorState>Present</SensorState></Trackpoint><Trackpoint><Time>2025-12-01T08:56:24.000Z</Time><HeartRateBpm><Value>112</Value></HeartRateBpm><SensorState>Present</SensorState></Trackpoint><Trackpoint><Time>2025-12-01T08:56:25.000Z</Time><HeartRateBpm><Value>112</Value></HeartRateBpm><SensorState>Present</SensorState></Trackpoint><Trackpoint><Time>2025-12-01T08:56:26.000Z</Time><HeartRateBpm><Value>110</Value></HeartRateBpm><SensorState>Present</SensorState></Trackpoint><Trackpoint><Time>2025-12-01T08:56:27.000Z</Time><HeartRateBpm><Value>107</Value></HeartRateBpm><SensorState>Present</SensorState></Trackpoint><Trackpoint><Time>2025-12-01T08:56:28.000Z</Time><HeartRateBpm><Value>106</Value></HeartRateBpm><SensorState>Present</SensorState></Trackpoint><Trackpoint><Time>2025-12-01T08:56:29.000Z</Time><HeartRateBpm><Value>105</Value></HeartRateBpm><SensorState>Present</SensorState></Trackpoint><Trackpoint><Time>2025-12-01T08:56:30.000Z</Time><HeartRateBpm><Value>105</Value></HeartRateBpm><SensorState>Present</SensorState></Trackpoint><Trackpoint><Time>2025-12-01T08:56:31.000Z</Time><HeartRateBpm><Value>106</Value></HeartRateBpm><SensorState>Present</SensorState></Trackpoint><Trackpoint><Time>2025-12-01T08:56:32.000Z</Time><HeartRateBpm><Value>106</Value></HeartRateBpm><SensorState>Present</SensorState></Trackpoint><Trackpoint><Time>2025-12-01T08:56:33.000Z</Time><HeartRateBpm><Value>106</Value></HeartRateBpm><SensorState>Present</SensorState></Trackpoint><Trackpoint><Time>2025-12-01T08:56:34.000Z</Time><HeartRateBpm><Value>105</Value></HeartRateBpm><SensorState>Present</SensorState></Trackpoint><Trackpoint><Time>2025-12-01T08:56:35.000Z</Time><HeartRateBpm><Value>104</Value></HeartRateBpm><SensorState>Present</SensorState></Trackpoint><Trackpoint><Time>2025-12-01T08:56:36.000Z</Time><HeartRateBpm><Value>102</Value></HeartRateBpm><SensorState>Present</SensorState></Trackpoint><Trackpoint><Time>2025-12-01T08:56:37.000Z</Time><HeartRateBpm><Value>102</Value></HeartRateBpm><SensorState>Present</SensorState></Trackpoint><Trackpoint><Time>2025-12-01T08:56:38.000Z</Time><HeartRateBpm><Value>102</Value></HeartRateBpm><SensorState>Present</SensorState></Trackpoint><Trackpoint><Time>2025-12-01T08:56:39.000Z</Time><HeartRateBpm><Value>103</Value></HeartRateBpm><SensorState>Present</SensorState></Trackpoint><Trackpoint><Time>2025-12-01T08:56:40.000Z</Time><HeartRateBpm><Value>103</Value></HeartRateBpm><SensorState>Present</SensorState></Trackpoint><Trackpoint><Time>2025-12-01T08:56:41.000Z</Time><HeartRateBpm><Value>104</Value></HeartRateBpm><SensorState>Present</SensorState></Trackpoint><Trackpoint><Time>2025-12-01T08:56:42.000Z</Time><HeartRateBpm><Value>103</Value></HeartRateBpm><SensorState>Present</SensorState></Trackpoint><Trackpoint><Time>2025-12-01T08:56:43.000Z</Time><HeartRateBpm><Value>102</Value></HeartRateBpm><SensorState>Present</SensorState></Trackpoint><Trackpoint><Time>2025-12-01T08:56:44.000Z</Time><HeartRateBpm><Value>100</Value></HeartRateBpm><SensorState>Present</SensorState></Trackpoint><Trackpoint><Time>2025-12-01T08:56:45.000Z</Time><HeartRateBpm><Value>99</Value></HeartRateBpm><SensorState>Present</SensorState></Trackpoint><Trackpoint><Time>2025-12-01T08:56:46.000Z</Time><HeartRateBpm><Value>98</Value></HeartRateBpm><SensorState>Present</SensorState></Trackpoint><Trackpoint><Time>2025-12-01T08:56:47.000Z</Time><HeartRateBpm><Value>97</Value></HeartRateBpm><SensorState>Present</SensorState></Trackpoint><Trackpoint><Time>2025-12-01T08:56:48.000Z</Time><HeartRateBpm><Value>97</Value></HeartRateBpm><SensorState>Present</SensorState></Trackpoint><Trackpoint><Time>2025-12-01T08:56:49.000Z</Time><HeartRateBpm><Value>98</Value></HeartRateBpm><SensorState>Present</SensorState></Trackpoint><Trackpoint><Time>2025-12-01T08:56:50.000Z</Time><HeartRateBpm><Value>99</Value></HeartRateBpm><SensorState>Present</SensorState></Trackpoint><Trackpoint><Time>2025-12-01T08:56:51.000Z</Time><HeartRateBpm><Value>100</Value></HeartRateBpm><SensorState>Present</SensorState></Trackpoint><Trackpoint><Time>2025-12-01T08:56:52.000Z</Time><HeartRateBpm><Value>100</Value></HeartRateBpm><SensorState>Present</SensorState></Trackpoint><Trackpoint><Time>2025-12-01T08:56:53.000Z</Time><HeartRateBpm><Value>101</Value></HeartRateBpm><SensorState>Present</SensorState></Trackpoint><Trackpoint><Time>2025-12-01T08:56:54.000Z</Time><HeartRateBpm><Value>103</Value></HeartRateBpm><SensorState>Present</SensorState></Trackpoint><Trackpoint><Time>2025-12-01T08:56:55.000Z</Time><HeartRateBpm><Value>104</Value></HeartRateBpm><SensorState>Present</SensorState></Trackpoint><Trackpoint><Time>2025-12-01T08:56:56.000Z</Time><HeartRateBpm><Value>105</Value></HeartRateBpm><SensorState>Present</SensorState></Trackpoint><Trackpoint><Time>2025-12-01T08:56:57.000Z</Time><HeartRateBpm><Value>105</Value></HeartRateBpm><SensorState>Present</SensorState></Trackpoint><Trackpoint><Time>2025-12-01T08:56:58.000Z</Time><HeartRateBpm><Value>103</Value></HeartRateBpm><SensorState>Present</SensorState></Trackpoint><Trackpoint><Time>2025-12-01T08:56:59.000Z</Time><HeartRateBpm><Value>102</Value></HeartRateBpm><SensorState>Present</SensorState></Trackpoint><Trackpoint><Time>2025-12-01T08:57:00.000Z</Time><HeartRateBpm><Value>101</Value></HeartRateBpm><SensorState>Present</SensorState></Trackpoint><Trackpoint><Time>2025-12-01T08:57:01.000Z</Time><HeartRateBpm><Value>102</Value></HeartRateBpm><SensorState>Present</SensorState></Trackpoint><Trackpoint><Time>2025-12-01T08:57:02.000Z</Time><HeartRateBpm><Value>103</Value></HeartRateBpm><SensorState>Present</SensorState></Trackpoint><Trackpoint><Time>2025-12-01T08:57:03.000Z</Time><HeartRateBpm><Value>104</Value></HeartRateBpm><SensorState>Present</SensorState></Trackpoint><Trackpoint><Time>2025-12-01T08:57:04.000Z</Time><HeartRateBpm><Value>104</Value></HeartRateBpm><SensorState>Present</SensorState></Trackpoint><Trackpoint><Time>2025-12-01T08:57:05.000Z</Time><HeartRateBpm><Value>105</Value></HeartRateBpm><SensorState>Present</SensorState></Trackpoint><Trackpoint><Time>2025-12-01T08:57:06.000Z</Time><HeartRateBpm><Value>106</Value></HeartRateBpm><SensorState>Present</SensorState></Trackpoint><Trackpoint><Time>2025-12-01T08:57:07.000Z</Time><HeartRateBpm><Value>107</Value></HeartRateBpm><SensorState>Present</SensorState></Trackpoint><Trackpoint><Time>2025-12-01T08:57:08.000Z</Time><HeartRateBpm><Value>108</Value></HeartRateBpm><SensorState>Present</SensorState></Trackpoint><Trackpoint><Time>2025-12-01T08:57:09.000Z</Time><HeartRateBpm><Value>109</Value></HeartRateBpm><SensorState>Present</SensorState></Trackpoint><Trackpoint><Time>2025-12-01T08:57:10.000Z</Time><HeartRateBpm><Value>109</Value></HeartRateBpm><SensorState>Present</SensorState></Trackpoint><Trackpoint><Time>2025-12-01T08:57:11.000Z</Time><HeartRateBpm><Value>109</Value></HeartRateBpm><SensorState>Present</SensorState></Trackpoint><Trackpoint><Time>2025-12-01T08:57:12.000Z</Time><HeartRateBpm><Value>109</Value></HeartRateBpm><SensorState>Present</SensorState></Trackpoint><Trackpoint><Time>2025-12-01T08:57:13.000Z</Time><HeartRateBpm><Value>109</Value></HeartRateBpm><SensorState>Present</SensorState></Trackpoint><Trackpoint><Time>2025-12-01T08:57:14.000Z</Time><HeartRateBpm><Value>109</Value></HeartRateBpm><SensorState>Present</SensorState></Trackpoint><Trackpoint><Time>2025-12-01T08:57:15.000Z</Time><HeartRateBpm><Value>109</Value></HeartRateBpm><SensorState>Present</SensorState></Trackpoint><Trackpoint><Time>2025-12-01T08:57:16.000Z</Time><HeartRateBpm><Value>109</Value></HeartRateBpm><SensorState>Present</SensorState></Trackpoint><Trackpoint><Time>2025-12-01T08:57:17.000Z</Time><HeartRateBpm><Value>109</Value></HeartRateBpm><SensorState>Present</SensorState></Trackpoint><Trackpoint><Time>2025-12-01T08:57:18.000Z</Time><HeartRateBpm><Value>110</Value></HeartRateBpm><SensorState>Present</SensorState></Trackpoint><Trackpoint><Time>2025-12-01T08:57:19.000Z</Time><HeartRateBpm><Value>110</Value></HeartRateBpm><SensorState>Present</SensorState></Trackpoint><Trackpoint><Time>2025-12-01T08:57:20.000Z</Time><HeartRateBpm><Value>110</Value></HeartRateBpm><SensorState>Present</SensorState></Trackpoint><Trackpoint><Time>2025-12-01T08:57:21.000Z</Time><HeartRateBpm><Value>110</Value></HeartRateBpm><SensorState>Present</SensorState></Trackpoint><Trackpoint><Time>2025-12-01T08:57:22.000Z</Time><HeartRateBpm><Value>110</Value></HeartRateBpm><SensorState>Present</SensorState></Trackpoint><Trackpoint><Time>2025-12-01T08:57:23.000Z</Time><HeartRateBpm><Value>109</Value></HeartRateBpm><SensorState>Present</SensorState></Trackpoint><Trackpoint><Time>2025-12-01T08:57:24.000Z</Time><HeartRateBpm><Value>109</Value></HeartRateBpm><SensorState>Present</SensorState></Trackpoint><Trackpoint><Time>2025-12-01T08:57:25.000Z</Time><HeartRateBpm><Value>108</Value></HeartRateBpm><SensorState>Present</SensorState></Trackpoint><Trackpoint><Time>2025-12-01T08:57:26.000Z</Time><HeartRateBpm><Value>107</Value></HeartRateBpm><SensorState>Present</SensorState></Trackpoint><Trackpoint><Time>2025-12-01T08:57:27.000Z</Time><HeartRateBpm><Value>106</Value></HeartRateBpm><SensorState>Present</SensorState></Trackpoint><Trackpoint><Time>2025-12-01T08:57:28.000Z</Time><HeartRateBpm><Value>105</Value></HeartRateBpm><SensorState>Present</SensorState></Trackpoint><Trackpoint><Time>2025-12-01T08:57:29.000Z</Time><HeartRateBpm><Value>104</Value></HeartRateBpm><SensorState>Present</SensorState></Trackpoint><Trackpoint><Time>2025-12-01T08:57:30.000Z</Time><HeartRateBpm><Value>104</Value></HeartRateBpm><SensorState>Present</SensorState></Trackpoint><Trackpoint><Time>2025-12-01T08:57:31.000Z</Time><HeartRateBpm><Value>105</Value></HeartRateBpm><SensorState>Present</SensorState></Trackpoint><Trackpoint><Time>2025-12-01T08:57:32.000Z</Time><HeartRateBpm><Value>105</Value></HeartRateBpm><SensorState>Present</SensorState></Trackpoint><Trackpoint><Time>2025-12-01T08:57:33.000Z</Time><HeartRateBpm><Value>105</Value></HeartRateBpm><SensorState>Present</SensorState></Trackpoint><Trackpoint><Time>2025-12-01T08:57:34.000Z</Time><HeartRateBpm><Value>106</Value></HeartRateBpm><SensorState>Present</SensorState></Trackpoint><Trackpoint><Time>2025-12-01T08:57:35.000Z</Time><HeartRateBpm><Value>107</Value></HeartRateBpm><SensorState>Present</SensorState></Trackpoint><Trackpoint><Time>2025-12-01T08:57:36.000Z</Time><HeartRateBpm><Value>106</Value></HeartRateBpm><SensorState>Present</SensorState></Trackpoint><Trackpoint><Time>2025-12-01T08:57:37.000Z</Time><HeartRateBpm><Value>105</Value></HeartRateBpm><SensorState>Present</SensorState></Trackpoint><Trackpoint><Time>2025-12-01T08:57:38.000Z</Time><HeartRateBpm><Value>106</Value></HeartRateBpm><SensorState>Present</SensorState></Trackpoint><Trackpoint><Time>2025-12-01T08:57:39.000Z</Time><HeartRateBpm><Value>106</Value></HeartRateBpm><SensorState>Present</SensorState></Trackpoint><Trackpoint><Time>2025-12-01T08:57:40.000Z</Time><HeartRateBpm><Value>107</Value></HeartRateBpm><SensorState>Present</SensorState></Trackpoint><Trackpoint><Time>2025-12-01T08:57:41.000Z</Time><HeartRateBpm><Value>108</Value></HeartRateBpm><SensorState>Present</SensorState></Trackpoint><Trackpoint><Time>2025-12-01T08:57:42.000Z</Time><HeartRateBpm><Value>108</Value></HeartRateBpm><SensorState>Present</SensorState></Trackpoint><Trackpoint><Time>2025-12-01T08:57:43.000Z</Time><HeartRateBpm><Value>107</Value></HeartRateBpm><SensorState>Present</SensorState></Trackpoint><Trackpoint><Time>2025-12-01T08:57:44.000Z</Time><HeartRateBpm><Value>106</Value></HeartRateBpm><SensorState>Present</SensorState></Trackpoint><Trackpoint><Time>2025-12-01T08:57:45.000Z</Time><HeartRateBpm><Value>105</Value></HeartRateBpm><SensorState>Present</SensorState></Trackpoint><Trackpoint><Time>2025-12-01T08:57:46.000Z</Time><HeartRateBpm><Value>103</Value></HeartRateBpm><SensorState>Present</SensorState></Trackpoint><Trackpoint><Time>2025-12-01T08:57:47.000Z</Time><HeartRateBpm><Value>103</Value></HeartRateBpm><SensorState>Present</SensorState></Trackpoint><Trackpoint><Time>2025-12-01T08:57:48.000Z</Time><HeartRateBpm><Value>104</Value></HeartRateBpm><SensorState>Present</SensorState></Trackpoint><Trackpoint><Time>2025-12-01T08:57:49.000Z</Time><HeartRateBpm><Value>104</Value></HeartRateBpm><SensorState>Present</SensorState></Trackpoint><Trackpoint><Time>2025-12-01T08:57:50.000Z</Time><HeartRateBpm><Value>105</Value></HeartRateBpm><SensorState>Present</SensorState></Trackpoint><Trackpoint><Time>2025-12-01T08:57:51.000Z</Time><HeartRateBpm><Value>105</Value></HeartRateBpm><SensorState>Present</SensorState></Trackpoint><Trackpoint><Time>2025-12-01T08:57:52.000Z</Time><HeartRateBpm><Value>106</Value></HeartRateBpm><SensorState>Present</SensorState></Trackpoint><Trackpoint><Time>2025-12-01T08:57:53.000Z</Time><HeartRateBpm><Value>106</Value></HeartRateBpm><SensorState>Present</SensorState></Trackpoint><Trackpoint><Time>2025-12-01T08:57:54.000Z</Time><HeartRateBpm><Value>106</Value></HeartRateBpm><SensorState>Present</SensorState></Trackpoint><Trackpoint><Time>2025-12-01T08:57:55.000Z</Time><HeartRateBpm><Value>104</Value></HeartRateBpm><SensorState>Present</SensorState></Trackpoint><Trackpoint><Time>2025-12-01T08:57:56.000Z</Time><HeartRateBpm><Value>103</Value></HeartRateBpm><SensorState>Present</SensorState></Trackpoint><Trackpoint><Time>2025-12-01T08:57:57.000Z</Time><HeartRateBpm><Value>101</Value></HeartRateBpm><SensorState>Present</SensorState></Trackpoint><Trackpoint><Time>2025-12-01T08:57:58.000Z</Time><HeartRateBpm><Value>100</Value></HeartRateBpm><SensorState>Present</SensorState></Trackpoint><Trackpoint><Time>2025-12-01T08:57:59.000Z</Time><HeartRateBpm><Value>100</Value></HeartRateBpm><SensorState>Present</SensorState></Trackpoint><Trackpoint><Time>2025-12-01T08:58:00.000Z</Time><HeartRateBpm><Value>100</Value></HeartRateBpm><SensorState>Present</SensorState></Trackpoint><Trackpoint><Time>2025-12-01T08:58:01.000Z</Time><HeartRateBpm><Value>100</Value></HeartRateBpm><SensorState>Present</SensorState></Trackpoint><Trackpoint><Time>2025-12-01T08:58:02.000Z</Time><HeartRateBpm><Value>100</Value></HeartRateBpm><SensorState>Present</SensorState></Trackpoint><Trackpoint><Time>2025-12-01T08:58:03.000Z</Time><HeartRateBpm><Value>101</Value></HeartRateBpm><SensorState>Present</SensorState></Trackpoint><Trackpoint><Time>2025-12-01T08:58:04.000Z</Time><HeartRateBpm><Value>102</Value></HeartRateBpm><SensorState>Present</SensorState></Trackpoint><Trackpoint><Time>2025-12-01T08:58:05.000Z</Time><HeartRateBpm><Value>103</Value></HeartRateBpm><SensorState>Present</SensorState></Trackpoint><Trackpoint><Time>2025-12-01T08:58:06.000Z</Time><HeartRateBpm><Value>105</Value></HeartRateBpm><SensorState>Present</SensorState></Trackpoint><Trackpoint><Time>2025-12-01T08:58:07.000Z</Time><HeartRateBpm><Value>106</Value></HeartRateBpm><SensorState>Present</SensorState></Trackpoint><Trackpoint><Time>2025-12-01T08:58:08.000Z</Time><HeartRateBpm><Value>108</Value></HeartRateBpm><SensorState>Present</SensorState></Trackpoint><Trackpoint><Time>2025-12-01T08:58:09.000Z</Time><HeartRateBpm><Value>110</Value></HeartRateBpm><SensorState>Present</SensorState></Trackpoint><Trackpoint><Time>2025-12-01T08:58:10.000Z</Time><HeartRateBpm><Value>111</Value></HeartRateBpm><SensorState>Present</SensorState></Trackpoint><Trackpoint><Time>2025-12-01T08:58:11.000Z</Time><HeartRateBpm><Value>113</Value></HeartRateBpm><SensorState>Present</SensorState></Trackpoint><Trackpoint><Time>2025-12-01T08:58:12.000Z</Time><HeartRateBpm><Value>113</Value></HeartRateBpm><SensorState>Present</SensorState></Trackpoint><Trackpoint><Time>2025-12-01T08:58:13.000Z</Time><HeartRateBpm><Value>113</Value></HeartRateBpm><SensorState>Present</SensorState></Trackpoint><Trackpoint><Time>2025-12-01T08:58:14.000Z</Time><HeartRateBpm><Value>113</Value></HeartRateBpm><SensorState>Present</SensorState></Trackpoint><Trackpoint><Time>2025-12-01T08:58:15.000Z</Time><HeartRateBpm><Value>113</Value></HeartRateBpm><SensorState>Present</SensorState></Trackpoint><Trackpoint><Time>2025-12-01T08:58:16.000Z</Time><HeartRateBpm><Value>112</Value></HeartRateBpm><SensorState>Present</SensorState></Trackpoint><Trackpoint><Time>2025-12-01T08:58:17.000Z</Time><HeartRateBpm><Value>110</Value></HeartRateBpm><SensorState>Present</SensorState></Trackpoint><Trackpoint><Time>2025-12-01T08:58:18.000Z</Time><HeartRateBpm><Value>109</Value></HeartRateBpm><SensorState>Present</SensorState></Trackpoint><Trackpoint><Time>2025-12-01T08:58:19.000Z</Time><HeartRateBpm><Value>108</Value></HeartRateBpm><SensorState>Present</SensorState></Trackpoint><Trackpoint><Time>2025-12-01T08:58:20.000Z</Time><HeartRateBpm><Value>107</Value></HeartRateBpm><SensorState>Present</SensorState></Trackpoint><Trackpoint><Time>2025-12-01T08:58:21.000Z</Time><HeartRateBpm><Value>106</Value></HeartRateBpm><SensorState>Present</SensorState></Trackpoint><Trackpoint><Time>2025-12-01T08:58:22.000Z</Time><HeartRateBpm><Value>106</Value></HeartRateBpm><SensorState>Present</SensorState></Trackpoint><Trackpoint><Time>2025-12-01T08:58:23.000Z</Time><HeartRateBpm><Value>105</Value></HeartRateBpm><SensorState>Present</SensorState></Trackpoint><Trackpoint><Time>2025-12-01T08:58:24.000Z</Time><HeartRateBpm><Value>105</Value></HeartRateBpm><SensorState>Present</SensorState></Trackpoint><Trackpoint><Time>2025-12-01T08:58:25.000Z</Time><HeartRateBpm><Value>105</Value></HeartRateBpm><SensorState>Present</SensorState></Trackpoint><Trackpoint><Time>2025-12-01T08:58:26.000Z</Time><HeartRateBpm><Value>105</Value></HeartRateBpm><SensorState>Present</SensorState></Trackpoint><Trackpoint><Time>2025-12-01T08:58:27.000Z</Time><HeartRateBpm><Value>103</Value></HeartRateBpm><SensorState>Present</SensorState></Trackpoint><Trackpoint><Time>2025-12-01T08:58:28.000Z</Time><HeartRateBpm><Value>103</Value></HeartRateBpm><SensorState>Present</SensorState></Trackpoint><Trackpoint><Time>2025-12-01T08:58:29.000Z</Time><HeartRateBpm><Value>103</Value></HeartRateBpm><SensorState>Present</SensorState></Trackpoint><Trackpoint><Time>2025-12-01T08:58:30.000Z</Time><HeartRateBpm><Value>105</Value></HeartRateBpm><SensorState>Present</SensorState></Trackpoint><Trackpoint><Time>2025-12-01T08:58:31.000Z</Time><HeartRateBpm><Value>105</Value></HeartRateBpm><SensorState>Present</SensorState></Trackpoint><Trackpoint><Time>2025-12-01T08:58:32.000Z</Time><HeartRateBpm><Value>106</Value></HeartRateBpm><SensorState>Present</SensorState></Trackpoint><Trackpoint><Time>2025-12-01T08:58:33.000Z</Time><HeartRateBpm><Value>106</Value></HeartRateBpm><SensorState>Present</SensorState></Trackpoint><Trackpoint><Time>2025-12-01T08:58:34.000Z</Time><HeartRateBpm><Value>105</Value></HeartRateBpm><SensorState>Present</SensorState></Trackpoint><Trackpoint><Time>2025-12-01T08:58:35.000Z</Time><HeartRateBpm><Value>103</Value></HeartRateBpm><SensorState>Present</SensorState></Trackpoint><Trackpoint><Time>2025-12-01T08:58:36.000Z</Time><HeartRateBpm><Value>101</Value></HeartRateBpm><SensorState>Present</SensorState></Trackpoint><Trackpoint><Time>2025-12-01T08:58:37.000Z</Time><HeartRateBpm><Value>96</Value></HeartRateBpm><SensorState>Present</SensorState></Trackpoint><Trackpoint><Time>2025-12-01T08:58:38.000Z</Time><HeartRateBpm><Value>94</Value></HeartRateBpm><SensorState>Present</SensorState></Trackpoint><Trackpoint><Time>2025-12-01T08:58:39.000Z</Time><HeartRateBpm><Value>93</Value></HeartRateBpm><SensorState>Present</SensorState></Trackpoint><Trackpoint><Time>2025-12-01T08:58:40.000Z</Time><HeartRateBpm><Value>93</Value></HeartRateBpm><SensorState>Present</SensorState></Trackpoint><Trackpoint><Time>2025-12-01T08:58:41.000Z</Time><HeartRateBpm><Value>94</Value></HeartRateBpm><SensorState>Present</SensorState></Trackpoint><Trackpoint><Time>2025-12-01T08:58:42.000Z</Time><HeartRateBpm><Value>95</Value></HeartRateBpm><SensorState>Present</SensorState></Trackpoint><Trackpoint><Time>2025-12-01T08:58:43.000Z</Time><HeartRateBpm><Value>96</Value></HeartRateBpm><SensorState>Present</SensorState></Trackpoint><Trackpoint><Time>2025-12-01T08:58:44.000Z</Time><HeartRateBpm><Value>97</Value></HeartRateBpm><SensorState>Present</SensorState></Trackpoint><Trackpoint><Time>2025-12-01T08:58:45.000Z</Time><HeartRateBpm><Value>98</Value></HeartRateBpm><SensorState>Present</SensorState></Trackpoint><Trackpoint><Time>2025-12-01T08:58:46.000Z</Time><HeartRateBpm><Value>98</Value></HeartRateBpm><SensorState>Present</SensorState></Trackpoint><Trackpoint><Time>2025-12-01T08:58:47.000Z</Time><HeartRateBpm><Value>99</Value></HeartRateBpm><SensorState>Present</SensorState></Trackpoint><Trackpoint><Time>2025-12-01T08:58:48.000Z</Time><HeartRateBpm><Value>100</Value></HeartRateBpm><SensorState>Present</SensorState></Trackpoint><Trackpoint><Time>2025-12-01T08:58:49.000Z</Time><HeartRateBpm><Value>100</Value></HeartRateBpm><SensorState>Present</SensorState></Trackpoint><Trackpoint><Time>2025-12-01T08:58:50.000Z</Time><HeartRateBpm><Value>100</Value></HeartRateBpm><SensorState>Present</SensorState></Trackpoint><Trackpoint><Time>2025-12-01T08:58:51.000Z</Time><HeartRateBpm><Value>101</Value></HeartRateBpm><SensorState>Present</SensorState></Trackpoint><Trackpoint><Time>2025-12-01T08:58:52.000Z</Time><HeartRateBpm><Value>104</Value></HeartRateBpm><SensorState>Present</SensorState></Trackpoint><Trackpoint><Time>2025-12-01T08:58:53.000Z</Time><HeartRateBpm><Value>107</Value></HeartRateBpm><SensorState>Present</SensorState></Trackpoint><Trackpoint><Time>2025-12-01T08:58:54.000Z</Time><HeartRateBpm><Value>110</Value></HeartRateBpm><SensorState>Present</SensorState></Trackpoint><Trackpoint><Time>2025-12-01T08:58:55.000Z</Time><HeartRateBpm><Value>113</Value></HeartRateBpm><SensorState>Present</SensorState></Trackpoint><Trackpoint><Time>2025-12-01T08:58:56.000Z</Time><HeartRateBpm><Value>115</Value></HeartRateBpm><SensorState>Present</SensorState></Trackpoint><Trackpoint><Time>2025-12-01T08:58:57.000Z</Time><HeartRateBpm><Value>117</Value></HeartRateBpm><SensorState>Present</SensorState></Trackpoint><Trackpoint><Time>2025-12-01T08:58:58.000Z</Time><HeartRateBpm><Value>119</Value></HeartRateBpm><SensorState>Present</SensorState></Trackpoint><Trackpoint><Time>2025-12-01T08:58:59.000Z</Time><HeartRateBpm><Value>121</Value></HeartRateBpm><SensorState>Present</SensorState></Trackpoint><Trackpoint><Time>2025-12-01T08:59:00.000Z</Time><HeartRateBpm><Value>122</Value></HeartRateBpm><SensorState>Present</SensorState></Trackpoint><Trackpoint><Time>2025-12-01T08:59:01.000Z</Time><HeartRateBpm><Value>123</Value></HeartRateBpm><SensorState>Present</SensorState></Trackpoint><Trackpoint><Time>2025-12-01T08:59:02.000Z</Time><HeartRateBpm><Value>123</Value></HeartRateBpm><SensorState>Present</SensorState></Trackpoint><Trackpoint><Time>2025-12-01T08:59:03.000Z</Time><HeartRateBpm><Value>122</Value></HeartRateBpm><SensorState>Present</SensorState></Trackpoint><Trackpoint><Time>2025-12-01T08:59:04.000Z</Time><HeartRateBpm><Value>121</Value></HeartRateBpm><SensorState>Present</SensorState></Trackpoint><Trackpoint><Time>2025-12-01T08:59:05.000Z</Time><HeartRateBpm><Value>119</Value></HeartRateBpm><SensorState>Present</SensorState></Trackpoint><Trackpoint><Time>2025-12-01T08:59:06.000Z</Time><HeartRateBpm><Value>118</Value></HeartRateBpm><SensorState>Present</SensorState></Trackpoint><Trackpoint><Time>2025-12-01T08:59:07.000Z</Time><HeartRateBpm><Value>117</Value></HeartRateBpm><SensorState>Present</SensorState></Trackpoint><Trackpoint><Time>2025-12-01T08:59:08.000Z</Time><HeartRateBpm><Value>116</Value></HeartRateBpm><SensorState>Present</SensorState></Trackpoint><Trackpoint><Time>2025-12-01T08:59:09.000Z</Time><HeartRateBpm><Value>115</Value></HeartRateBpm><SensorState>Present</SensorState></Trackpoint><Trackpoint><Time>2025-12-01T08:59:10.000Z</Time><HeartRateBpm><Value>114</Value></HeartRateBpm><SensorState>Present</SensorState></Trackpoint><Trackpoint><Time>2025-12-01T08:59:11.000Z</Time><HeartRateBpm><Value>114</Value></HeartRateBpm><SensorState>Present</SensorState></Trackpoint><Trackpoint><Time>2025-12-01T08:59:12.000Z</Time><HeartRateBpm><Value>114</Value></HeartRateBpm><SensorState>Present</SensorState></Trackpoint><Trackpoint><Time>2025-12-01T08:59:13.000Z</Time><HeartRateBpm><Value>114</Value></HeartRateBpm><SensorState>Present</SensorState></Trackpoint><Trackpoint><Time>2025-12-01T08:59:14.000Z</Time><HeartRateBpm><Value>114</Value></HeartRateBpm><SensorState>Present</SensorState></Trackpoint><Trackpoint><Time>2025-12-01T08:59:15.000Z</Time><HeartRateBpm><Value>114</Value></HeartRateBpm><SensorState>Present</SensorState></Trackpoint><Trackpoint><Time>2025-12-01T08:59:16.000Z</Time><HeartRateBpm><Value>114</Value></HeartRateBpm><SensorState>Present</SensorState></Trackpoint><Trackpoint><Time>2025-12-01T08:59:17.000Z</Time><HeartRateBpm><Value>114</Value></HeartRateBpm><SensorState>Present</SensorState></Trackpoint><Trackpoint><Time>2025-12-01T08:59:18.000Z</Time><HeartRateBpm><Value>113</Value></HeartRateBpm><SensorState>Present</SensorState></Trackpoint><Trackpoint><Time>2025-12-01T08:59:19.000Z</Time><HeartRateBpm><Value>113</Value></HeartRateBpm><SensorState>Present</SensorState></Trackpoint><Trackpoint><Time>2025-12-01T08:59:20.000Z</Time><HeartRateBpm><Value>113</Value></HeartRateBpm><SensorState>Present</SensorState></Trackpoint><Trackpoint><Time>2025-12-01T08:59:21.000Z</Time><HeartRateBpm><Value>113</Value></HeartRateBpm><SensorState>Present</SensorState></Trackpoint><Trackpoint><Time>2025-12-01T08:59:22.000Z</Time><HeartRateBpm><Value>113</Value></HeartRateBpm><SensorState>Present</SensorState></Trackpoint><Trackpoint><Time>2025-12-01T08:59:23.000Z</Time><HeartRateBpm><Value>113</Value></HeartRateBpm><SensorState>Present</SensorState></Trackpoint><Trackpoint><Time>2025-12-01T08:59:24.000Z</Time><HeartRateBpm><Value>112</Value></HeartRateBpm><SensorState>Present</SensorState></Trackpoint><Trackpoint><Time>2025-12-01T08:59:25.000Z</Time><HeartRateBpm><Value>112</Value></HeartRateBpm><SensorState>Present</SensorState></Trackpoint><Trackpoint><Time>2025-12-01T08:59:26.000Z</Time><HeartRateBpm><Value>112</Value></HeartRateBpm><SensorState>Present</SensorState></Trackpoint><Trackpoint><Time>2025-12-01T08:59:27.000Z</Time><HeartRateBpm><Value>112</Value></HeartRateBpm><SensorState>Present</SensorState></Trackpoint><Trackpoint><Time>2025-12-01T08:59:28.000Z</Time><HeartRateBpm><Value>113</Value></HeartRateBpm><SensorState>Present</SensorState></Trackpoint><Trackpoint><Time>2025-12-01T08:59:29.000Z</Time><HeartRateBpm><Value>114</Value></HeartRateBpm><SensorState>Present</SensorState></Trackpoint><Trackpoint><Time>2025-12-01T08:59:30.000Z</Time><HeartRateBpm><Value>114</Value></HeartRateBpm><SensorState>Present</SensorState></Trackpoint><Trackpoint><Time>2025-12-01T08:59:31.000Z</Time><HeartRateBpm><Value>114</Value></HeartRateBpm><SensorState>Present</SensorState></Trackpoint><Trackpoint><Time>2025-12-01T08:59:32.000Z</Time><HeartRateBpm><Value>113</Value></HeartRateBpm><SensorState>Present</SensorState></Trackpoint><Trackpoint><Time>2025-12-01T08:59:33.000Z</Time><HeartRateBpm><Value>113</Value></HeartRateBpm><SensorState>Present</SensorState></Trackpoint><Trackpoint><Time>2025-12-01T08:59:34.000Z</Time><HeartRateBpm><Value>113</Value></HeartRateBpm><SensorState>Present</SensorState></Trackpoint><Trackpoint><Time>2025-12-01T08:59:35.000Z</Time><HeartRateBpm><Value>113</Value></HeartRateBpm><SensorState>Present</SensorState></Trackpoint><Trackpoint><Time>2025-12-01T08:59:36.000Z</Time><HeartRateBpm><Value>113</Value></HeartRateBpm><SensorState>Present</SensorState></Trackpoint><Trackpoint><Time>2025-12-01T08:59:37.000Z</Time><HeartRateBpm><Value>112</Value></HeartRateBpm><SensorState>Present</SensorState></Trackpoint><Trackpoint><Time>2025-12-01T08:59:38.000Z</Time><HeartRateBpm><Value>112</Value></HeartRateBpm><SensorState>Present</SensorState></Trackpoint><Trackpoint><Time>2025-12-01T08:59:39.000Z</Time><HeartRateBpm><Value>112</Value></HeartRateBpm><SensorState>Present</SensorState></Trackpoint><Trackpoint><Time>2025-12-01T08:59:40.000Z</Time><HeartRateBpm><Value>112</Value></HeartRateBpm><SensorState>Present</SensorState></Trackpoint><Trackpoint><Time>2025-12-01T08:59:41.000Z</Time><HeartRateBpm><Value>113</Value></HeartRateBpm><SensorState>Present</SensorState></Trackpoint><Trackpoint><Time>2025-12-01T08:59:42.000Z</Time><HeartRateBpm><Value>113</Value></HeartRateBpm><SensorState>Present</SensorState></Trackpoint><Trackpoint><Time>2025-12-01T08:59:43.000Z</Time><HeartRateBpm><Value>112</Value></HeartRateBpm><SensorState>Present</SensorState></Trackpoint><Trackpoint><Time>2025-12-01T08:59:44.000Z</Time><HeartRateBpm><Value>111</Value></HeartRateBpm><SensorState>Present</SensorState></Trackpoint><Trackpoint><Time>2025-12-01T08:59:45.000Z</Time><HeartRateBpm><Value>109</Value></HeartRateBpm><SensorState>Present</SensorState></Trackpoint><Trackpoint><Time>2025-12-01T08:59:46.000Z</Time><HeartRateBpm><Value>108</Value></HeartRateBpm><SensorState>Present</SensorState></Trackpoint><Trackpoint><Time>2025-12-01T08:59:47.000Z</Time><HeartRateBpm><Value>106</Value></HeartRateBpm><SensorState>Present</SensorState></Trackpoint><Trackpoint><Time>2025-12-01T08:59:48.000Z</Time><HeartRateBpm><Value>104</Value></HeartRateBpm><SensorState>Present</SensorState></Trackpoint><Trackpoint><Time>2025-12-01T08:59:49.000Z</Time><HeartRateBpm><Value>104</Value></HeartRateBpm><SensorState>Present</SensorState></Trackpoint><Trackpoint><Time>2025-12-01T08:59:50.000Z</Time><HeartRateBpm><Value>101</Value></HeartRateBpm><SensorState>Present</SensorState></Trackpoint><Trackpoint><Time>2025-12-01T08:59:51.000Z</Time><HeartRateBpm><Value>99</Value></HeartRateBpm><SensorState>Present</SensorState></Trackpoint><Trackpoint><Time>2025-12-01T08:59:52.000Z</Time><HeartRateBpm><Value>99</Value></HeartRateBpm><SensorState>Present</SensorState></Trackpoint><Trackpoint><Time>2025-12-01T08:59:53.000Z</Time><HeartRateBpm><Value>100</Value></HeartRateBpm><SensorState>Present</SensorState></Trackpoint><Trackpoint><Time>2025-12-01T08:59:54.000Z</Time><HeartRateBpm><Value>101</Value></HeartRateBpm><SensorState>Present</SensorState></Trackpoint><Trackpoint><Time>2025-12-01T08:59:55.000Z</Time><HeartRateBpm><Value>102</Value></HeartRateBpm><SensorState>Present</SensorState></Trackpoint><Trackpoint><Time>2025-12-01T08:59:56.000Z</Time><HeartRateBpm><Value>103</Value></HeartRateBpm><SensorState>Present</SensorState></Trackpoint><Trackpoint><Time>2025-12-01T08:59:57.000Z</Time><HeartRateBpm><Value>102</Value></HeartRateBpm><SensorState>Present</SensorState></Trackpoint><Trackpoint><Time>2025-12-01T08:59:58.000Z</Time><HeartRateBpm><Value>102</Value></HeartRateBpm><SensorState>Present</SensorState></Trackpoint><Trackpoint><Time>2025-12-01T08:59:59.000Z</Time><HeartRateBpm><Value>101</Value></HeartRateBpm><SensorState>Present</SensorState></Trackpoint><Trackpoint><Time>2025-12-01T09:00:00.000Z</Time><HeartRateBpm><Value>100</Value></HeartRateBpm><SensorState>Present</SensorState></Trackpoint><Trackpoint><Time>2025-12-01T09:00:01.000Z</Time><HeartRateBpm><Value>100</Value></HeartRateBpm><SensorState>Present</SensorState></Trackpoint><Trackpoint><Time>2025-12-01T09:00:02.000Z</Time><HeartRateBpm><Value>99</Value></HeartRateBpm><SensorState>Present</SensorState></Trackpoint><Trackpoint><Time>2025-12-01T09:00:03.000Z</Time><HeartRateBpm><Value>98</Value></HeartRateBpm><SensorState>Present</SensorState></Trackpoint><Trackpoint><Time>2025-12-01T09:00:04.000Z</Time><HeartRateBpm><Value>96</Value></HeartRateBpm><SensorState>Present</SensorState></Trackpoint><Trackpoint><Time>2025-12-01T09:00:05.000Z</Time><HeartRateBpm><Value>95</Value></HeartRateBpm><SensorState>Present</SensorState></Trackpoint><Trackpoint><Time>2025-12-01T09:00:06.000Z</Time><HeartRateBpm><Value>94</Value></HeartRateBpm><SensorState>Present</SensorState></Trackpoint><Trackpoint><Time>2025-12-01T09:00:07.000Z</Time><HeartRateBpm><Value>94</Value></HeartRateBpm><SensorState>Present</SensorState></Trackpoint><Trackpoint><Time>2025-12-01T09:00:08.000Z</Time><HeartRateBpm><Value>94</Value></HeartRateBpm><SensorState>Present</SensorState></Trackpoint><Trackpoint><Time>2025-12-01T09:00:09.000Z</Time><HeartRateBpm><Value>94</Value></HeartRateBpm><SensorState>Present</SensorState></Trackpoint><Trackpoint><Time>2025-12-01T09:00:10.000Z</Time><HeartRateBpm><Value>94</Value></HeartRateBpm><SensorState>Present</SensorState></Trackpoint><Trackpoint><Time>2025-12-01T09:00:11.000Z</Time><HeartRateBpm><Value>91</Value></HeartRateBpm><SensorState>Present</SensorState></Trackpoint><Trackpoint><Time>2025-12-01T09:00:12.000Z</Time><HeartRateBpm><Value>89</Value></HeartRateBpm><SensorState>Present</SensorState></Trackpoint><Trackpoint><Time>2025-12-01T09:00:13.000Z</Time><HeartRateBpm><Value>86</Value></HeartRateBpm><SensorState>Present</SensorState></Trackpoint><Trackpoint><Time>2025-12-01T09:00:14.000Z</Time><HeartRateBpm><Value>86</Value></HeartRateBpm><SensorState>Present</SensorState></Trackpoint><Trackpoint><Time>2025-12-01T09:00:15.000Z</Time><HeartRateBpm><Value>86</Value></HeartRateBpm><SensorState>Present</SensorState></Trackpoint><Trackpoint><Time>2025-12-01T09:00:16.000Z</Time><HeartRateBpm><Value>89</Value></HeartRateBpm><SensorState>Present</SensorState></Trackpoint><Trackpoint><Time>2025-12-01T09:00:17.000Z</Time><HeartRateBpm><Value>90</Value></HeartRateBpm><SensorState>Present</SensorState></Trackpoint><Trackpoint><Time>2025-12-01T09:00:18.000Z</Time><HeartRateBpm><Value>92</Value></HeartRateBpm><SensorState>Present</SensorState></Trackpoint><Trackpoint><Time>2025-12-01T09:00:19.000Z</Time><HeartRateBpm><Value>94</Value></HeartRateBpm><SensorState>Present</SensorState></Trackpoint><Trackpoint><Time>2025-12-01T09:00:20.000Z</Time><HeartRateBpm><Value>94</Value></HeartRateBpm><SensorState>Present</SensorState></Trackpoint><Trackpoint><Time>2025-12-01T09:00:21.000Z</Time><HeartRateBpm><Value>95</Value></HeartRateBpm><SensorState>Present</SensorState></Trackpoint><Trackpoint><Time>2025-12-01T09:00:22.000Z</Time><HeartRateBpm><Value>94</Value></HeartRateBpm><SensorState>Present</SensorState></Trackpoint><Trackpoint><Time>2025-12-01T09:00:23.000Z</Time><HeartRateBpm><Value>94</Value></HeartRateBpm><SensorState>Present</SensorState></Trackpoint><Trackpoint><Time>2025-12-01T09:00:24.000Z</Time><HeartRateBpm><Value>94</Value></HeartRateBpm><SensorState>Present</SensorState></Trackpoint><Trackpoint><Time>2025-12-01T09:00:25.000Z</Time><HeartRateBpm><Value>94</Value></HeartRateBpm><SensorState>Present</SensorState></Trackpoint><Trackpoint><Time>2025-12-01T09:00:26.000Z</Time><HeartRateBpm><Value>93</Value></HeartRateBpm><SensorState>Present</SensorState></Trackpoint><Trackpoint><Time>2025-12-01T09:00:27.000Z</Time><HeartRateBpm><Value>93</Value></HeartRateBpm><SensorState>Present</SensorState></Trackpoint><Trackpoint><Time>2025-12-01T09:00:28.000Z</Time><HeartRateBpm><Value>93</Value></HeartRateBpm><SensorState>Present</SensorState></Trackpoint><Trackpoint><Time>2025-12-01T09:00:29.000Z</Time><HeartRateBpm><Value>93</Value></HeartRateBpm><SensorState>Present</SensorState></Trackpoint><Trackpoint><Time>2025-12-01T09:00:30.000Z</Time><HeartRateBpm><Value>93</Value></HeartRateBpm><SensorState>Present</SensorState></Trackpoint><Trackpoint><Time>2025-12-01T09:00:31.000Z</Time><HeartRateBpm><Value>93</Value></HeartRateBpm><SensorState>Present</SensorState></Trackpoint><Trackpoint><Time>2025-12-01T09:00:32.000Z</Time><HeartRateBpm><Value>94</Value></HeartRateBpm><SensorState>Present</SensorState></Trackpoint><Trackpoint><Time>2025-12-01T09:00:33.000Z</Time><HeartRateBpm><Value>96</Value></HeartRateBpm><SensorState>Present</SensorState></Trackpoint><Trackpoint><Time>2025-12-01T09:00:34.000Z</Time><HeartRateBpm><Value>96</Value></HeartRateBpm><SensorState>Present</SensorState></Trackpoint><Trackpoint><Time>2025-12-01T09:00:35.000Z</Time><HeartRateBpm><Value>97</Value></HeartRateBpm><SensorState>Present</SensorState></Trackpoint><Trackpoint><Time>2025-12-01T09:00:36.000Z</Time><HeartRateBpm><Value>96</Value></HeartRateBpm><SensorState>Present</SensorState></Trackpoint><Trackpoint><Time>2025-12-01T09:00:37.000Z</Time><HeartRateBpm><Value>95</Value></HeartRateBpm><SensorState>Present</SensorState></Trackpoint><Trackpoint><Time>2025-12-01T09:00:38.000Z</Time><HeartRateBpm><Value>95</Value></HeartRateBpm><SensorState>Present</SensorState></Trackpoint><Trackpoint><Time>2025-12-01T09:00:39.000Z</Time><HeartRateBpm><Value>94</Value></HeartRateBpm><SensorState>Present</SensorState></Trackpoint><Trackpoint><Time>2025-12-01T09:00:40.000Z</Time><HeartRateBpm><Value>93</Value></HeartRateBpm><SensorState>Present</SensorState></Trackpoint><Trackpoint><Time>2025-12-01T09:00:41.000Z</Time><HeartRateBpm><Value>93</Value></HeartRateBpm><SensorState>Present</SensorState></Trackpoint><Trackpoint><Time>2025-12-01T09:00:42.000Z</Time><HeartRateBpm><Value>94</Value></HeartRateBpm><SensorState>Present</SensorState></Trackpoint><Trackpoint><Time>2025-12-01T09:00:43.000Z</Time><HeartRateBpm><Value>94</Value></HeartRateBpm><SensorState>Present</SensorState></Trackpoint><Trackpoint><Time>2025-12-01T09:00:44.000Z</Time><HeartRateBpm><Value>95</Value></HeartRateBpm><SensorState>Present</SensorState></Trackpoint><Trackpoint><Time>2025-12-01T09:00:45.000Z</Time><HeartRateBpm><Value>95</Value></HeartRateBpm><SensorState>Present</SensorState></Trackpoint><Trackpoint><Time>2025-12-01T09:00:46.000Z</Time><HeartRateBpm><Value>96</Value></HeartRateBpm><SensorState>Present</SensorState></Trackpoint><Trackpoint><Time>2025-12-01T09:00:47.000Z</Time><HeartRateBpm><Value>96</Value></HeartRateBpm><SensorState>Present</SensorState></Trackpoint><Trackpoint><Time>2025-12-01T09:00:48.000Z</Time><HeartRateBpm><Value>96</Value></HeartRateBpm><SensorState>Present</SensorState></Trackpoint><Trackpoint><Time>2025-12-01T09:00:49.000Z</Time><HeartRateBpm><Value>97</Value></HeartRateBpm><SensorState>Present</SensorState></Trackpoint><Trackpoint><Time>2025-12-01T09:00:50.000Z</Time><HeartRateBpm><Value>97</Value></HeartRateBpm><SensorState>Present</SensorState></Trackpoint><Trackpoint><Time>2025-12-01T09:00:51.000Z</Time><HeartRateBpm><Value>97</Value></HeartRateBpm><SensorState>Present</SensorState></Trackpoint><Trackpoint><Time>2025-12-01T09:00:52.000Z</Time><HeartRateBpm><Value>96</Value></HeartRateBpm><SensorState>Present</SensorState></Trackpoint><Trackpoint><Time>2025-12-01T09:00:53.000Z</Time><HeartRateBpm><Value>94</Value></HeartRateBpm><SensorState>Present</SensorState></Trackpoint><Trackpoint><Time>2025-12-01T09:00:54.000Z</Time><HeartRateBpm><Value>92</Value></HeartRateBpm><SensorState>Present</SensorState></Trackpoint><Trackpoint><Time>2025-12-01T09:00:55.000Z</Time><HeartRateBpm><Value>90</Value></HeartRateBpm><SensorState>Present</SensorState></Trackpoint><Trackpoint><Time>2025-12-01T09:00:56.000Z</Time><HeartRateBpm><Value>90</Value></HeartRateBpm><SensorState>Present</SensorState></Trackpoint><Trackpoint><Time>2025-12-01T09:00:57.000Z</Time><HeartRateBpm><Value>89</Value></HeartRateBpm><SensorState>Present</SensorState></Trackpoint><Trackpoint><Time>2025-12-01T09:00:58.000Z</Time><HeartRateBpm><Value>89</Value></HeartRateBpm><SensorState>Present</SensorState></Trackpoint><Trackpoint><Time>2025-12-01T09:00:59.000Z</Time><HeartRateBpm><Value>90</Value></HeartRateBpm><SensorState>Present</SensorState></Trackpoint><Trackpoint><Time>2025-12-01T09:01:00.000Z</Time><HeartRateBpm><Value>90</Value></HeartRateBpm><SensorState>Present</SensorState></Trackpoint><Trackpoint><Time>2025-12-01T09:01:01.000Z</Time><HeartRateBpm><Value>90</Value></HeartRateBpm><SensorState>Present</SensorState></Trackpoint><Trackpoint><Time>2025-12-01T09:01:02.000Z</Time><HeartRateBpm><Value>89</Value></HeartRateBpm><SensorState>Present</SensorState></Trackpoint><Trackpoint><Time>2025-12-01T09:01:03.000Z</Time><HeartRateBpm><Value>89</Value></HeartRateBpm><SensorState>Present</SensorState></Trackpoint><Trackpoint><Time>2025-12-01T09:01:04.000Z</Time><HeartRateBpm><Value>89</Value></HeartRateBpm><SensorState>Present</SensorState></Trackpoint><Trackpoint><Time>2025-12-01T09:01:05.000Z</Time><HeartRateBpm><Value>89</Value></HeartRateBpm><SensorState>Present</SensorState></Trackpoint><Trackpoint><Time>2025-12-01T09:01:06.000Z</Time><HeartRateBpm><Value>88</Value></HeartRateBpm><SensorState>Present</SensorState></Trackpoint><Trackpoint><Time>2025-12-01T09:01:07.000Z</Time><HeartRateBpm><Value>88</Value></HeartRateBpm><SensorState>Present</SensorState></Trackpoint><Trackpoint><Time>2025-12-01T09:01:08.000Z</Time><HeartRateBpm><Value>89</Value></HeartRateBpm><SensorState>Present</SensorState></Trackpoint><Trackpoint><Time>2025-12-01T09:01:09.000Z</Time><HeartRateBpm><Value>91</Value></HeartRateBpm><SensorState>Present</SensorState></Trackpoint><Trackpoint><Time>2025-12-01T09:01:10.000Z</Time><HeartRateBpm><Value>94</Value></HeartRateBpm><SensorState>Present</SensorState></Trackpoint><Trackpoint><Time>2025-12-01T09:01:11.000Z</Time><HeartRateBpm><Value>95</Value></HeartRateBpm><SensorState>Present</SensorState></Trackpoint><Trackpoint><Time>2025-12-01T09:01:12.000Z</Time><HeartRateBpm><Value>96</Value></HeartRateBpm><SensorState>Present</SensorState></Trackpoint><Trackpoint><Time>2025-12-01T09:01:13.000Z</Time><HeartRateBpm><Value>96</Value></HeartRateBpm><SensorState>Present</SensorState></Trackpoint><Trackpoint><Time>2025-12-01T09:01:14.000Z</Time><HeartRateBpm><Value>96</Value></HeartRateBpm><SensorState>Present</SensorState></Trackpoint><Trackpoint><Time>2025-12-01T09:01:15.000Z</Time><HeartRateBpm><Value>96</Value></HeartRateBpm><SensorState>Present</SensorState></Trackpoint><Trackpoint><Time>2025-12-01T09:01:16.000Z</Time><HeartRateBpm><Value>96</Value></HeartRateBpm><SensorState>Present</SensorState></Trackpoint><Trackpoint><Time>2025-12-01T09:01:17.000Z</Time><HeartRateBpm><Value>97</Value></HeartRateBpm><SensorState>Present</SensorState></Trackpoint><Trackpoint><Time>2025-12-01T09:01:18.000Z</Time><HeartRateBpm><Value>98</Value></HeartRateBpm><SensorState>Present</SensorState></Trackpoint><Trackpoint><Time>2025-12-01T09:01:19.000Z</Time><HeartRateBpm><Value>98</Value></HeartRateBpm><SensorState>Present</SensorState></Trackpoint><Trackpoint><Time>2025-12-01T09:01:20.000Z</Time><HeartRateBpm><Value>99</Value></HeartRateBpm><SensorState>Present</SensorState></Trackpoint><Trackpoint><Time>2025-12-01T09:01:21.000Z</Time><HeartRateBpm><Value>100</Value></HeartRateBpm><SensorState>Present</SensorState></Trackpoint><Trackpoint><Time>2025-12-01T09:01:22.000Z</Time><HeartRateBpm><Value>99</Value></HeartRateBpm><SensorState>Present</SensorState></Trackpoint><Trackpoint><Time>2025-12-01T09:01:23.000Z</Time><HeartRateBpm><Value>98</Value></HeartRateBpm><SensorState>Present</SensorState></Trackpoint><Trackpoint><Time>2025-12-01T09:01:24.000Z</Time><HeartRateBpm><Value>97</Value></HeartRateBpm><SensorState>Present</SensorState></Trackpoint><Trackpoint><Time>2025-12-01T09:01:25.000Z</Time><HeartRateBpm><Value>96</Value></HeartRateBpm><SensorState>Present</SensorState></Trackpoint><Trackpoint><Time>2025-12-01T09:01:26.000Z</Time><HeartRateBpm><Value>96</Value></HeartRateBpm><SensorState>Present</SensorState></Trackpoint><Trackpoint><Time>2025-12-01T09:01:27.000Z</Time><HeartRateBpm><Value>97</Value></HeartRateBpm><SensorState>Present</SensorState></Trackpoint><Trackpoint><Time>2025-12-01T09:01:28.000Z</Time><HeartRateBpm><Value>98</Value></HeartRateBpm><SensorState>Present</SensorState></Trackpoint><Trackpoint><Time>2025-12-01T09:01:29.000Z</Time><HeartRateBpm><Value>99</Value></HeartRateBpm><SensorState>Present</SensorState></Trackpoint><Trackpoint><Time>2025-12-01T09:01:30.000Z</Time><HeartRateBpm><Value>100</Value></HeartRateBpm><SensorState>Present</SensorState></Trackpoint><Trackpoint><Time>2025-12-01T09:01:31.000Z</Time><HeartRateBpm><Value>100</Value></HeartRateBpm><SensorState>Present</SensorState></Trackpoint><Trackpoint><Time>2025-12-01T09:01:32.000Z</Time><HeartRateBpm><Value>101</Value></HeartRateBpm><SensorState>Present</SensorState></Trackpoint><Trackpoint><Time>2025-12-01T09:01:33.000Z</Time><HeartRateBpm><Value>102</Value></HeartRateBpm><SensorState>Present</SensorState></Trackpoint><Trackpoint><Time>2025-12-01T09:01:34.000Z</Time><HeartRateBpm><Value>104</Value></HeartRateBpm><SensorState>Present</SensorState></Trackpoint><Trackpoint><Time>2025-12-01T09:01:35.000Z</Time><HeartRateBpm><Value>106</Value></HeartRateBpm><SensorState>Present</SensorState></Trackpoint><Trackpoint><Time>2025-12-01T09:01:36.000Z</Time><HeartRateBpm><Value>107</Value></HeartRateBpm><SensorState>Present</SensorState></Trackpoint><Trackpoint><Time>2025-12-01T09:01:37.000Z</Time><HeartRateBpm><Value>109</Value></HeartRateBpm><SensorState>Present</SensorState></Trackpoint><Trackpoint><Time>2025-12-01T09:01:38.000Z</Time><HeartRateBpm><Value>111</Value></HeartRateBpm><SensorState>Present</SensorState></Trackpoint><Trackpoint><Time>2025-12-01T09:01:39.000Z</Time><HeartRateBpm><Value>113</Value></HeartRateBpm><SensorState>Present</SensorState></Trackpoint><Trackpoint><Time>2025-12-01T09:01:40.000Z</Time><HeartRateBpm><Value>117</Value></HeartRateBpm><SensorState>Present</SensorState></Trackpoint><Trackpoint><Time>2025-12-01T09:01:41.000Z</Time><HeartRateBpm><Value>118</Value></HeartRateBpm><SensorState>Present</SensorState></Trackpoint><Trackpoint><Time>2025-12-01T09:01:42.000Z</Time><HeartRateBpm><Value>120</Value></HeartRateBpm><SensorState>Present</SensorState></Trackpoint><Trackpoint><Time>2025-12-01T09:01:43.000Z</Time><HeartRateBpm><Value>122</Value></HeartRateBpm><SensorState>Present</SensorState></Trackpoint><Trackpoint><Time>2025-12-01T09:01:44.000Z</Time><HeartRateBpm><Value>124</Value></HeartRateBpm><SensorState>Present</SensorState></Trackpoint><Trackpoint><Time>2025-12-01T09:01:45.000Z</Time><HeartRateBpm><Value>125</Value></HeartRateBpm><SensorState>Present</SensorState></Trackpoint><Trackpoint><Time>2025-12-01T09:01:46.000Z</Time><HeartRateBpm><Value>127</Value></HeartRateBpm><SensorState>Present</SensorState></Trackpoint><Trackpoint><Time>2025-12-01T09:01:47.000Z</Time><HeartRateBpm><Value>129</Value></HeartRateBpm><SensorState>Present</SensorState></Trackpoint><Trackpoint><Time>2025-12-01T09:01:48.000Z</Time><HeartRateBpm><Value>130</Value></HeartRateBpm><SensorState>Present</SensorState></Trackpoint><Trackpoint><Time>2025-12-01T09:01:49.000Z</Time><HeartRateBpm><Value>131</Value></HeartRateBpm><SensorState>Present</SensorState></Trackpoint><Trackpoint><Time>2025-12-01T09:01:50.000Z</Time><HeartRateBpm><Value>133</Value></HeartRateBpm><SensorState>Present</SensorState></Trackpoint><Trackpoint><Time>2025-12-01T09:01:51.000Z</Time><HeartRateBpm><Value>134</Value></HeartRateBpm><SensorState>Present</SensorState></Trackpoint><Trackpoint><Time>2025-12-01T09:01:52.000Z</Time><HeartRateBpm><Value>135</Value></HeartRateBpm><SensorState>Present</SensorState></Trackpoint><Trackpoint><Time>2025-12-01T09:01:53.000Z</Time><HeartRateBpm><Value>136</Value></HeartRateBpm><SensorState>Present</SensorState></Trackpoint><Trackpoint><Time>2025-12-01T09:01:54.000Z</Time><HeartRateBpm><Value>137</Value></HeartRateBpm><SensorState>Present</SensorState></Trackpoint><Trackpoint><Time>2025-12-01T09:01:55.000Z</Time><HeartRateBpm><Value>138</Value></HeartRateBpm><SensorState>Present</SensorState></Trackpoint><Trackpoint><Time>2025-12-01T09:01:56.000Z</Time><HeartRateBpm><Value>138</Value></HeartRateBpm><SensorState>Present</SensorState></Trackpoint><Trackpoint><Time>2025-12-01T09:01:57.000Z</Time><HeartRateBpm><Value>139</Value></HeartRateBpm><SensorState>Present</SensorState></Trackpoint><Trackpoint><Time>2025-12-01T09:01:58.000Z</Time><HeartRateBpm><Value>139</Value></HeartRateBpm><SensorState>Present</SensorState></Trackpoint><Trackpoint><Time>2025-12-01T09:01:59.000Z</Time><HeartRateBpm><Value>140</Value></HeartRateBpm><SensorState>Present</SensorState></Trackpoint><Trackpoint><Time>2025-12-01T09:02:00.000Z</Time><HeartRateBpm><Value>140</Value></HeartRateBpm><SensorState>Present</SensorState></Trackpoint><Trackpoint><Time>2025-12-01T09:02:01.000Z</Time><HeartRateBpm><Value>141</Value></HeartRateBpm><SensorState>Present</SensorState></Trackpoint><Trackpoint><Time>2025-12-01T09:02:02.000Z</Time><HeartRateBpm><Value>141</Value></HeartRateBpm><SensorState>Present</SensorState></Trackpoint><Trackpoint><Time>2025-12-01T09:02:03.000Z</Time><HeartRateBpm><Value>141</Value></HeartRateBpm><SensorState>Present</SensorState></Trackpoint><Trackpoint><Time>2025-12-01T09:02:04.000Z</Time><HeartRateBpm><Value>141</Value></HeartRateBpm><SensorState>Present</SensorState></Trackpoint><Trackpoint><Time>2025-12-01T09:02:05.000Z</Time><HeartRateBpm><Value>141</Value></HeartRateBpm><SensorState>Present</SensorState></Trackpoint><Trackpoint><Time>2025-12-01T09:02:06.000Z</Time><HeartRateBpm><Value>142</Value></HeartRateBpm><SensorState>Present</SensorState></Trackpoint><Trackpoint><Time>2025-12-01T09:02:07.000Z</Time><HeartRateBpm><Value>142</Value></HeartRateBpm><SensorState>Present</SensorState></Trackpoint><Trackpoint><Time>2025-12-01T09:02:08.000Z</Time><HeartRateBpm><Value>142</Value></HeartRateBpm><SensorState>Present</SensorState></Trackpoint><Trackpoint><Time>2025-12-01T09:02:09.000Z</Time><HeartRateBpm><Value>142</Value></HeartRateBpm><SensorState>Present</SensorState></Trackpoint><Trackpoint><Time>2025-12-01T09:02:10.000Z</Time><HeartRateBpm><Value>143</Value></HeartRateBpm><SensorState>Present</SensorState></Trackpoint><Trackpoint><Time>2025-12-01T09:02:11.000Z</Time><HeartRateBpm><Value>143</Value></HeartRateBpm><SensorState>Present</SensorState></Trackpoint><Trackpoint><Time>2025-12-01T09:02:12.000Z</Time><HeartRateBpm><Value>144</Value></HeartRateBpm><SensorState>Present</SensorState></Trackpoint><Trackpoint><Time>2025-12-01T09:02:13.000Z</Time><HeartRateBpm><Value>145</Value></HeartRateBpm><SensorState>Present</SensorState></Trackpoint><Trackpoint><Time>2025-12-01T09:02:14.000Z</Time><HeartRateBpm><Value>146</Value></HeartRateBpm><SensorState>Present</SensorState></Trackpoint><Trackpoint><Time>2025-12-01T09:02:15.000Z</Time><HeartRateBpm><Value>146</Value></HeartRateBpm><SensorState>Present</SensorState></Trackpoint><Trackpoint><Time>2025-12-01T09:02:16.000Z</Time><HeartRateBpm><Value>147</Value></HeartRateBpm><SensorState>Present</SensorState></Trackpoint><Trackpoint><Time>2025-12-01T09:02:17.000Z</Time><HeartRateBpm><Value>148</Value></HeartRateBpm><SensorState>Present</SensorState></Trackpoint><Trackpoint><Time>2025-12-01T09:02:18.000Z</Time><HeartRateBpm><Value>148</Value></HeartRateBpm><SensorState>Present</SensorState></Trackpoint><Trackpoint><Time>2025-12-01T09:02:19.000Z</Time><HeartRateBpm><Value>148</Value></HeartRateBpm><SensorState>Present</SensorState></Trackpoint><Trackpoint><Time>2025-12-01T09:02:20.000Z</Time><HeartRateBpm><Value>148</Value></HeartRateBpm><SensorState>Present</SensorState></Trackpoint><Trackpoint><Time>2025-12-01T09:02:21.000Z</Time><HeartRateBpm><Value>147</Value></HeartRateBpm><SensorState>Present</SensorState></Trackpoint><Trackpoint><Time>2025-12-01T09:02:22.000Z</Time><HeartRateBpm><Value>147</Value></HeartRateBpm><SensorState>Present</SensorState></Trackpoint><Trackpoint><Time>2025-12-01T09:02:23.000Z</Time><HeartRateBpm><Value>148</Value></HeartRateBpm><SensorState>Present</SensorState></Trackpoint><Trackpoint><Time>2025-12-01T09:02:24.000Z</Time><HeartRateBpm><Value>148</Value></HeartRateBpm><SensorState>Present</SensorState></Trackpoint><Trackpoint><Time>2025-12-01T09:02:25.000Z</Time><HeartRateBpm><Value>148</Value></HeartRateBpm><SensorState>Present</SensorState></Trackpoint><Trackpoint><Time>2025-12-01T09:02:26.000Z</Time><HeartRateBpm><Value>147</Value></HeartRateBpm><SensorState>Present</SensorState></Trackpoint><Trackpoint><Time>2025-12-01T09:02:27.000Z</Time><HeartRateBpm><Value>147</Value></HeartRateBpm><SensorState>Present</SensorState></Trackpoint><Trackpoint><Time>2025-12-01T09:02:28.000Z</Time><HeartRateBpm><Value>147</Value></HeartRateBpm><SensorState>Present</SensorState></Trackpoint><Trackpoint><Time>2025-12-01T09:02:29.000Z</Time><HeartRateBpm><Value>148</Value></HeartRateBpm><SensorState>Present</SensorState></Trackpoint><Trackpoint><Time>2025-12-01T09:02:30.000Z</Time><HeartRateBpm><Value>149</Value></HeartRateBpm><SensorState>Present</SensorState></Trackpoint><Trackpoint><Time>2025-12-01T09:02:31.000Z</Time><HeartRateBpm><Value>149</Value></HeartRateBpm><SensorState>Present</SensorState></Trackpoint><Trackpoint><Time>2025-12-01T09:02:32.000Z</Time><HeartRateBpm><Value>150</Value></HeartRateBpm><SensorState>Present</SensorState></Trackpoint><Trackpoint><Time>2025-12-01T09:02:33.000Z</Time><HeartRateBpm><Value>150</Value></HeartRateBpm><SensorState>Present</SensorState></Trackpoint><Trackpoint><Time>2025-12-01T09:02:34.000Z</Time><HeartRateBpm><Value>150</Value></HeartRateBpm><SensorState>Present</SensorState></Trackpoint><Trackpoint><Time>2025-12-01T09:02:35.000Z</Time><HeartRateBpm><Value>151</Value></HeartRateBpm><SensorState>Present</SensorState></Trackpoint><Trackpoint><Time>2025-12-01T09:02:36.000Z</Time><HeartRateBpm><Value>152</Value></HeartRateBpm><SensorState>Present</SensorState></Trackpoint><Trackpoint><Time>2025-12-01T09:02:37.000Z</Time><HeartRateBpm><Value>152</Value></HeartRateBpm><SensorState>Present</SensorState></Trackpoint><Trackpoint><Time>2025-12-01T09:02:38.000Z</Time><HeartRateBpm><Value>153</Value></HeartRateBpm><SensorState>Present</SensorState></Trackpoint><Trackpoint><Time>2025-12-01T09:02:39.000Z</Time><HeartRateBpm><Value>153</Value></HeartRateBpm><SensorState>Present</SensorState></Trackpoint><Trackpoint><Time>2025-12-01T09:02:40.000Z</Time><HeartRateBpm><Value>154</Value></HeartRateBpm><SensorState>Present</SensorState></Trackpoint><Trackpoint><Time>2025-12-01T09:02:41.000Z</Time><HeartRateBpm><Value>155</Value></HeartRateBpm><SensorState>Present</SensorState></Trackpoint><Trackpoint><Time>2025-12-01T09:02:42.000Z</Time><HeartRateBpm><Value>155</Value></HeartRateBpm><SensorState>Present</SensorState></Trackpoint><Trackpoint><Time>2025-12-01T09:02:43.000Z</Time><HeartRateBpm><Value>156</Value></HeartRateBpm><SensorState>Present</SensorState></Trackpoint><Trackpoint><Time>2025-12-01T09:02:44.000Z</Time><HeartRateBpm><Value>156</Value></HeartRateBpm><SensorState>Present</SensorState></Trackpoint><Trackpoint><Time>2025-12-01T09:02:45.000Z</Time><HeartRateBpm><Value>156</Value></HeartRateBpm><SensorState>Present</SensorState></Trackpoint><Trackpoint><Time>2025-12-01T09:02:46.000Z</Time><HeartRateBpm><Value>157</Value></HeartRateBpm><SensorState>Present</SensorState></Trackpoint><Trackpoint><Time>2025-12-01T09:02:47.000Z</Time><HeartRateBpm><Value>157</Value></HeartRateBpm><SensorState>Present</SensorState></Trackpoint><Trackpoint><Time>2025-12-01T09:02:48.000Z</Time><HeartRateBpm><Value>158</Value></HeartRateBpm><SensorState>Present</SensorState></Trackpoint><Trackpoint><Time>2025-12-01T09:02:49.000Z</Time><HeartRateBpm><Value>158</Value></HeartRateBpm><SensorState>Present</SensorState></Trackpoint><Trackpoint><Time>2025-12-01T09:02:50.000Z</Time><HeartRateBpm><Value>158</Value></HeartRateBpm><SensorState>Present</SensorState></Trackpoint><Trackpoint><Time>2025-12-01T09:02:51.000Z</Time><HeartRateBpm><Value>158</Value></HeartRateBpm><SensorState>Present</SensorState></Trackpoint><Trackpoint><Time>2025-12-01T09:02:52.000Z</Time><HeartRateBpm><Value>158</Value></HeartRateBpm><SensorState>Present</SensorState></Trackpoint><Trackpoint><Time>2025-12-01T09:02:53.000Z</Time><HeartRateBpm><Value>158</Value></HeartRateBpm><SensorState>Present</SensorState></Trackpoint><Trackpoint><Time>2025-12-01T09:02:54.000Z</Time><HeartRateBpm><Value>158</Value></HeartRateBpm><SensorState>Present</SensorState></Trackpoint><Trackpoint><Time>2025-12-01T09:02:55.000Z</Time><HeartRateBpm><Value>158</Value></HeartRateBpm><SensorState>Present</SensorState></Trackpoint><Trackpoint><Time>2025-12-01T09:02:56.000Z</Time><HeartRateBpm><Value>157</Value></HeartRateBpm><SensorState>Present</SensorState></Trackpoint><Trackpoint><Time>2025-12-01T09:02:57.000Z</Time><HeartRateBpm><Value>157</Value></HeartRateBpm><SensorState>Present</SensorState></Trackpoint><Trackpoint><Time>2025-12-01T09:02:58.000Z</Time><HeartRateBpm><Value>157</Value></HeartRateBpm><SensorState>Present</SensorState></Trackpoint><Trackpoint><Time>2025-12-01T09:02:59.000Z</Time><HeartRateBpm><Value>157</Value></HeartRateBpm><SensorState>Present</SensorState></Trackpoint><Trackpoint><Time>2025-12-01T09:03:00.000Z</Time><HeartRateBpm><Value>157</Value></HeartRateBpm><SensorState>Present</SensorState></Trackpoint><Trackpoint><Time>2025-12-01T09:03:01.000Z</Time><HeartRateBpm><Value>157</Value></HeartRateBpm><SensorState>Present</SensorState></Trackpoint><Trackpoint><Time>2025-12-01T09:03:02.000Z</Time><HeartRateBpm><Value>157</Value></HeartRateBpm><SensorState>Present</SensorState></Trackpoint><Trackpoint><Time>2025-12-01T09:03:03.000Z</Time><HeartRateBpm><Value>158</Value></HeartRateBpm><SensorState>Present</SensorState></Trackpoint><Trackpoint><Time>2025-12-01T09:03:04.000Z</Time><HeartRateBpm><Value>158</Value></HeartRateBpm><SensorState>Present</SensorState></Trackpoint><Trackpoint><Time>2025-12-01T09:03:05.000Z</Time><HeartRateBpm><Value>158</Value></HeartRateBpm><SensorState>Present</SensorState></Trackpoint><Trackpoint><Time>2025-12-01T09:03:06.000Z</Time><HeartRateBpm><Value>158</Value></HeartRateBpm><SensorState>Present</SensorState></Trackpoint><Trackpoint><Time>2025-12-01T09:03:07.000Z</Time><HeartRateBpm><Value>159</Value></HeartRateBpm><SensorState>Present</SensorState></Trackpoint><Trackpoint><Time>2025-12-01T09:03:08.000Z</Time><HeartRateBpm><Value>159</Value></HeartRateBpm><SensorState>Present</SensorState></Trackpoint><Trackpoint><Time>2025-12-01T09:03:09.000Z</Time><HeartRateBpm><Value>160</Value></HeartRateBpm><SensorState>Present</SensorState></Trackpoint><Trackpoint><Time>2025-12-01T09:03:10.000Z</Time><HeartRateBpm><Value>160</Value></HeartRateBpm><SensorState>Present</SensorState></Trackpoint><Trackpoint><Time>2025-12-01T09:03:11.000Z</Time><HeartRateBpm><Value>161</Value></HeartRateBpm><SensorState>Present</SensorState></Trackpoint><Trackpoint><Time>2025-12-01T09:03:12.000Z</Time><HeartRateBpm><Value>161</Value></HeartRateBpm><SensorState>Present</SensorState></Trackpoint><Trackpoint><Time>2025-12-01T09:03:13.000Z</Time><HeartRateBpm><Value>161</Value></HeartRateBpm><SensorState>Present</SensorState></Trackpoint><Trackpoint><Time>2025-12-01T09:03:14.000Z</Time><HeartRateBpm><Value>161</Value></HeartRateBpm><SensorState>Present</SensorState></Trackpoint><Trackpoint><Time>2025-12-01T09:03:15.000Z</Time><HeartRateBpm><Value>162</Value></HeartRateBpm><SensorState>Present</SensorState></Trackpoint><Trackpoint><Time>2025-12-01T09:03:16.000Z</Time><HeartRateBpm><Value>162</Value></HeartRateBpm><SensorState>Present</SensorState></Trackpoint><Trackpoint><Time>2025-12-01T09:03:17.000Z</Time><HeartRateBpm><Value>161</Value></HeartRateBpm><SensorState>Present</SensorState></Trackpoint><Trackpoint><Time>2025-12-01T09:03:18.000Z</Time><HeartRateBpm><Value>161</Value></HeartRateBpm><SensorState>Present</SensorState></Trackpoint><Trackpoint><Time>2025-12-01T09:03:19.000Z</Time><HeartRateBpm><Value>161</Value></HeartRateBpm><SensorState>Present</SensorState></Trackpoint><Trackpoint><Time>2025-12-01T09:03:20.000Z</Time><HeartRateBpm><Value>161</Value></HeartRateBpm><SensorState>Present</SensorState></Trackpoint><Trackpoint><Time>2025-12-01T09:03:21.000Z</Time><HeartRateBpm><Value>160</Value></HeartRateBpm><SensorState>Present</SensorState></Trackpoint><Trackpoint><Time>2025-12-01T09:03:22.000Z</Time><HeartRateBpm><Value>160</Value></HeartRateBpm><SensorState>Present</SensorState></Trackpoint><Trackpoint><Time>2025-12-01T09:03:23.000Z</Time><HeartRateBpm><Value>160</Value></HeartRateBpm><SensorState>Present</SensorState></Trackpoint><Trackpoint><Time>2025-12-01T09:03:24.000Z</Time><HeartRateBpm><Value>160</Value></HeartRateBpm><SensorState>Present</SensorState></Trackpoint><Trackpoint><Time>2025-12-01T09:03:25.000Z</Time><HeartRateBpm><Value>160</Value></HeartRateBpm><SensorState>Present</SensorState></Trackpoint><Trackpoint><Time>2025-12-01T09:03:26.000Z</Time><HeartRateBpm><Value>160</Value></HeartRateBpm><SensorState>Present</SensorState></Trackpoint><Trackpoint><Time>2025-12-01T09:03:27.000Z</Time><HeartRateBpm><Value>160</Value></HeartRateBpm><SensorState>Present</SensorState></Trackpoint><Trackpoint><Time>2025-12-01T09:03:28.000Z</Time><HeartRateBpm><Value>161</Value></HeartRateBpm><SensorState>Present</SensorState></Trackpoint><Trackpoint><Time>2025-12-01T09:03:29.000Z</Time><HeartRateBpm><Value>160</Value></HeartRateBpm><SensorState>Present</SensorState></Trackpoint><Trackpoint><Time>2025-12-01T09:03:30.000Z</Time><HeartRateBpm><Value>160</Value></HeartRateBpm><SensorState>Present</SensorState></Trackpoint><Trackpoint><Time>2025-12-01T09:03:31.000Z</Time><HeartRateBpm><Value>161</Value></HeartRateBpm><SensorState>Present</SensorState></Trackpoint><Trackpoint><Time>2025-12-01T09:03:32.000Z</Time><HeartRateBpm><Value>160</Value></HeartRateBpm><SensorState>Present</SensorState></Trackpoint><Trackpoint><Time>2025-12-01T09:03:33.000Z</Time><HeartRateBpm><Value>160</Value></HeartRateBpm><SensorState>Present</SensorState></Trackpoint><Trackpoint><Time>2025-12-01T09:03:34.000Z</Time><HeartRateBpm><Value>160</Value></HeartRateBpm><SensorState>Present</SensorState></Trackpoint><Trackpoint><Time>2025-12-01T09:03:35.000Z</Time><HeartRateBpm><Value>161</Value></HeartRateBpm><SensorState>Present</SensorState></Trackpoint><Trackpoint><Time>2025-12-01T09:03:36.000Z</Time><HeartRateBpm><Value>161</Value></HeartRateBpm><SensorState>Present</SensorState></Trackpoint><Trackpoint><Time>2025-12-01T09:03:37.000Z</Time><HeartRateBpm><Value>161</Value></HeartRateBpm><SensorState>Present</SensorState></Trackpoint><Trackpoint><Time>2025-12-01T09:03:38.000Z</Time><HeartRateBpm><Value>161</Value></HeartRateBpm><SensorState>Present</SensorState></Trackpoint><Trackpoint><Time>2025-12-01T09:03:39.000Z</Time><HeartRateBpm><Value>161</Value></HeartRateBpm><SensorState>Present</SensorState></Trackpoint><Trackpoint><Time>2025-12-01T09:03:40.000Z</Time><HeartRateBpm><Value>161</Value></HeartRateBpm><SensorState>Present</SensorState></Trackpoint><Trackpoint><Time>2025-12-01T09:03:41.000Z</Time><HeartRateBpm><Value>161</Value></HeartRateBpm><SensorState>Present</SensorState></Trackpoint><Trackpoint><Time>2025-12-01T09:03:42.000Z</Time><HeartRateBpm><Value>162</Value></HeartRateBpm><SensorState>Present</SensorState></Trackpoint><Trackpoint><Time>2025-12-01T09:03:43.000Z</Time><HeartRateBpm><Value>162</Value></HeartRateBpm><SensorState>Present</SensorState></Trackpoint><Trackpoint><Time>2025-12-01T09:03:44.000Z</Time><HeartRateBpm><Value>162</Value></HeartRateBpm><SensorState>Present</SensorState></Trackpoint><Trackpoint><Time>2025-12-01T09:03:45.000Z</Time><HeartRateBpm><Value>162</Value></HeartRateBpm><SensorState>Present</SensorState></Trackpoint><Trackpoint><Time>2025-12-01T09:03:46.000Z</Time><HeartRateBpm><Value>163</Value></HeartRateBpm><SensorState>Present</SensorState></Trackpoint><Trackpoint><Time>2025-12-01T09:03:47.000Z</Time><HeartRateBpm><Value>163</Value></HeartRateBpm><SensorState>Present</SensorState></Trackpoint><Trackpoint><Time>2025-12-01T09:03:48.000Z</Time><HeartRateBpm><Value>163</Value></HeartRateBpm><SensorState>Present</SensorState></Trackpoint><Trackpoint><Time>2025-12-01T09:03:49.000Z</Time><HeartRateBpm><Value>163</Value></HeartRateBpm><SensorState>Present</SensorState></Trackpoint><Trackpoint><Time>2025-12-01T09:03:50.000Z</Time><HeartRateBpm><Value>163</Value></HeartRateBpm><SensorState>Present</SensorState></Trackpoint><Trackpoint><Time>2025-12-01T09:03:51.000Z</Time><HeartRateBpm><Value>164</Value></HeartRateBpm><SensorState>Present</SensorState></Trackpoint><Trackpoint><Time>2025-12-01T09:03:52.000Z</Time><HeartRateBpm><Value>164</Value></HeartRateBpm><SensorState>Present</SensorState></Trackpoint><Trackpoint><Time>2025-12-01T09:03:53.000Z</Time><HeartRateBpm><Value>164</Value></HeartRateBpm><SensorState>Present</SensorState></Trackpoint><Trackpoint><Time>2025-12-01T09:03:54.000Z</Time><HeartRateBpm><Value>163</Value></HeartRateBpm><SensorState>Present</SensorState></Trackpoint><Trackpoint><Time>2025-12-01T09:03:55.000Z</Time><HeartRateBpm><Value>163</Value></HeartRateBpm><SensorState>Present</SensorState></Trackpoint><Trackpoint><Time>2025-12-01T09:03:56.000Z</Time><HeartRateBpm><Value>163</Value></HeartRateBpm><SensorState>Present</SensorState></Trackpoint><Trackpoint><Time>2025-12-01T09:03:57.000Z</Time><HeartRateBpm><Value>162</Value></HeartRateBpm><SensorState>Present</SensorState></Trackpoint><Trackpoint><Time>2025-12-01T09:03:58.000Z</Time><HeartRateBpm><Value>162</Value></HeartRateBpm><SensorState>Present</SensorState></Trackpoint><Trackpoint><Time>2025-12-01T09:03:59.000Z</Time><HeartRateBpm><Value>162</Value></HeartRateBpm><SensorState>Present</SensorState></Trackpoint><Trackpoint><Time>2025-12-01T09:04:00.000Z</Time><HeartRateBpm><Value>162</Value></HeartRateBpm><SensorState>Present</SensorState></Trackpoint><Trackpoint><Time>2025-12-01T09:04:01.000Z</Time><HeartRateBpm><Value>162</Value></HeartRateBpm><SensorState>Present</SensorState></Trackpoint><Trackpoint><Time>2025-12-01T09:04:02.000Z</Time><HeartRateBpm><Value>162</Value></HeartRateBpm><SensorState>Present</SensorState></Trackpoint><Trackpoint><Time>2025-12-01T09:04:03.000Z</Time><HeartRateBpm><Value>161</Value></HeartRateBpm><SensorState>Present</SensorState></Trackpoint><Trackpoint><Time>2025-12-01T09:04:04.000Z</Time><HeartRateBpm><Value>161</Value></HeartRateBpm><SensorState>Present</SensorState></Trackpoint><Trackpoint><Time>2025-12-01T09:04:05.000Z</Time><HeartRateBpm><Value>161</Value></HeartRateBpm><SensorState>Present</SensorState></Trackpoint><Trackpoint><Time>2025-12-01T09:04:06.000Z</Time><HeartRateBpm><Value>160</Value></HeartRateBpm><SensorState>Present</SensorState></Trackpoint><Trackpoint><Time>2025-12-01T09:04:07.000Z</Time><HeartRateBpm><Value>161</Value></HeartRateBpm><SensorState>Present</SensorState></Trackpoint><Trackpoint><Time>2025-12-01T09:04:08.000Z</Time><HeartRateBpm><Value>161</Value></HeartRateBpm><SensorState>Present</SensorState></Trackpoint><Trackpoint><Time>2025-12-01T09:04:09.000Z</Time><HeartRateBpm><Value>161</Value></HeartRateBpm><SensorState>Present</SensorState></Trackpoint><Trackpoint><Time>2025-12-01T09:04:10.000Z</Time><HeartRateBpm><Value>162</Value></HeartRateBpm><SensorState>Present</SensorState></Trackpoint><Trackpoint><Time>2025-12-01T09:04:11.000Z</Time><HeartRateBpm><Value>163</Value></HeartRateBpm><SensorState>Present</SensorState></Trackpoint><Trackpoint><Time>2025-12-01T09:04:12.000Z</Time><HeartRateBpm><Value>163</Value></HeartRateBpm><SensorState>Present</SensorState></Trackpoint><Trackpoint><Time>2025-12-01T09:04:13.000Z</Time><HeartRateBpm><Value>163</Value></HeartRateBpm><SensorState>Present</SensorState></Trackpoint><Trackpoint><Time>2025-12-01T09:04:14.000Z</Time><HeartRateBpm><Value>164</Value></HeartRateBpm><SensorState>Present</SensorState></Trackpoint><Trackpoint><Time>2025-12-01T09:04:15.000Z</Time><HeartRateBpm><Value>164</Value></HeartRateBpm><SensorState>Present</SensorState></Trackpoint><Trackpoint><Time>2025-12-01T09:04:16.000Z</Time><HeartRateBpm><Value>164</Value></HeartRateBpm><SensorState>Present</SensorState></Trackpoint><Trackpoint><Time>2025-12-01T09:04:17.000Z</Time><HeartRateBpm><Value>164</Value></HeartRateBpm><SensorState>Present</SensorState></Trackpoint><Trackpoint><Time>2025-12-01T09:04:18.000Z</Time><HeartRateBpm><Value>164</Value></HeartRateBpm><SensorState>Present</SensorState></Trackpoint><Trackpoint><Time>2025-12-01T09:04:19.000Z</Time><HeartRateBpm><Value>164</Value></HeartRateBpm><SensorState>Present</SensorState></Trackpoint><Trackpoint><Time>2025-12-01T09:04:20.000Z</Time><HeartRateBpm><Value>164</Value></HeartRateBpm><SensorState>Present</SensorState></Trackpoint><Trackpoint><Time>2025-12-01T09:04:21.000Z</Time><HeartRateBpm><Value>164</Value></HeartRateBpm><SensorState>Present</SensorState></Trackpoint><Trackpoint><Time>2025-12-01T09:04:22.000Z</Time><HeartRateBpm><Value>164</Value></HeartRateBpm><SensorState>Present</SensorState></Trackpoint><Trackpoint><Time>2025-12-01T09:04:23.000Z</Time><HeartRateBpm><Value>163</Value></HeartRateBpm><SensorState>Present</SensorState></Trackpoint><Trackpoint><Time>2025-12-01T09:04:24.000Z</Time><HeartRateBpm><Value>163</Value></HeartRateBpm><SensorState>Present</SensorState></Trackpoint><Trackpoint><Time>2025-12-01T09:04:25.000Z</Time><HeartRateBpm><Value>163</Value></HeartRateBpm><SensorState>Present</SensorState></Trackpoint><Trackpoint><Time>2025-12-01T09:04:26.000Z</Time><HeartRateBpm><Value>164</Value></HeartRateBpm><SensorState>Present</SensorState></Trackpoint><Trackpoint><Time>2025-12-01T09:04:27.000Z</Time><HeartRateBpm><Value>163</Value></HeartRateBpm><SensorState>Present</SensorState></Trackpoint><Trackpoint><Time>2025-12-01T09:04:28.000Z</Time><HeartRateBpm><Value>164</Value></HeartRateBpm><SensorState>Present</SensorState></Trackpoint><Trackpoint><Time>2025-12-01T09:04:29.000Z</Time><HeartRateBpm><Value>164</Value></HeartRateBpm><SensorState>Present</SensorState></Trackpoint><Trackpoint><Time>2025-12-01T09:04:30.000Z</Time><HeartRateBpm><Value>164</Value></HeartRateBpm><SensorState>Present</SensorState></Trackpoint><Trackpoint><Time>2025-12-01T09:04:31.000Z</Time><HeartRateBpm><Value>164</Value></HeartRateBpm><SensorState>Present</SensorState></Trackpoint><Trackpoint><Time>2025-12-01T09:04:32.000Z</Time><HeartRateBpm><Value>164</Value></HeartRateBpm><SensorState>Present</SensorState></Trackpoint><Trackpoint><Time>2025-12-01T09:04:33.000Z</Time><HeartRateBpm><Value>165</Value></HeartRateBpm><SensorState>Present</SensorState></Trackpoint><Trackpoint><Time>2025-12-01T09:04:34.000Z</Time><HeartRateBpm><Value>165</Value></HeartRateBpm><SensorState>Present</SensorState></Trackpoint><Trackpoint><Time>2025-12-01T09:04:35.000Z</Time><HeartRateBpm><Value>165</Value></HeartRateBpm><SensorState>Present</SensorState></Trackpoint><Trackpoint><Time>2025-12-01T09:04:36.000Z</Time><HeartRateBpm><Value>166</Value></HeartRateBpm><SensorState>Present</SensorState></Trackpoint><Trackpoint><Time>2025-12-01T09:04:37.000Z</Time><HeartRateBpm><Value>166</Value></HeartRateBpm><SensorState>Present</SensorState></Trackpoint><Trackpoint><Time>2025-12-01T09:04:38.000Z</Time><HeartRateBpm><Value>166</Value></HeartRateBpm><SensorState>Present</SensorState></Trackpoint><Trackpoint><Time>2025-12-01T09:04:39.000Z</Time><HeartRateBpm><Value>167</Value></HeartRateBpm><SensorState>Present</SensorState></Trackpoint><Trackpoint><Time>2025-12-01T09:04:40.000Z</Time><HeartRateBpm><Value>167</Value></HeartRateBpm><SensorState>Present</SensorState></Trackpoint><Trackpoint><Time>2025-12-01T09:04:41.000Z</Time><HeartRateBpm><Value>167</Value></HeartRateBpm><SensorState>Present</SensorState></Trackpoint><Trackpoint><Time>2025-12-01T09:04:42.000Z</Time><HeartRateBpm><Value>168</Value></HeartRateBpm><SensorState>Present</SensorState></Trackpoint><Trackpoint><Time>2025-12-01T09:04:43.000Z</Time><HeartRateBpm><Value>168</Value></HeartRateBpm><SensorState>Present</SensorState></Trackpoint><Trackpoint><Time>2025-12-01T09:04:44.000Z</Time><HeartRateBpm><Value>168</Value></HeartRateBpm><SensorState>Present</SensorState></Trackpoint><Trackpoint><Time>2025-12-01T09:04:45.000Z</Time><HeartRateBpm><Value>168</Value></HeartRateBpm><SensorState>Present</SensorState></Trackpoint><Trackpoint><Time>2025-12-01T09:04:46.000Z</Time><HeartRateBpm><Value>169</Value></HeartRateBpm><SensorState>Present</SensorState></Trackpoint><Trackpoint><Time>2025-12-01T09:04:47.000Z</Time><HeartRateBpm><Value>169</Value></HeartRateBpm><SensorState>Present</SensorState></Trackpoint><Trackpoint><Time>2025-12-01T09:04:48.000Z</Time><HeartRateBpm><Value>169</Value></HeartRateBpm><SensorState>Present</SensorState></Trackpoint><Trackpoint><Time>2025-12-01T09:04:49.000Z</Time><HeartRateBpm><Value>170</Value></HeartRateBpm><SensorState>Present</SensorState></Trackpoint><Trackpoint><Time>2025-12-01T09:04:50.000Z</Time><HeartRateBpm><Value>170</Value></HeartRateBpm><SensorState>Present</SensorState></Trackpoint><Trackpoint><Time>2025-12-01T09:04:51.000Z</Time><HeartRateBpm><Value>170</Value></HeartRateBpm><SensorState>Present</SensorState></Trackpoint><Trackpoint><Time>2025-12-01T09:04:52.000Z</Time><HeartRateBpm><Value>170</Value></HeartRateBpm><SensorState>Present</SensorState></Trackpoint><Trackpoint><Time>2025-12-01T09:04:53.000Z</Time><HeartRateBpm><Value>169</Value></HeartRateBpm><SensorState>Present</SensorState></Trackpoint><Trackpoint><Time>2025-12-01T09:04:54.000Z</Time><HeartRateBpm><Value>169</Value></HeartRateBpm><SensorState>Present</SensorState></Trackpoint><Trackpoint><Time>2025-12-01T09:04:55.000Z</Time><HeartRateBpm><Value>169</Value></HeartRateBpm><SensorState>Present</SensorState></Trackpoint><Trackpoint><Time>2025-12-01T09:04:56.000Z</Time><HeartRateBpm><Value>168</Value></HeartRateBpm><SensorState>Present</SensorState></Trackpoint><Trackpoint><Time>2025-12-01T09:04:57.000Z</Time><HeartRateBpm><Value>168</Value></HeartRateBpm><SensorState>Present</SensorState></Trackpoint><Trackpoint><Time>2025-12-01T09:04:58.000Z</Time><HeartRateBpm><Value>169</Value></HeartRateBpm><SensorState>Present</SensorState></Trackpoint><Trackpoint><Time>2025-12-01T09:04:59.000Z</Time><HeartRateBpm><Value>169</Value></HeartRateBpm><SensorState>Present</SensorState></Trackpoint><Trackpoint><Time>2025-12-01T09:05:00.000Z</Time><HeartRateBpm><Value>169</Value></HeartRateBpm><SensorState>Present</SensorState></Trackpoint><Trackpoint><Time>2025-12-01T09:05:01.000Z</Time><HeartRateBpm><Value>169</Value></HeartRateBpm><SensorState>Present</SensorState></Trackpoint><Trackpoint><Time>2025-12-01T09:05:02.000Z</Time><HeartRateBpm><Value>169</Value></HeartRateBpm><SensorState>Present</SensorState></Trackpoint><Trackpoint><Time>2025-12-01T09:05:03.000Z</Time><HeartRateBpm><Value>169</Value></HeartRateBpm><SensorState>Present</SensorState></Trackpoint><Trackpoint><Time>2025-12-01T09:05:04.000Z</Time><HeartRateBpm><Value>169</Value></HeartRateBpm><SensorState>Present</SensorState></Trackpoint><Trackpoint><Time>2025-12-01T09:05:05.000Z</Time><HeartRateBpm><Value>169</Value></HeartRateBpm><SensorState>Present</SensorState></Trackpoint><Trackpoint><Time>2025-12-01T09:05:06.000Z</Time><HeartRateBpm><Value>170</Value></HeartRateBpm><SensorState>Present</SensorState></Trackpoint><Trackpoint><Time>2025-12-01T09:05:07.000Z</Time><HeartRateBpm><Value>170</Value></HeartRateBpm><SensorState>Present</SensorState></Trackpoint><Trackpoint><Time>2025-12-01T09:05:08.000Z</Time><HeartRateBpm><Value>170</Value></HeartRateBpm><SensorState>Present</SensorState></Trackpoint><Trackpoint><Time>2025-12-01T09:05:09.000Z</Time><HeartRateBpm><Value>170</Value></HeartRateBpm><SensorState>Present</SensorState></Trackpoint><Trackpoint><Time>2025-12-01T09:05:10.000Z</Time><HeartRateBpm><Value>171</Value></HeartRateBpm><SensorState>Present</SensorState></Trackpoint><Trackpoint><Time>2025-12-01T09:05:11.000Z</Time><HeartRateBpm><Value>171</Value></HeartRateBpm><SensorState>Present</SensorState></Trackpoint><Trackpoint><Time>2025-12-01T09:05:12.000Z</Time><HeartRateBpm><Value>171</Value></HeartRateBpm><SensorState>Present</SensorState></Trackpoint><Trackpoint><Time>2025-12-01T09:05:13.000Z</Time><HeartRateBpm><Value>171</Value></HeartRateBpm><SensorState>Present</SensorState></Trackpoint><Trackpoint><Time>2025-12-01T09:05:14.000Z</Time><HeartRateBpm><Value>171</Value></HeartRateBpm><SensorState>Present</SensorState></Trackpoint><Trackpoint><Time>2025-12-01T09:05:15.000Z</Time><HeartRateBpm><Value>171</Value></HeartRateBpm><SensorState>Present</SensorState></Trackpoint><Trackpoint><Time>2025-12-01T09:05:16.000Z</Time><HeartRateBpm><Value>171</Value></HeartRateBpm><SensorState>Present</SensorState></Trackpoint><Trackpoint><Time>2025-12-01T09:05:17.000Z</Time><HeartRateBpm><Value>171</Value></HeartRateBpm><SensorState>Present</SensorState></Trackpoint><Trackpoint><Time>2025-12-01T09:05:18.000Z</Time><HeartRateBpm><Value>170</Value></HeartRateBpm><SensorState>Present</SensorState></Trackpoint><Trackpoint><Time>2025-12-01T09:05:19.000Z</Time><HeartRateBpm><Value>170</Value></HeartRateBpm><SensorState>Present</SensorState></Trackpoint><Trackpoint><Time>2025-12-01T09:05:20.000Z</Time><HeartRateBpm><Value>170</Value></HeartRateBpm><SensorState>Present</SensorState></Trackpoint><Trackpoint><Time>2025-12-01T09:05:21.000Z</Time><HeartRateBpm><Value>170</Value></HeartRateBpm><SensorState>Present</SensorState></Trackpoint><Trackpoint><Time>2025-12-01T09:05:22.000Z</Time><HeartRateBpm><Value>170</Value></HeartRateBpm><SensorState>Present</SensorState></Trackpoint><Trackpoint><Time>2025-12-01T09:05:23.000Z</Time><HeartRateBpm><Value>170</Value></HeartRateBpm><SensorState>Present</SensorState></Trackpoint><Trackpoint><Time>2025-12-01T09:05:24.000Z</Time><HeartRateBpm><Value>170</Value></HeartRateBpm><SensorState>Present</SensorState></Trackpoint><Trackpoint><Time>2025-12-01T09:05:25.000Z</Time><HeartRateBpm><Value>170</Value></HeartRateBpm><SensorState>Present</SensorState></Trackpoint><Trackpoint><Time>2025-12-01T09:05:26.000Z</Time><HeartRateBpm><Value>170</Value></HeartRateBpm><SensorState>Present</SensorState></Trackpoint><Trackpoint><Time>2025-12-01T09:05:27.000Z</Time><HeartRateBpm><Value>170</Value></HeartRateBpm><SensorState>Present</SensorState></Trackpoint><Trackpoint><Time>2025-12-01T09:05:28.000Z</Time><HeartRateBpm><Value>170</Value></HeartRateBpm><SensorState>Present</SensorState></Trackpoint><Trackpoint><Time>2025-12-01T09:05:29.000Z</Time><HeartRateBpm><Value>170</Value></HeartRateBpm><SensorState>Present</SensorState></Trackpoint><Trackpoint><Time>2025-12-01T09:05:30.000Z</Time><HeartRateBpm><Value>170</Value></HeartRateBpm><SensorState>Present</SensorState></Trackpoint><Trackpoint><Time>2025-12-01T09:05:31.000Z</Time><HeartRateBpm><Value>170</Value></HeartRateBpm><SensorState>Present</SensorState></Trackpoint><Trackpoint><Time>2025-12-01T09:05:32.000Z</Time><HeartRateBpm><Value>170</Value></HeartRateBpm><SensorState>Present</SensorState></Trackpoint><Trackpoint><Time>2025-12-01T09:05:33.000Z</Time><HeartRateBpm><Value>170</Value></HeartRateBpm><SensorState>Present</SensorState></Trackpoint><Trackpoint><Time>2025-12-01T09:05:34.000Z</Time><HeartRateBpm><Value>170</Value></HeartRateBpm><SensorState>Present</SensorState></Trackpoint><Trackpoint><Time>2025-12-01T09:05:35.000Z</Time><HeartRateBpm><Value>170</Value></HeartRateBpm><SensorState>Present</SensorState></Trackpoint><Trackpoint><Time>2025-12-01T09:05:36.000Z</Time><HeartRateBpm><Value>170</Value></HeartRateBpm><SensorState>Present</SensorState></Trackpoint><Trackpoint><Time>2025-12-01T09:05:37.000Z</Time><HeartRateBpm><Value>170</Value></HeartRateBpm><SensorState>Present</SensorState></Trackpoint><Trackpoint><Time>2025-12-01T09:05:38.000Z</Time><HeartRateBpm><Value>170</Value></HeartRateBpm><SensorState>Present</SensorState></Trackpoint><Trackpoint><Time>2025-12-01T09:05:39.000Z</Time><HeartRateBpm><Value>170</Value></HeartRateBpm><SensorState>Present</SensorState></Trackpoint><Trackpoint><Time>2025-12-01T09:05:40.000Z</Time><HeartRateBpm><Value>170</Value></HeartRateBpm><SensorState>Present</SensorState></Trackpoint><Trackpoint><Time>2025-12-01T09:05:41.000Z</Time><HeartRateBpm><Value>170</Value></HeartRateBpm><SensorState>Present</SensorState></Trackpoint><Trackpoint><Time>2025-12-01T09:05:42.000Z</Time><HeartRateBpm><Value>170</Value></HeartRateBpm><SensorState>Present</SensorState></Trackpoint><Trackpoint><Time>2025-12-01T09:05:43.000Z</Time><HeartRateBpm><Value>170</Value></HeartRateBpm><SensorState>Present</SensorState></Trackpoint><Trackpoint><Time>2025-12-01T09:05:44.000Z</Time><HeartRateBpm><Value>170</Value></HeartRateBpm><SensorState>Present</SensorState></Trackpoint><Trackpoint><Time>2025-12-01T09:05:45.000Z</Time><HeartRateBpm><Value>171</Value></HeartRateBpm><SensorState>Present</SensorState></Trackpoint><Trackpoint><Time>2025-12-01T09:05:46.000Z</Time><HeartRateBpm><Value>171</Value></HeartRateBpm><SensorState>Present</SensorState></Trackpoint><Trackpoint><Time>2025-12-01T09:05:47.000Z</Time><HeartRateBpm><Value>171</Value></HeartRateBpm><SensorState>Present</SensorState></Trackpoint><Trackpoint><Time>2025-12-01T09:05:48.000Z</Time><HeartRateBpm><Value>171</Value></HeartRateBpm><SensorState>Present</SensorState></Trackpoint><Trackpoint><Time>2025-12-01T09:05:49.000Z</Time><HeartRateBpm><Value>171</Value></HeartRateBpm><SensorState>Present</SensorState></Trackpoint><Trackpoint><Time>2025-12-01T09:05:50.000Z</Time><HeartRateBpm><Value>172</Value></HeartRateBpm><SensorState>Present</SensorState></Trackpoint><Trackpoint><Time>2025-12-01T09:05:51.000Z</Time><HeartRateBpm><Value>172</Value></HeartRateBpm><SensorState>Present</SensorState></Trackpoint><Trackpoint><Time>2025-12-01T09:05:52.000Z</Time><HeartRateBpm><Value>172</Value></HeartRateBpm><SensorState>Present</SensorState></Trackpoint><Trackpoint><Time>2025-12-01T09:05:53.000Z</Time><HeartRateBpm><Value>172</Value></HeartRateBpm><SensorState>Present</SensorState></Trackpoint><Trackpoint><Time>2025-12-01T09:05:54.000Z</Time><HeartRateBpm><Value>172</Value></HeartRateBpm><SensorState>Present</SensorState></Trackpoint><Trackpoint><Time>2025-12-01T09:05:55.000Z</Time><HeartRateBpm><Value>172</Value></HeartRateBpm><SensorState>Present</SensorState></Trackpoint><Trackpoint><Time>2025-12-01T09:05:56.000Z</Time><HeartRateBpm><Value>172</Value></HeartRateBpm><SensorState>Present</SensorState></Trackpoint><Trackpoint><Time>2025-12-01T09:05:57.000Z</Time><HeartRateBpm><Value>171</Value></HeartRateBpm><SensorState>Present</SensorState></Trackpoint><Trackpoint><Time>2025-12-01T09:05:58.000Z</Time><HeartRateBpm><Value>171</Value></HeartRateBpm><SensorState>Present</SensorState></Trackpoint><Trackpoint><Time>2025-12-01T09:05:59.000Z</Time><HeartRateBpm><Value>171</Value></HeartRateBpm><SensorState>Present</SensorState></Trackpoint><Trackpoint><Time>2025-12-01T09:06:00.000Z</Time><HeartRateBpm><Value>171</Value></HeartRateBpm><SensorState>Present</SensorState></Trackpoint><Trackpoint><Time>2025-12-01T09:06:01.000Z</Time><HeartRateBpm><Value>170</Value></HeartRateBpm><SensorState>Present</SensorState></Trackpoint><Trackpoint><Time>2025-12-01T09:06:02.000Z</Time><HeartRateBpm><Value>170</Value></HeartRateBpm><SensorState>Present</SensorState></Trackpoint><Trackpoint><Time>2025-12-01T09:06:03.000Z</Time><HeartRateBpm><Value>170</Value></HeartRateBpm><SensorState>Present</SensorState></Trackpoint><Trackpoint><Time>2025-12-01T09:06:04.000Z</Time><HeartRateBpm><Value>171</Value></HeartRateBpm><SensorState>Present</SensorState></Trackpoint><Trackpoint><Time>2025-12-01T09:06:05.000Z</Time><HeartRateBpm><Value>171</Value></HeartRateBpm><SensorState>Present</SensorState></Trackpoint><Trackpoint><Time>2025-12-01T09:06:06.000Z</Time><HeartRateBpm><Value>170</Value></HeartRateBpm><SensorState>Present</SensorState></Trackpoint><Trackpoint><Time>2025-12-01T09:06:07.000Z</Time><HeartRateBpm><Value>171</Value></HeartRateBpm><SensorState>Present</SensorState></Trackpoint><Trackpoint><Time>2025-12-01T09:06:08.000Z</Time><HeartRateBpm><Value>171</Value></HeartRateBpm><SensorState>Present</SensorState></Trackpoint><Trackpoint><Time>2025-12-01T09:06:09.000Z</Time><HeartRateBpm><Value>171</Value></HeartRateBpm><SensorState>Present</SensorState></Trackpoint><Trackpoint><Time>2025-12-01T09:06:10.000Z</Time><HeartRateBpm><Value>172</Value></HeartRateBpm><SensorState>Present</SensorState></Trackpoint><Trackpoint><Time>2025-12-01T09:06:11.000Z</Time><HeartRateBpm><Value>172</Value></HeartRateBpm><SensorState>Present</SensorState></Trackpoint><Trackpoint><Time>2025-12-01T09:06:12.000Z</Time><HeartRateBpm><Value>172</Value></HeartRateBpm><SensorState>Present</SensorState></Trackpoint><Trackpoint><Time>2025-12-01T09:06:13.000Z</Time><HeartRateBpm><Value>172</Value></HeartRateBpm><SensorState>Present</SensorState></Trackpoint><Trackpoint><Time>2025-12-01T09:06:14.000Z</Time><HeartRateBpm><Value>173</Value></HeartRateBpm><SensorState>Present</SensorState></Trackpoint><Trackpoint><Time>2025-12-01T09:06:15.000Z</Time><HeartRateBpm><Value>173</Value></HeartRateBpm><SensorState>Present</SensorState></Trackpoint><Trackpoint><Time>2025-12-01T09:06:16.000Z</Time><HeartRateBpm><Value>172</Value></HeartRateBpm><SensorState>Present</SensorState></Trackpoint><Trackpoint><Time>2025-12-01T09:06:17.000Z</Time><HeartRateBpm><Value>172</Value></HeartRateBpm><SensorState>Present</SensorState></Trackpoint><Trackpoint><Time>2025-12-01T09:06:18.000Z</Time><HeartRateBpm><Value>172</Value></HeartRateBpm><SensorState>Present</SensorState></Trackpoint><Trackpoint><Time>2025-12-01T09:06:19.000Z</Time><HeartRateBpm><Value>172</Value></HeartRateBpm><SensorState>Present</SensorState></Trackpoint><Trackpoint><Time>2025-12-01T09:06:20.000Z</Time><HeartRateBpm><Value>172</Value></HeartRateBpm><SensorState>Present</SensorState></Trackpoint><Trackpoint><Time>2025-12-01T09:06:21.000Z</Time><HeartRateBpm><Value>172</Value></HeartRateBpm><SensorState>Present</SensorState></Trackpoint><Trackpoint><Time>2025-12-01T09:06:22.000Z</Time><HeartRateBpm><Value>172</Value></HeartRateBpm><SensorState>Present</SensorState></Trackpoint><Trackpoint><Time>2025-12-01T09:06:23.000Z</Time><HeartRateBpm><Value>172</Value></HeartRateBpm><SensorState>Present</SensorState></Trackpoint><Trackpoint><Time>2025-12-01T09:06:24.000Z</Time><HeartRateBpm><Value>172</Value></HeartRateBpm><SensorState>Present</SensorState></Trackpoint><Trackpoint><Time>2025-12-01T09:06:25.000Z</Time><HeartRateBpm><Value>172</Value></HeartRateBpm><SensorState>Present</SensorState></Trackpoint><Trackpoint><Time>2025-12-01T09:06:26.000Z</Time><HeartRateBpm><Value>172</Value></HeartRateBpm><SensorState>Present</SensorState></Trackpoint><Trackpoint><Time>2025-12-01T09:06:27.000Z</Time><HeartRateBpm><Value>171</Value></HeartRateBpm><SensorState>Present</SensorState></Trackpoint><Trackpoint><Time>2025-12-01T09:06:28.000Z</Time><HeartRateBpm><Value>171</Value></HeartRateBpm><SensorState>Present</SensorState></Trackpoint><Trackpoint><Time>2025-12-01T09:06:29.000Z</Time><HeartRateBpm><Value>170</Value></HeartRateBpm><SensorState>Present</SensorState></Trackpoint><Trackpoint><Time>2025-12-01T09:06:30.000Z</Time><HeartRateBpm><Value>170</Value></HeartRateBpm><SensorState>Present</SensorState></Trackpoint><Trackpoint><Time>2025-12-01T09:06:31.000Z</Time><HeartRateBpm><Value>170</Value></HeartRateBpm><SensorState>Present</SensorState></Trackpoint><Trackpoint><Time>2025-12-01T09:06:32.000Z</Time><HeartRateBpm><Value>170</Value></HeartRateBpm><SensorState>Present</SensorState></Trackpoint><Trackpoint><Time>2025-12-01T09:06:33.000Z</Time><HeartRateBpm><Value>170</Value></HeartRateBpm><SensorState>Present</SensorState></Trackpoint><Trackpoint><Time>2025-12-01T09:06:34.000Z</Time><HeartRateBpm><Value>170</Value></HeartRateBpm><SensorState>Present</SensorState></Trackpoint><Trackpoint><Time>2025-12-01T09:06:35.000Z</Time><HeartRateBpm><Value>170</Value></HeartRateBpm><SensorState>Present</SensorState></Trackpoint><Trackpoint><Time>2025-12-01T09:06:36.000Z</Time><HeartRateBpm><Value>170</Value></HeartRateBpm><SensorState>Present</SensorState></Trackpoint><Trackpoint><Time>2025-12-01T09:06:37.000Z</Time><HeartRateBpm><Value>171</Value></HeartRateBpm><SensorState>Present</SensorState></Trackpoint><Trackpoint><Time>2025-12-01T09:06:38.000Z</Time><HeartRateBpm><Value>171</Value></HeartRateBpm><SensorState>Present</SensorState></Trackpoint><Trackpoint><Time>2025-12-01T09:06:39.000Z</Time><HeartRateBpm><Value>171</Value></HeartRateBpm><SensorState>Present</SensorState></Trackpoint><Trackpoint><Time>2025-12-01T09:06:40.000Z</Time><HeartRateBpm><Value>171</Value></HeartRateBpm><SensorState>Present</SensorState></Trackpoint><Trackpoint><Time>2025-12-01T09:06:41.000Z</Time><HeartRateBpm><Value>172</Value></HeartRateBpm><SensorState>Present</SensorState></Trackpoint><Trackpoint><Time>2025-12-01T09:06:42.000Z</Time><HeartRateBpm><Value>172</Value></HeartRateBpm><SensorState>Present</SensorState></Trackpoint><Trackpoint><Time>2025-12-01T09:06:43.000Z</Time><HeartRateBpm><Value>172</Value></HeartRateBpm><SensorState>Present</SensorState></Trackpoint><Trackpoint><Time>2025-12-01T09:06:44.000Z</Time><HeartRateBpm><Value>173</Value></HeartRateBpm><SensorState>Present</SensorState></Trackpoint><Trackpoint><Time>2025-12-01T09:06:45.000Z</Time><HeartRateBpm><Value>173</Value></HeartRateBpm><SensorState>Present</SensorState></Trackpoint><Trackpoint><Time>2025-12-01T09:06:46.000Z</Time><HeartRateBpm><Value>173</Value></HeartRateBpm><SensorState>Present</SensorState></Trackpoint><Trackpoint><Time>2025-12-01T09:06:47.000Z</Time><HeartRateBpm><Value>173</Value></HeartRateBpm><SensorState>Present</SensorState></Trackpoint><Trackpoint><Time>2025-12-01T09:06:48.000Z</Time><HeartRateBpm><Value>174</Value></HeartRateBpm><SensorState>Present</SensorState></Trackpoint><Trackpoint><Time>2025-12-01T09:06:49.000Z</Time><HeartRateBpm><Value>174</Value></HeartRateBpm><SensorState>Present</SensorState></Trackpoint><Trackpoint><Time>2025-12-01T09:06:50.000Z</Time><HeartRateBpm><Value>174</Value></HeartRateBpm><SensorState>Present</SensorState></Trackpoint><Trackpoint><Time>2025-12-01T09:06:51.000Z</Time><HeartRateBpm><Value>174</Value></HeartRateBpm><SensorState>Present</SensorState></Trackpoint><Trackpoint><Time>2025-12-01T09:06:52.000Z</Time><HeartRateBpm><Value>174</Value></HeartRateBpm><SensorState>Present</SensorState></Trackpoint><Trackpoint><Time>2025-12-01T09:06:53.000Z</Time><HeartRateBpm><Value>174</Value></HeartRateBpm><SensorState>Present</SensorState></Trackpoint><Trackpoint><Time>2025-12-01T09:06:54.000Z</Time><HeartRateBpm><Value>174</Value></HeartRateBpm><SensorState>Present</SensorState></Trackpoint><Trackpoint><Time>2025-12-01T09:06:55.000Z</Time><HeartRateBpm><Value>174</Value></HeartRateBpm><SensorState>Present</SensorState></Trackpoint><Trackpoint><Time>2025-12-01T09:06:56.000Z</Time><HeartRateBpm><Value>173</Value></HeartRateBpm><SensorState>Present</SensorState></Trackpoint><Trackpoint><Time>2025-12-01T09:06:57.000Z</Time><HeartRateBpm><Value>173</Value></HeartRateBpm><SensorState>Present</SensorState></Trackpoint><Trackpoint><Time>2025-12-01T09:06:58.000Z</Time><HeartRateBpm><Value>173</Value></HeartRateBpm><SensorState>Present</SensorState></Trackpoint><Trackpoint><Time>2025-12-01T09:06:59.000Z</Time><HeartRateBpm><Value>172</Value></HeartRateBpm><SensorState>Present</SensorState></Trackpoint><Trackpoint><Time>2025-12-01T09:07:00.000Z</Time><HeartRateBpm><Value>172</Value></HeartRateBpm><SensorState>Present</SensorState></Trackpoint><Trackpoint><Time>2025-12-01T09:07:01.000Z</Time><HeartRateBpm><Value>172</Value></HeartRateBpm><SensorState>Present</SensorState></Trackpoint><Trackpoint><Time>2025-12-01T09:07:02.000Z</Time><HeartRateBpm><Value>172</Value></HeartRateBpm><SensorState>Present</SensorState></Trackpoint><Trackpoint><Time>2025-12-01T09:07:03.000Z</Time><HeartRateBpm><Value>172</Value></HeartRateBpm><SensorState>Present</SensorState></Trackpoint><Trackpoint><Time>2025-12-01T09:07:04.000Z</Time><HeartRateBpm><Value>172</Value></HeartRateBpm><SensorState>Present</SensorState></Trackpoint><Trackpoint><Time>2025-12-01T09:07:05.000Z</Time><HeartRateBpm><Value>172</Value></HeartRateBpm><SensorState>Present</SensorState></Trackpoint><Trackpoint><Time>2025-12-01T09:07:06.000Z</Time><HeartRateBpm><Value>173</Value></HeartRateBpm><SensorState>Present</SensorState></Trackpoint><Trackpoint><Time>2025-12-01T09:07:07.000Z</Time><HeartRateBpm><Value>173</Value></HeartRateBpm><SensorState>Present</SensorState></Trackpoint><Trackpoint><Time>2025-12-01T09:07:08.000Z</Time><HeartRateBpm><Value>172</Value></HeartRateBpm><SensorState>Present</SensorState></Trackpoint><Trackpoint><Time>2025-12-01T09:07:09.000Z</Time><HeartRateBpm><Value>172</Value></HeartRateBpm><SensorState>Present</SensorState></Trackpoint><Trackpoint><Time>2025-12-01T09:07:10.000Z</Time><HeartRateBpm><Value>172</Value></HeartRateBpm><SensorState>Present</SensorState></Trackpoint><Trackpoint><Time>2025-12-01T09:07:11.000Z</Time><HeartRateBpm><Value>173</Value></HeartRateBpm><SensorState>Present</SensorState></Trackpoint><Trackpoint><Time>2025-12-01T09:07:12.000Z</Time><HeartRateBpm><Value>173</Value></HeartRateBpm><SensorState>Present</SensorState></Trackpoint><Trackpoint><Time>2025-12-01T09:07:13.000Z</Time><HeartRateBpm><Value>173</Value></HeartRateBpm><SensorState>Present</SensorState></Trackpoint><Trackpoint><Time>2025-12-01T09:07:14.000Z</Time><HeartRateBpm><Value>173</Value></HeartRateBpm><SensorState>Present</SensorState></Trackpoint><Trackpoint><Time>2025-12-01T09:07:15.000Z</Time><HeartRateBpm><Value>174</Value></HeartRateBpm><SensorState>Present</SensorState></Trackpoint><Trackpoint><Time>2025-12-01T09:07:16.000Z</Time><HeartRateBpm><Value>174</Value></HeartRateBpm><SensorState>Present</SensorState></Trackpoint><Trackpoint><Time>2025-12-01T09:07:17.000Z</Time><HeartRateBpm><Value>174</Value></HeartRateBpm><SensorState>Present</SensorState></Trackpoint><Trackpoint><Time>2025-12-01T09:07:18.000Z</Time><HeartRateBpm><Value>175</Value></HeartRateBpm><SensorState>Present</SensorState></Trackpoint><Trackpoint><Time>2025-12-01T09:07:19.000Z</Time><HeartRateBpm><Value>175</Value></HeartRateBpm><SensorState>Present</SensorState></Trackpoint><Trackpoint><Time>2025-12-01T09:07:20.000Z</Time><HeartRateBpm><Value>175</Value></HeartRateBpm><SensorState>Present</SensorState></Trackpoint><Trackpoint><Time>2025-12-01T09:07:21.000Z</Time><HeartRateBpm><Value>175</Value></HeartRateBpm><SensorState>Present</SensorState></Trackpoint><Trackpoint><Time>2025-12-01T09:07:22.000Z</Time><HeartRateBpm><Value>174</Value></HeartRateBpm><SensorState>Present</SensorState></Trackpoint><Trackpoint><Time>2025-12-01T09:07:23.000Z</Time><HeartRateBpm><Value>174</Value></HeartRateBpm><SensorState>Present</SensorState></Trackpoint><Trackpoint><Time>2025-12-01T09:07:24.000Z</Time><HeartRateBpm><Value>173</Value></HeartRateBpm><SensorState>Present</SensorState></Trackpoint><Trackpoint><Time>2025-12-01T09:07:25.000Z</Time><HeartRateBpm><Value>173</Value></HeartRateBpm><SensorState>Present</SensorState></Trackpoint><Trackpoint><Time>2025-12-01T09:07:26.000Z</Time><HeartRateBpm><Value>173</Value></HeartRateBpm><SensorState>Present</SensorState></Trackpoint><Trackpoint><Time>2025-12-01T09:07:27.000Z</Time><HeartRateBpm><Value>173</Value></HeartRateBpm><SensorState>Present</SensorState></Trackpoint><Trackpoint><Time>2025-12-01T09:07:28.000Z</Time><HeartRateBpm><Value>173</Value></HeartRateBpm><SensorState>Present</SensorState></Trackpoint><Trackpoint><Time>2025-12-01T09:07:29.000Z</Time><HeartRateBpm><Value>174</Value></HeartRateBpm><SensorState>Present</SensorState></Trackpoint><Trackpoint><Time>2025-12-01T09:07:30.000Z</Time><HeartRateBpm><Value>174</Value></HeartRateBpm><SensorState>Present</SensorState></Trackpoint><Trackpoint><Time>2025-12-01T09:07:31.000Z</Time><HeartRateBpm><Value>174</Value></HeartRateBpm><SensorState>Present</SensorState></Trackpoint><Trackpoint><Time>2025-12-01T09:07:32.000Z</Time><HeartRateBpm><Value>173</Value></HeartRateBpm><SensorState>Present</SensorState></Trackpoint><Trackpoint><Time>2025-12-01T09:07:33.000Z</Time><HeartRateBpm><Value>173</Value></HeartRateBpm><SensorState>Present</SensorState></Trackpoint><Trackpoint><Time>2025-12-01T09:07:34.000Z</Time><HeartRateBpm><Value>172</Value></HeartRateBpm><SensorState>Present</SensorState></Trackpoint><Trackpoint><Time>2025-12-01T09:07:35.000Z</Time><HeartRateBpm><Value>172</Value></HeartRateBpm><SensorState>Present</SensorState></Trackpoint><Trackpoint><Time>2025-12-01T09:07:36.000Z</Time><HeartRateBpm><Value>173</Value></HeartRateBpm><SensorState>Present</SensorState></Trackpoint><Trackpoint><Time>2025-12-01T09:07:37.000Z</Time><HeartRateBpm><Value>172</Value></HeartRateBpm><SensorState>Present</SensorState></Trackpoint><Trackpoint><Time>2025-12-01T09:07:38.000Z</Time><HeartRateBpm><Value>172</Value></HeartRateBpm><SensorState>Present</SensorState></Trackpoint><Trackpoint><Time>2025-12-01T09:07:39.000Z</Time><HeartRateBpm><Value>171</Value></HeartRateBpm><SensorState>Present</SensorState></Trackpoint><Trackpoint><Time>2025-12-01T09:07:40.000Z</Time><HeartRateBpm><Value>172</Value></HeartRateBpm><SensorState>Present</SensorState></Trackpoint><Trackpoint><Time>2025-12-01T09:07:41.000Z</Time><HeartRateBpm><Value>172</Value></HeartRateBpm><SensorState>Present</SensorState></Trackpoint><Trackpoint><Time>2025-12-01T09:07:42.000Z</Time><HeartRateBpm><Value>171</Value></HeartRateBpm><SensorState>Present</SensorState></Trackpoint><Trackpoint><Time>2025-12-01T09:07:43.000Z</Time><HeartRateBpm><Value>170</Value></HeartRateBpm><SensorState>Present</SensorState></Trackpoint><Trackpoint><Time>2025-12-01T09:07:44.000Z</Time><HeartRateBpm><Value>170</Value></HeartRateBpm><SensorState>Present</SensorState></Trackpoint><Trackpoint><Time>2025-12-01T09:07:45.000Z</Time><HeartRateBpm><Value>171</Value></HeartRateBpm><SensorState>Present</SensorState></Trackpoint><Trackpoint><Time>2025-12-01T09:07:46.000Z</Time><HeartRateBpm><Value>171</Value></HeartRateBpm><SensorState>Present</SensorState></Trackpoint><Trackpoint><Time>2025-12-01T09:07:47.000Z</Time><HeartRateBpm><Value>172</Value></HeartRateBpm><SensorState>Present</SensorState></Trackpoint><Trackpoint><Time>2025-12-01T09:07:48.000Z</Time><HeartRateBpm><Value>173</Value></HeartRateBpm><SensorState>Present</SensorState></Trackpoint><Trackpoint><Time>2025-12-01T09:07:49.000Z</Time><HeartRateBpm><Value>172</Value></HeartRateBpm><SensorState>Present</SensorState></Trackpoint><Trackpoint><Time>2025-12-01T09:07:50.000Z</Time><HeartRateBpm><Value>172</Value></HeartRateBpm><SensorState>Present</SensorState></Trackpoint><Trackpoint><Time>2025-12-01T09:07:51.000Z</Time><HeartRateBpm><Value>173</Value></HeartRateBpm><SensorState>Present</SensorState></Trackpoint><Trackpoint><Time>2025-12-01T09:07:52.000Z</Time><HeartRateBpm><Value>173</Value></HeartRateBpm><SensorState>Present</SensorState></Trackpoint><Trackpoint><Time>2025-12-01T09:07:53.000Z</Time><HeartRateBpm><Value>173</Value></HeartRateBpm><SensorState>Present</SensorState></Trackpoint><Trackpoint><Time>2025-12-01T09:07:54.000Z</Time><HeartRateBpm><Value>173</Value></HeartRateBpm><SensorState>Present</SensorState></Trackpoint><Trackpoint><Time>2025-12-01T09:07:55.000Z</Time><HeartRateBpm><Value>174</Value></HeartRateBpm><SensorState>Present</SensorState></Trackpoint><Trackpoint><Time>2025-12-01T09:07:56.000Z</Time><HeartRateBpm><Value>174</Value></HeartRateBpm><SensorState>Present</SensorState></Trackpoint><Trackpoint><Time>2025-12-01T09:07:57.000Z</Time><HeartRateBpm><Value>174</Value></HeartRateBpm><SensorState>Present</SensorState></Trackpoint><Trackpoint><Time>2025-12-01T09:07:58.000Z</Time><HeartRateBpm><Value>175</Value></HeartRateBpm><SensorState>Present</SensorState></Trackpoint><Trackpoint><Time>2025-12-01T09:07:59.000Z</Time><HeartRateBpm><Value>174</Value></HeartRateBpm><SensorState>Present</SensorState></Trackpoint><Trackpoint><Time>2025-12-01T09:08:00.000Z</Time><HeartRateBpm><Value>175</Value></HeartRateBpm><SensorState>Present</SensorState></Trackpoint><Trackpoint><Time>2025-12-01T09:08:01.000Z</Time><HeartRateBpm><Value>174</Value></HeartRateBpm><SensorState>Present</SensorState></Trackpoint><Trackpoint><Time>2025-12-01T09:08:02.000Z</Time><HeartRateBpm><Value>174</Value></HeartRateBpm><SensorState>Present</SensorState></Trackpoint><Trackpoint><Time>2025-12-01T09:08:03.000Z</Time><HeartRateBpm><Value>174</Value></HeartRateBpm><SensorState>Present</SensorState></Trackpoint><Trackpoint><Time>2025-12-01T09:08:04.000Z</Time><HeartRateBpm><Value>174</Value></HeartRateBpm><SensorState>Present</SensorState></Trackpoint><Trackpoint><Time>2025-12-01T09:08:05.000Z</Time><HeartRateBpm><Value>174</Value></HeartRateBpm><SensorState>Present</SensorState></Trackpoint><Trackpoint><Time>2025-12-01T09:08:06.000Z</Time><HeartRateBpm><Value>174</Value></HeartRateBpm><SensorState>Present</SensorState></Trackpoint><Trackpoint><Time>2025-12-01T09:08:07.000Z</Time><HeartRateBpm><Value>173</Value></HeartRateBpm><SensorState>Present</SensorState></Trackpoint><Trackpoint><Time>2025-12-01T09:08:08.000Z</Time><HeartRateBpm><Value>173</Value></HeartRateBpm><SensorState>Present</SensorState></Trackpoint><Trackpoint><Time>2025-12-01T09:08:09.000Z</Time><HeartRateBpm><Value>173</Value></HeartRateBpm><SensorState>Present</SensorState></Trackpoint><Trackpoint><Time>2025-12-01T09:08:10.000Z</Time><HeartRateBpm><Value>173</Value></HeartRateBpm><SensorState>Present</SensorState></Trackpoint><Trackpoint><Time>2025-12-01T09:08:11.000Z</Time><HeartRateBpm><Value>172</Value></HeartRateBpm><SensorState>Present</SensorState></Trackpoint><Trackpoint><Time>2025-12-01T09:08:12.000Z</Time><HeartRateBpm><Value>172</Value></HeartRateBpm><SensorState>Present</SensorState></Trackpoint><Trackpoint><Time>2025-12-01T09:08:13.000Z</Time><HeartRateBpm><Value>173</Value></HeartRateBpm><SensorState>Present</SensorState></Trackpoint><Trackpoint><Time>2025-12-01T09:08:14.000Z</Time><HeartRateBpm><Value>173</Value></HeartRateBpm><SensorState>Present</SensorState></Trackpoint><Trackpoint><Time>2025-12-01T09:08:15.000Z</Time><HeartRateBpm><Value>173</Value></HeartRateBpm><SensorState>Present</SensorState></Trackpoint><Trackpoint><Time>2025-12-01T09:08:16.000Z</Time><HeartRateBpm><Value>172</Value></HeartRateBpm><SensorState>Present</SensorState></Trackpoint><Trackpoint><Time>2025-12-01T09:08:17.000Z</Time><HeartRateBpm><Value>172</Value></HeartRateBpm><SensorState>Present</SensorState></Trackpoint><Trackpoint><Time>2025-12-01T09:08:18.000Z</Time><HeartRateBpm><Value>172</Value></HeartRateBpm><SensorState>Present</SensorState></Trackpoint><Trackpoint><Time>2025-12-01T09:08:19.000Z</Time><HeartRateBpm><Value>173</Value></HeartRateBpm><SensorState>Present</SensorState></Trackpoint><Trackpoint><Time>2025-12-01T09:08:20.000Z</Time><HeartRateBpm><Value>173</Value></HeartRateBpm><SensorState>Present</SensorState></Trackpoint><Trackpoint><Time>2025-12-01T09:08:21.000Z</Time><HeartRateBpm><Value>173</Value></HeartRateBpm><SensorState>Present</SensorState></Trackpoint><Trackpoint><Time>2025-12-01T09:08:22.000Z</Time><HeartRateBpm><Value>173</Value></HeartRateBpm><SensorState>Present</SensorState></Trackpoint><Trackpoint><Time>2025-12-01T09:08:23.000Z</Time><HeartRateBpm><Value>174</Value></HeartRateBpm><SensorState>Present</SensorState></Trackpoint><Trackpoint><Time>2025-12-01T09:08:24.000Z</Time><HeartRateBpm><Value>174</Value></HeartRateBpm><SensorState>Present</SensorState></Trackpoint><Trackpoint><Time>2025-12-01T09:08:25.000Z</Time><HeartRateBpm><Value>174</Value></HeartRateBpm><SensorState>Present</SensorState></Trackpoint><Trackpoint><Time>2025-12-01T09:08:26.000Z</Time><HeartRateBpm><Value>174</Value></HeartRateBpm><SensorState>Present</SensorState></Trackpoint><Trackpoint><Time>2025-12-01T09:08:27.000Z</Time><HeartRateBpm><Value>175</Value></HeartRateBpm><SensorState>Present</SensorState></Trackpoint><Trackpoint><Time>2025-12-01T09:08:28.000Z</Time><HeartRateBpm><Value>174</Value></HeartRateBpm><SensorState>Present</SensorState></Trackpoint><Trackpoint><Time>2025-12-01T09:08:29.000Z</Time><HeartRateBpm><Value>174</Value></HeartRateBpm><SensorState>Present</SensorState></Trackpoint><Trackpoint><Time>2025-12-01T09:08:30.000Z</Time><HeartRateBpm><Value>174</Value></HeartRateBpm><SensorState>Present</SensorState></Trackpoint><Trackpoint><Time>2025-12-01T09:08:31.000Z</Time><HeartRateBpm><Value>174</Value></HeartRateBpm><SensorState>Present</SensorState></Trackpoint><Trackpoint><Time>2025-12-01T09:08:32.000Z</Time><HeartRateBpm><Value>174</Value></HeartRateBpm><SensorState>Present</SensorState></Trackpoint><Trackpoint><Time>2025-12-01T09:08:33.000Z</Time><HeartRateBpm><Value>174</Value></HeartRateBpm><SensorState>Present</SensorState></Trackpoint><Trackpoint><Time>2025-12-01T09:08:34.000Z</Time><HeartRateBpm><Value>174</Value></HeartRateBpm><SensorState>Present</SensorState></Trackpoint><Trackpoint><Time>2025-12-01T09:08:35.000Z</Time><HeartRateBpm><Value>174</Value></HeartRateBpm><SensorState>Present</SensorState></Trackpoint><Trackpoint><Time>2025-12-01T09:08:36.000Z</Time><HeartRateBpm><Value>173</Value></HeartRateBpm><SensorState>Present</SensorState></Trackpoint><Trackpoint><Time>2025-12-01T09:08:37.000Z</Time><HeartRateBpm><Value>173</Value></HeartRateBpm><SensorState>Present</SensorState></Trackpoint><Trackpoint><Time>2025-12-01T09:08:38.000Z</Time><HeartRateBpm><Value>174</Value></HeartRateBpm><SensorState>Present</SensorState></Trackpoint><Trackpoint><Time>2025-12-01T09:08:39.000Z</Time><HeartRateBpm><Value>174</Value></HeartRateBpm><SensorState>Present</SensorState></Trackpoint><Trackpoint><Time>2025-12-01T09:08:40.000Z</Time><HeartRateBpm><Value>173</Value></HeartRateBpm><SensorState>Present</SensorState></Trackpoint><Trackpoint><Time>2025-12-01T09:08:41.000Z</Time><HeartRateBpm><Value>173</Value></HeartRateBpm><SensorState>Present</SensorState></Trackpoint><Trackpoint><Time>2025-12-01T09:08:42.000Z</Time><HeartRateBpm><Value>173</Value></HeartRateBpm><SensorState>Present</SensorState></Trackpoint><Trackpoint><Time>2025-12-01T09:08:43.000Z</Time><HeartRateBpm><Value>172</Value></HeartRateBpm><SensorState>Present</SensorState></Trackpoint><Trackpoint><Time>2025-12-01T09:08:44.000Z</Time><HeartRateBpm><Value>172</Value></HeartRateBpm><SensorState>Present</SensorState></Trackpoint><Trackpoint><Time>2025-12-01T09:08:45.000Z</Time><HeartRateBpm><Value>172</Value></HeartRateBpm><SensorState>Present</SensorState></Trackpoint><Trackpoint><Time>2025-12-01T09:08:46.000Z</Time><HeartRateBpm><Value>171</Value></HeartRateBpm><SensorState>Present</SensorState></Trackpoint><Trackpoint><Time>2025-12-01T09:08:47.000Z</Time><HeartRateBpm><Value>172</Value></HeartRateBpm><SensorState>Present</SensorState></Trackpoint><Trackpoint><Time>2025-12-01T09:08:48.000Z</Time><HeartRateBpm><Value>172</Value></HeartRateBpm><SensorState>Present</SensorState></Trackpoint><Trackpoint><Time>2025-12-01T09:08:49.000Z</Time><HeartRateBpm><Value>172</Value></HeartRateBpm><SensorState>Present</SensorState></Trackpoint><Trackpoint><Time>2025-12-01T09:08:50.000Z</Time><HeartRateBpm><Value>172</Value></HeartRateBpm><SensorState>Present</SensorState></Trackpoint><Trackpoint><Time>2025-12-01T09:08:51.000Z</Time><HeartRateBpm><Value>172</Value></HeartRateBpm><SensorState>Present</SensorState></Trackpoint><Trackpoint><Time>2025-12-01T09:08:52.000Z</Time><HeartRateBpm><Value>173</Value></HeartRateBpm><SensorState>Present</SensorState></Trackpoint><Trackpoint><Time>2025-12-01T09:08:53.000Z</Time><HeartRateBpm><Value>173</Value></HeartRateBpm><SensorState>Present</SensorState></Trackpoint><Trackpoint><Time>2025-12-01T09:08:54.000Z</Time><HeartRateBpm><Value>173</Value></HeartRateBpm><SensorState>Present</SensorState></Trackpoint><Trackpoint><Time>2025-12-01T09:08:55.000Z</Time><HeartRateBpm><Value>173</Value></HeartRateBpm><SensorState>Present</SensorState></Trackpoint><Trackpoint><Time>2025-12-01T09:08:56.000Z</Time><HeartRateBpm><Value>174</Value></HeartRateBpm><SensorState>Present</SensorState></Trackpoint><Trackpoint><Time>2025-12-01T09:08:57.000Z</Time><HeartRateBpm><Value>174</Value></HeartRateBpm><SensorState>Present</SensorState></Trackpoint><Trackpoint><Time>2025-12-01T09:08:58.000Z</Time><HeartRateBpm><Value>174</Value></HeartRateBpm><SensorState>Present</SensorState></Trackpoint><Trackpoint><Time>2025-12-01T09:08:59.000Z</Time><HeartRateBpm><Value>175</Value></HeartRateBpm><SensorState>Present</SensorState></Trackpoint><Trackpoint><Time>2025-12-01T09:09:00.000Z</Time><HeartRateBpm><Value>175</Value></HeartRateBpm><SensorState>Present</SensorState></Trackpoint><Trackpoint><Time>2025-12-01T09:09:01.000Z</Time><HeartRateBpm><Value>175</Value></HeartRateBpm><SensorState>Present</SensorState></Trackpoint><Trackpoint><Time>2025-12-01T09:09:02.000Z</Time><HeartRateBpm><Value>175</Value></HeartRateBpm><SensorState>Present</SensorState></Trackpoint><Trackpoint><Time>2025-12-01T09:09:03.000Z</Time><HeartRateBpm><Value>176</Value></HeartRateBpm><SensorState>Present</SensorState></Trackpoint><Trackpoint><Time>2025-12-01T09:09:04.000Z</Time><HeartRateBpm><Value>176</Value></HeartRateBpm><SensorState>Present</SensorState></Trackpoint><Trackpoint><Time>2025-12-01T09:09:05.000Z</Time><HeartRateBpm><Value>176</Value></HeartRateBpm><SensorState>Present</SensorState></Trackpoint><Trackpoint><Time>2025-12-01T09:09:06.000Z</Time><HeartRateBpm><Value>176</Value></HeartRateBpm><SensorState>Present</SensorState></Trackpoint><Trackpoint><Time>2025-12-01T09:09:07.000Z</Time><HeartRateBpm><Value>176</Value></HeartRateBpm><SensorState>Present</SensorState></Trackpoint><Trackpoint><Time>2025-12-01T09:09:08.000Z</Time><HeartRateBpm><Value>176</Value></HeartRateBpm><SensorState>Present</SensorState></Trackpoint><Trackpoint><Time>2025-12-01T09:09:09.000Z</Time><HeartRateBpm><Value>176</Value></HeartRateBpm><SensorState>Present</SensorState></Trackpoint><Trackpoint><Time>2025-12-01T09:09:10.000Z</Time><HeartRateBpm><Value>175</Value></HeartRateBpm><SensorState>Present</SensorState></Trackpoint><Trackpoint><Time>2025-12-01T09:09:11.000Z</Time><HeartRateBpm><Value>174</Value></HeartRateBpm><SensorState>Present</SensorState></Trackpoint><Trackpoint><Time>2025-12-01T09:09:12.000Z</Time><HeartRateBpm><Value>174</Value></HeartRateBpm><SensorState>Present</SensorState></Trackpoint><Trackpoint><Time>2025-12-01T09:09:13.000Z</Time><HeartRateBpm><Value>173</Value></HeartRateBpm><SensorState>Present</SensorState></Trackpoint><Trackpoint><Time>2025-12-01T09:09:14.000Z</Time><HeartRateBpm><Value>173</Value></HeartRateBpm><SensorState>Present</SensorState></Trackpoint><Trackpoint><Time>2025-12-01T09:09:15.000Z</Time><HeartRateBpm><Value>173</Value></HeartRateBpm><SensorState>Present</SensorState></Trackpoint><Trackpoint><Time>2025-12-01T09:09:16.000Z</Time><HeartRateBpm><Value>173</Value></HeartRateBpm><SensorState>Present</SensorState></Trackpoint><Trackpoint><Time>2025-12-01T09:09:17.000Z</Time><HeartRateBpm><Value>172</Value></HeartRateBpm><SensorState>Present</SensorState></Trackpoint><Trackpoint><Time>2025-12-01T09:09:18.000Z</Time><HeartRateBpm><Value>172</Value></HeartRateBpm><SensorState>Present</SensorState></Trackpoint><Trackpoint><Time>2025-12-01T09:09:19.000Z</Time><HeartRateBpm><Value>172</Value></HeartRateBpm><SensorState>Present</SensorState></Trackpoint><Trackpoint><Time>2025-12-01T09:09:20.000Z</Time><HeartRateBpm><Value>172</Value></HeartRateBpm><SensorState>Present</SensorState></Trackpoint><Trackpoint><Time>2025-12-01T09:09:21.000Z</Time><HeartRateBpm><Value>172</Value></HeartRateBpm><SensorState>Present</SensorState></Trackpoint><Trackpoint><Time>2025-12-01T09:09:22.000Z</Time><HeartRateBpm><Value>172</Value></HeartRateBpm><SensorState>Present</SensorState></Trackpoint><Trackpoint><Time>2025-12-01T09:09:23.000Z</Time><HeartRateBpm><Value>173</Value></HeartRateBpm><SensorState>Present</SensorState></Trackpoint><Trackpoint><Time>2025-12-01T09:09:24.000Z</Time><HeartRateBpm><Value>173</Value></HeartRateBpm><SensorState>Present</SensorState></Trackpoint><Trackpoint><Time>2025-12-01T09:09:25.000Z</Time><HeartRateBpm><Value>173</Value></HeartRateBpm><SensorState>Present</SensorState></Trackpoint><Trackpoint><Time>2025-12-01T09:09:26.000Z</Time><HeartRateBpm><Value>173</Value></HeartRateBpm><SensorState>Present</SensorState></Trackpoint><Trackpoint><Time>2025-12-01T09:09:27.000Z</Time><HeartRateBpm><Value>173</Value></HeartRateBpm><SensorState>Present</SensorState></Trackpoint><Trackpoint><Time>2025-12-01T09:09:28.000Z</Time><HeartRateBpm><Value>173</Value></HeartRateBpm><SensorState>Present</SensorState></Trackpoint><Trackpoint><Time>2025-12-01T09:09:29.000Z</Time><HeartRateBpm><Value>174</Value></HeartRateBpm><SensorState>Present</SensorState></Trackpoint><Trackpoint><Time>2025-12-01T09:09:30.000Z</Time><HeartRateBpm><Value>174</Value></HeartRateBpm><SensorState>Present</SensorState></Trackpoint><Trackpoint><Time>2025-12-01T09:09:31.000Z</Time><HeartRateBpm><Value>175</Value></HeartRateBpm><SensorState>Present</SensorState></Trackpoint><Trackpoint><Time>2025-12-01T09:09:32.000Z</Time><HeartRateBpm><Value>175</Value></HeartRateBpm><SensorState>Present</SensorState></Trackpoint><Trackpoint><Time>2025-12-01T09:09:33.000Z</Time><HeartRateBpm><Value>175</Value></HeartRateBpm><SensorState>Present</SensorState></Trackpoint><Trackpoint><Time>2025-12-01T09:09:34.000Z</Time><HeartRateBpm><Value>175</Value></HeartRateBpm><SensorState>Present</SensorState></Trackpoint><Trackpoint><Time>2025-12-01T09:09:35.000Z</Time><HeartRateBpm><Value>175</Value></HeartRateBpm><SensorState>Present</SensorState></Trackpoint><Trackpoint><Time>2025-12-01T09:09:36.000Z</Time><HeartRateBpm><Value>176</Value></HeartRateBpm><SensorState>Present</SensorState></Trackpoint><Trackpoint><Time>2025-12-01T09:09:37.000Z</Time><HeartRateBpm><Value>175</Value></HeartRateBpm><SensorState>Present</SensorState></Trackpoint><Trackpoint><Time>2025-12-01T09:09:38.000Z</Time><HeartRateBpm><Value>174</Value></HeartRateBpm><SensorState>Present</SensorState></Trackpoint><Trackpoint><Time>2025-12-01T09:09:39.000Z</Time><HeartRateBpm><Value>174</Value></HeartRateBpm><SensorState>Present</SensorState></Trackpoint><Trackpoint><Time>2025-12-01T09:09:40.000Z</Time><HeartRateBpm><Value>174</Value></HeartRateBpm><SensorState>Present</SensorState></Trackpoint><Trackpoint><Time>2025-12-01T09:09:41.000Z</Time><HeartRateBpm><Value>174</Value></HeartRateBpm><SensorState>Present</SensorState></Trackpoint><Trackpoint><Time>2025-12-01T09:09:42.000Z</Time><HeartRateBpm><Value>173</Value></HeartRateBpm><SensorState>Present</SensorState></Trackpoint><Trackpoint><Time>2025-12-01T09:09:43.000Z</Time><HeartRateBpm><Value>173</Value></HeartRateBpm><SensorState>Present</SensorState></Trackpoint><Trackpoint><Time>2025-12-01T09:09:44.000Z</Time><HeartRateBpm><Value>173</Value></HeartRateBpm><SensorState>Present</SensorState></Trackpoint><Trackpoint><Time>2025-12-01T09:09:45.000Z</Time><HeartRateBpm><Value>173</Value></HeartRateBpm><SensorState>Present</SensorState></Trackpoint><Trackpoint><Time>2025-12-01T09:09:46.000Z</Time><HeartRateBpm><Value>173</Value></HeartRateBpm><SensorState>Present</SensorState></Trackpoint><Trackpoint><Time>2025-12-01T09:09:47.000Z</Time><HeartRateBpm><Value>173</Value></HeartRateBpm><SensorState>Present</SensorState></Trackpoint><Trackpoint><Time>2025-12-01T09:09:48.000Z</Time><HeartRateBpm><Value>173</Value></HeartRateBpm><SensorState>Present</SensorState></Trackpoint><Trackpoint><Time>2025-12-01T09:09:49.000Z</Time><HeartRateBpm><Value>173</Value></HeartRateBpm><SensorState>Present</SensorState></Trackpoint><Trackpoint><Time>2025-12-01T09:09:50.000Z</Time><HeartRateBpm><Value>174</Value></HeartRateBpm><SensorState>Present</SensorState></Trackpoint><Trackpoint><Time>2025-12-01T09:09:51.000Z</Time><HeartRateBpm><Value>174</Value></HeartRateBpm><SensorState>Present</SensorState></Trackpoint><Trackpoint><Time>2025-12-01T09:09:52.000Z</Time><HeartRateBpm><Value>173</Value></HeartRateBpm><SensorState>Present</SensorState></Trackpoint><Trackpoint><Time>2025-12-01T09:09:53.000Z</Time><HeartRateBpm><Value>173</Value></HeartRateBpm><SensorState>Present</SensorState></Trackpoint><Trackpoint><Time>2025-12-01T09:09:54.000Z</Time><HeartRateBpm><Value>173</Value></HeartRateBpm><SensorState>Present</SensorState></Trackpoint><Trackpoint><Time>2025-12-01T09:09:55.000Z</Time><HeartRateBpm><Value>173</Value></HeartRateBpm><SensorState>Present</SensorState></Trackpoint><Trackpoint><Time>2025-12-01T09:09:56.000Z</Time><HeartRateBpm><Value>173</Value></HeartRateBpm><SensorState>Present</SensorState></Trackpoint><Trackpoint><Time>2025-12-01T09:09:57.000Z</Time><HeartRateBpm><Value>174</Value></HeartRateBpm><SensorState>Present</SensorState></Trackpoint><Trackpoint><Time>2025-12-01T09:09:58.000Z</Time><HeartRateBpm><Value>174</Value></HeartRateBpm><SensorState>Present</SensorState></Trackpoint><Trackpoint><Time>2025-12-01T09:09:59.000Z</Time><HeartRateBpm><Value>174</Value></HeartRateBpm><SensorState>Present</SensorState></Trackpoint><Trackpoint><Time>2025-12-01T09:10:00.000Z</Time><HeartRateBpm><Value>174</Value></HeartRateBpm><SensorState>Present</SensorState></Trackpoint><Trackpoint><Time>2025-12-01T09:10:01.000Z</Time><HeartRateBpm><Value>174</Value></HeartRateBpm><SensorState>Present</SensorState></Trackpoint><Trackpoint><Time>2025-12-01T09:10:02.000Z</Time><HeartRateBpm><Value>175</Value></HeartRateBpm><SensorState>Present</SensorState></Trackpoint><Trackpoint><Time>2025-12-01T09:10:03.000Z</Time><HeartRateBpm><Value>174</Value></HeartRateBpm><SensorState>Present</SensorState></Trackpoint><Trackpoint><Time>2025-12-01T09:10:04.000Z</Time><HeartRateBpm><Value>175</Value></HeartRateBpm><SensorState>Present</SensorState></Trackpoint><Trackpoint><Time>2025-12-01T09:10:05.000Z</Time><HeartRateBpm><Value>176</Value></HeartRateBpm><SensorState>Present</SensorState></Trackpoint><Trackpoint><Time>2025-12-01T09:10:06.000Z</Time><HeartRateBpm><Value>176</Value></HeartRateBpm><SensorState>Present</SensorState></Trackpoint><Trackpoint><Time>2025-12-01T09:10:07.000Z</Time><HeartRateBpm><Value>175</Value></HeartRateBpm><SensorState>Present</SensorState></Trackpoint><Trackpoint><Time>2025-12-01T09:10:08.000Z</Time><HeartRateBpm><Value>176</Value></HeartRateBpm><SensorState>Present</SensorState></Trackpoint><Trackpoint><Time>2025-12-01T09:10:09.000Z</Time><HeartRateBpm><Value>176</Value></HeartRateBpm><SensorState>Present</SensorState></Trackpoint><Trackpoint><Time>2025-12-01T09:10:10.000Z</Time><HeartRateBpm><Value>175</Value></HeartRateBpm><SensorState>Present</SensorState></Trackpoint><Trackpoint><Time>2025-12-01T09:10:11.000Z</Time><HeartRateBpm><Value>176</Value></HeartRateBpm><SensorState>Present</SensorState></Trackpoint><Trackpoint><Time>2025-12-01T09:10:12.000Z</Time><HeartRateBpm><Value>176</Value></HeartRateBpm><SensorState>Present</SensorState></Trackpoint><Trackpoint><Time>2025-12-01T09:10:13.000Z</Time><HeartRateBpm><Value>176</Value></HeartRateBpm><SensorState>Present</SensorState></Trackpoint><Trackpoint><Time>2025-12-01T09:10:14.000Z</Time><HeartRateBpm><Value>176</Value></HeartRateBpm><SensorState>Present</SensorState></Trackpoint><Trackpoint><Time>2025-12-01T09:10:15.000Z</Time><HeartRateBpm><Value>177</Value></HeartRateBpm><SensorState>Present</SensorState></Trackpoint><Trackpoint><Time>2025-12-01T09:10:16.000Z</Time><HeartRateBpm><Value>177</Value></HeartRateBpm><SensorState>Present</SensorState></Trackpoint><Trackpoint><Time>2025-12-01T09:10:17.000Z</Time><HeartRateBpm><Value>176</Value></HeartRateBpm><SensorState>Present</SensorState></Trackpoint><Trackpoint><Time>2025-12-01T09:10:18.000Z</Time><HeartRateBpm><Value>177</Value></HeartRateBpm><SensorState>Present</SensorState></Trackpoint><Trackpoint><Time>2025-12-01T09:10:19.000Z</Time><HeartRateBpm><Value>176</Value></HeartRateBpm><SensorState>Present</SensorState></Trackpoint><Trackpoint><Time>2025-12-01T09:10:20.000Z</Time><HeartRateBpm><Value>176</Value></HeartRateBpm><SensorState>Present</SensorState></Trackpoint><Trackpoint><Time>2025-12-01T09:10:21.000Z</Time><HeartRateBpm><Value>175</Value></HeartRateBpm><SensorState>Present</SensorState></Trackpoint><Trackpoint><Time>2025-12-01T09:10:22.000Z</Time><HeartRateBpm><Value>175</Value></HeartRateBpm><SensorState>Present</SensorState></Trackpoint><Trackpoint><Time>2025-12-01T09:10:23.000Z</Time><HeartRateBpm><Value>174</Value></HeartRateBpm><SensorState>Present</SensorState></Trackpoint><Trackpoint><Time>2025-12-01T09:10:24.000Z</Time><HeartRateBpm><Value>174</Value></HeartRateBpm><SensorState>Present</SensorState></Trackpoint><Trackpoint><Time>2025-12-01T09:10:25.000Z</Time><HeartRateBpm><Value>174</Value></HeartRateBpm><SensorState>Present</SensorState></Trackpoint><Trackpoint><Time>2025-12-01T09:10:26.000Z</Time><HeartRateBpm><Value>174</Value></HeartRateBpm><SensorState>Present</SensorState></Trackpoint><Trackpoint><Time>2025-12-01T09:10:27.000Z</Time><HeartRateBpm><Value>174</Value></HeartRateBpm><SensorState>Present</SensorState></Trackpoint><Trackpoint><Time>2025-12-01T09:10:28.000Z</Time><HeartRateBpm><Value>173</Value></HeartRateBpm><SensorState>Present</SensorState></Trackpoint><Trackpoint><Time>2025-12-01T09:10:29.000Z</Time><HeartRateBpm><Value>172</Value></HeartRateBpm><SensorState>Present</SensorState></Trackpoint><Trackpoint><Time>2025-12-01T09:10:30.000Z</Time><HeartRateBpm><Value>171</Value></HeartRateBpm><SensorState>Present</SensorState></Trackpoint><Trackpoint><Time>2025-12-01T09:10:31.000Z</Time><HeartRateBpm><Value>172</Value></HeartRateBpm><SensorState>Present</SensorState></Trackpoint><Trackpoint><Time>2025-12-01T09:10:32.000Z</Time><HeartRateBpm><Value>172</Value></HeartRateBpm><SensorState>Present</SensorState></Trackpoint><Trackpoint><Time>2025-12-01T09:10:33.000Z</Time><HeartRateBpm><Value>172</Value></HeartRateBpm><SensorState>Present</SensorState></Trackpoint><Trackpoint><Time>2025-12-01T09:10:34.000Z</Time><HeartRateBpm><Value>173</Value></HeartRateBpm><SensorState>Present</SensorState></Trackpoint><Trackpoint><Time>2025-12-01T09:10:35.000Z</Time><HeartRateBpm><Value>173</Value></HeartRateBpm><SensorState>Present</SensorState></Trackpoint><Trackpoint><Time>2025-12-01T09:10:36.000Z</Time><HeartRateBpm><Value>173</Value></HeartRateBpm><SensorState>Present</SensorState></Trackpoint><Trackpoint><Time>2025-12-01T09:10:37.000Z</Time><HeartRateBpm><Value>173</Value></HeartRateBpm><SensorState>Present</SensorState></Trackpoint><Trackpoint><Time>2025-12-01T09:10:38.000Z</Time><HeartRateBpm><Value>173</Value></HeartRateBpm><SensorState>Present</SensorState></Trackpoint><Trackpoint><Time>2025-12-01T09:10:39.000Z</Time><HeartRateBpm><Value>173</Value></HeartRateBpm><SensorState>Present</SensorState></Trackpoint><Trackpoint><Time>2025-12-01T09:10:40.000Z</Time><HeartRateBpm><Value>173</Value></HeartRateBpm><SensorState>Present</SensorState></Trackpoint><Trackpoint><Time>2025-12-01T09:10:41.000Z</Time><HeartRateBpm><Value>174</Value></HeartRateBpm><SensorState>Present</SensorState></Trackpoint><Trackpoint><Time>2025-12-01T09:10:42.000Z</Time><HeartRateBpm><Value>174</Value></HeartRateBpm><SensorState>Present</SensorState></Trackpoint><Trackpoint><Time>2025-12-01T09:10:43.000Z</Time><HeartRateBpm><Value>175</Value></HeartRateBpm><SensorState>Present</SensorState></Trackpoint><Trackpoint><Time>2025-12-01T09:10:44.000Z</Time><HeartRateBpm><Value>175</Value></HeartRateBpm><SensorState>Present</SensorState></Trackpoint><Trackpoint><Time>2025-12-01T09:10:45.000Z</Time><HeartRateBpm><Value>175</Value></HeartRateBpm><SensorState>Present</SensorState></Trackpoint><Trackpoint><Time>2025-12-01T09:10:46.000Z</Time><HeartRateBpm><Value>175</Value></HeartRateBpm><SensorState>Present</SensorState></Trackpoint><Trackpoint><Time>2025-12-01T09:10:47.000Z</Time><HeartRateBpm><Value>175</Value></HeartRateBpm><SensorState>Present</SensorState></Trackpoint><Trackpoint><Time>2025-12-01T09:10:48.000Z</Time><HeartRateBpm><Value>175</Value></HeartRateBpm><SensorState>Present</SensorState></Trackpoint><Trackpoint><Time>2025-12-01T09:10:49.000Z</Time><HeartRateBpm><Value>174</Value></HeartRateBpm><SensorState>Present</SensorState></Trackpoint><Trackpoint><Time>2025-12-01T09:10:50.000Z</Time><HeartRateBpm><Value>174</Value></HeartRateBpm><SensorState>Present</SensorState></Trackpoint><Trackpoint><Time>2025-12-01T09:10:51.000Z</Time><HeartRateBpm><Value>174</Value></HeartRateBpm><SensorState>Present</SensorState></Trackpoint><Trackpoint><Time>2025-12-01T09:10:52.000Z</Time><HeartRateBpm><Value>174</Value></HeartRateBpm><SensorState>Present</SensorState></Trackpoint><Trackpoint><Time>2025-12-01T09:10:53.000Z</Time><HeartRateBpm><Value>174</Value></HeartRateBpm><SensorState>Present</SensorState></Trackpoint><Trackpoint><Time>2025-12-01T09:10:54.000Z</Time><HeartRateBpm><Value>174</Value></HeartRateBpm><SensorState>Present</SensorState></Trackpoint><Trackpoint><Time>2025-12-01T09:10:55.000Z</Time><HeartRateBpm><Value>173</Value></HeartRateBpm><SensorState>Present</SensorState></Trackpoint><Trackpoint><Time>2025-12-01T09:10:56.000Z</Time><HeartRateBpm><Value>173</Value></HeartRateBpm><SensorState>Present</SensorState></Trackpoint><Trackpoint><Time>2025-12-01T09:10:57.000Z</Time><HeartRateBpm><Value>173</Value></HeartRateBpm><SensorState>Present</SensorState></Trackpoint><Trackpoint><Time>2025-12-01T09:10:58.000Z</Time><HeartRateBpm><Value>173</Value></HeartRateBpm><SensorState>Present</SensorState></Trackpoint><Trackpoint><Time>2025-12-01T09:10:59.000Z</Time><HeartRateBpm><Value>173</Value></HeartRateBpm><SensorState>Present</SensorState></Trackpoint><Trackpoint><Time>2025-12-01T09:11:00.000Z</Time><HeartRateBpm><Value>173</Value></HeartRateBpm><SensorState>Present</SensorState></Trackpoint><Trackpoint><Time>2025-12-01T09:11:01.000Z</Time><HeartRateBpm><Value>173</Value></HeartRateBpm><SensorState>Present</SensorState></Trackpoint><Trackpoint><Time>2025-12-01T09:11:02.000Z</Time><HeartRateBpm><Value>173</Value></HeartRateBpm><SensorState>Present</SensorState></Trackpoint><Trackpoint><Time>2025-12-01T09:11:03.000Z</Time><HeartRateBpm><Value>173</Value></HeartRateBpm><SensorState>Present</SensorState></Trackpoint><Trackpoint><Time>2025-12-01T09:11:04.000Z</Time><HeartRateBpm><Value>174</Value></HeartRateBpm><SensorState>Present</SensorState></Trackpoint><Trackpoint><Time>2025-12-01T09:11:05.000Z</Time><HeartRateBpm><Value>173</Value></HeartRateBpm><SensorState>Present</SensorState></Trackpoint><Trackpoint><Time>2025-12-01T09:11:06.000Z</Time><HeartRateBpm><Value>172</Value></HeartRateBpm><SensorState>Present</SensorState></Trackpoint><Trackpoint><Time>2025-12-01T09:11:07.000Z</Time><HeartRateBpm><Value>172</Value></HeartRateBpm><SensorState>Present</SensorState></Trackpoint><Trackpoint><Time>2025-12-01T09:11:08.000Z</Time><HeartRateBpm><Value>171</Value></HeartRateBpm><SensorState>Present</SensorState></Trackpoint><Trackpoint><Time>2025-12-01T09:11:09.000Z</Time><HeartRateBpm><Value>171</Value></HeartRateBpm><SensorState>Present</SensorState></Trackpoint><Trackpoint><Time>2025-12-01T09:11:10.000Z</Time><HeartRateBpm><Value>171</Value></HeartRateBpm><SensorState>Present</SensorState></Trackpoint><Trackpoint><Time>2025-12-01T09:11:11.000Z</Time><HeartRateBpm><Value>170</Value></HeartRateBpm><SensorState>Present</SensorState></Trackpoint><Trackpoint><Time>2025-12-01T09:11:12.000Z</Time><HeartRateBpm><Value>170</Value></HeartRateBpm><SensorState>Present</SensorState></Trackpoint><Trackpoint><Time>2025-12-01T09:11:13.000Z</Time><HeartRateBpm><Value>171</Value></HeartRateBpm><SensorState>Present</SensorState></Trackpoint><Trackpoint><Time>2025-12-01T09:11:14.000Z</Time><HeartRateBpm><Value>171</Value></HeartRateBpm><SensorState>Present</SensorState></Trackpoint><Trackpoint><Time>2025-12-01T09:11:15.000Z</Time><HeartRateBpm><Value>171</Value></HeartRateBpm><SensorState>Present</SensorState></Trackpoint><Trackpoint><Time>2025-12-01T09:11:16.000Z</Time><HeartRateBpm><Value>172</Value></HeartRateBpm><SensorState>Present</SensorState></Trackpoint><Trackpoint><Time>2025-12-01T09:11:17.000Z</Time><HeartRateBpm><Value>172</Value></HeartRateBpm><SensorState>Present</SensorState></Trackpoint><Trackpoint><Time>2025-12-01T09:11:18.000Z</Time><HeartRateBpm><Value>172</Value></HeartRateBpm><SensorState>Present</SensorState></Trackpoint><Trackpoint><Time>2025-12-01T09:11:19.000Z</Time><HeartRateBpm><Value>173</Value></HeartRateBpm><SensorState>Present</SensorState></Trackpoint><Trackpoint><Time>2025-12-01T09:11:20.000Z</Time><HeartRateBpm><Value>173</Value></HeartRateBpm><SensorState>Present</SensorState></Trackpoint><Trackpoint><Time>2025-12-01T09:11:21.000Z</Time><HeartRateBpm><Value>173</Value></HeartRateBpm><SensorState>Present</SensorState></Trackpoint><Trackpoint><Time>2025-12-01T09:11:22.000Z</Time><HeartRateBpm><Value>173</Value></HeartRateBpm><SensorState>Present</SensorState></Trackpoint><Trackpoint><Time>2025-12-01T09:11:23.000Z</Time><HeartRateBpm><Value>174</Value></HeartRateBpm><SensorState>Present</SensorState></Trackpoint><Trackpoint><Time>2025-12-01T09:11:24.000Z</Time><HeartRateBpm><Value>174</Value></HeartRateBpm><SensorState>Present</SensorState></Trackpoint><Trackpoint><Time>2025-12-01T09:11:25.000Z</Time><HeartRateBpm><Value>174</Value></HeartRateBpm><SensorState>Present</SensorState></Trackpoint><Trackpoint><Time>2025-12-01T09:11:26.000Z</Time><HeartRateBpm><Value>174</Value></HeartRateBpm><SensorState>Present</SensorState></Trackpoint><Trackpoint><Time>2025-12-01T09:11:27.000Z</Time><HeartRateBpm><Value>175</Value></HeartRateBpm><SensorState>Present</SensorState></Trackpoint><Trackpoint><Time>2025-12-01T09:11:28.000Z</Time><HeartRateBpm><Value>175</Value></HeartRateBpm><SensorState>Present</SensorState></Trackpoint><Trackpoint><Time>2025-12-01T09:11:29.000Z</Time><HeartRateBpm><Value>175</Value></HeartRateBpm><SensorState>Present</SensorState></Trackpoint><Trackpoint><Time>2025-12-01T09:11:30.000Z</Time><HeartRateBpm><Value>175</Value></HeartRateBpm><SensorState>Present</SensorState></Trackpoint><Trackpoint><Time>2025-12-01T09:11:31.000Z</Time><HeartRateBpm><Value>175</Value></HeartRateBpm><SensorState>Present</SensorState></Trackpoint><Trackpoint><Time>2025-12-01T09:11:32.000Z</Time><HeartRateBpm><Value>175</Value></HeartRateBpm><SensorState>Present</SensorState></Trackpoint><Trackpoint><Time>2025-12-01T09:11:33.000Z</Time><HeartRateBpm><Value>175</Value></HeartRateBpm><SensorState>Present</SensorState></Trackpoint><Trackpoint><Time>2025-12-01T09:11:34.000Z</Time><HeartRateBpm><Value>175</Value></HeartRateBpm><SensorState>Present</SensorState></Trackpoint><Trackpoint><Time>2025-12-01T09:11:35.000Z</Time><HeartRateBpm><Value>175</Value></HeartRateBpm><SensorState>Present</SensorState></Trackpoint><Trackpoint><Time>2025-12-01T09:11:36.000Z</Time><HeartRateBpm><Value>175</Value></HeartRateBpm><SensorState>Present</SensorState></Trackpoint><Trackpoint><Time>2025-12-01T09:11:37.000Z</Time><HeartRateBpm><Value>175</Value></HeartRateBpm><SensorState>Present</SensorState></Trackpoint><Trackpoint><Time>2025-12-01T09:11:38.000Z</Time><HeartRateBpm><Value>175</Value></HeartRateBpm><SensorState>Present</SensorState></Trackpoint><Trackpoint><Time>2025-12-01T09:11:39.000Z</Time><HeartRateBpm><Value>175</Value></HeartRateBpm><SensorState>Present</SensorState></Trackpoint><Trackpoint><Time>2025-12-01T09:11:40.000Z</Time><HeartRateBpm><Value>175</Value></HeartRateBpm><SensorState>Present</SensorState></Trackpoint><Trackpoint><Time>2025-12-01T09:11:41.000Z</Time><HeartRateBpm><Value>175</Value></HeartRateBpm><SensorState>Present</SensorState></Trackpoint><Trackpoint><Time>2025-12-01T09:11:42.000Z</Time><HeartRateBpm><Value>175</Value></HeartRateBpm><SensorState>Present</SensorState></Trackpoint><Trackpoint><Time>2025-12-01T09:11:43.000Z</Time><HeartRateBpm><Value>176</Value></HeartRateBpm><SensorState>Present</SensorState></Trackpoint><Trackpoint><Time>2025-12-01T09:11:44.000Z</Time><HeartRateBpm><Value>175</Value></HeartRateBpm><SensorState>Present</SensorState></Trackpoint><Trackpoint><Time>2025-12-01T09:11:45.000Z</Time><HeartRateBpm><Value>175</Value></HeartRateBpm><SensorState>Present</SensorState></Trackpoint><Trackpoint><Time>2025-12-01T09:11:46.000Z</Time><HeartRateBpm><Value>175</Value></HeartRateBpm><SensorState>Present</SensorState></Trackpoint><Trackpoint><Time>2025-12-01T09:11:47.000Z</Time><HeartRateBpm><Value>175</Value></HeartRateBpm><SensorState>Present</SensorState></Trackpoint><Trackpoint><Time>2025-12-01T09:11:48.000Z</Time><HeartRateBpm><Value>175</Value></HeartRateBpm><SensorState>Present</SensorState></Trackpoint><Trackpoint><Time>2025-12-01T09:11:49.000Z</Time><HeartRateBpm><Value>176</Value></HeartRateBpm><SensorState>Present</SensorState></Trackpoint><Trackpoint><Time>2025-12-01T09:11:50.000Z</Time><HeartRateBpm><Value>176</Value></HeartRateBpm><SensorState>Present</SensorState></Trackpoint><Trackpoint><Time>2025-12-01T09:11:51.000Z</Time><HeartRateBpm><Value>176</Value></HeartRateBpm><SensorState>Present</SensorState></Trackpoint><Trackpoint><Time>2025-12-01T09:11:52.000Z</Time><HeartRateBpm><Value>176</Value></HeartRateBpm><SensorState>Present</SensorState></Trackpoint><Trackpoint><Time>2025-12-01T09:11:53.000Z</Time><HeartRateBpm><Value>177</Value></HeartRateBpm><SensorState>Present</SensorState></Trackpoint><Trackpoint><Time>2025-12-01T09:11:54.000Z</Time><HeartRateBpm><Value>177</Value></HeartRateBpm><SensorState>Present</SensorState></Trackpoint><Trackpoint><Time>2025-12-01T09:11:55.000Z</Time><HeartRateBpm><Value>177</Value></HeartRateBpm><SensorState>Present</SensorState></Trackpoint><Trackpoint><Time>2025-12-01T09:11:56.000Z</Time><HeartRateBpm><Value>177</Value></HeartRateBpm><SensorState>Present</SensorState></Trackpoint><Trackpoint><Time>2025-12-01T09:11:57.000Z</Time><HeartRateBpm><Value>177</Value></HeartRateBpm><SensorState>Present</SensorState></Trackpoint><Trackpoint><Time>2025-12-01T09:11:58.000Z</Time><HeartRateBpm><Value>177</Value></HeartRateBpm><SensorState>Present</SensorState></Trackpoint><Trackpoint><Time>2025-12-01T09:11:59.000Z</Time><HeartRateBpm><Value>177</Value></HeartRateBpm><SensorState>Present</SensorState></Trackpoint><Trackpoint><Time>2025-12-01T09:12:00.000Z</Time><HeartRateBpm><Value>176</Value></HeartRateBpm><SensorState>Present</SensorState></Trackpoint><Trackpoint><Time>2025-12-01T09:12:01.000Z</Time><HeartRateBpm><Value>175</Value></HeartRateBpm><SensorState>Present</SensorState></Trackpoint><Trackpoint><Time>2025-12-01T09:12:02.000Z</Time><HeartRateBpm><Value>173</Value></HeartRateBpm><SensorState>Present</SensorState></Trackpoint><Trackpoint><Time>2025-12-01T09:12:03.000Z</Time><HeartRateBpm><Value>172</Value></HeartRateBpm><SensorState>Present</SensorState></Trackpoint><Trackpoint><Time>2025-12-01T09:12:04.000Z</Time><HeartRateBpm><Value>171</Value></HeartRateBpm><SensorState>Present</SensorState></Trackpoint><Trackpoint><Time>2025-12-01T09:12:05.000Z</Time><HeartRateBpm><Value>170</Value></HeartRateBpm><SensorState>Present</SensorState></Trackpoint><Trackpoint><Time>2025-12-01T09:12:06.000Z</Time><HeartRateBpm><Value>169</Value></HeartRateBpm><SensorState>Present</SensorState></Trackpoint><Trackpoint><Time>2025-12-01T09:12:07.000Z</Time><HeartRateBpm><Value>168</Value></HeartRateBpm><SensorState>Present</SensorState></Trackpoint><Trackpoint><Time>2025-12-01T09:12:08.000Z</Time><HeartRateBpm><Value>167</Value></HeartRateBpm><SensorState>Present</SensorState></Trackpoint><Trackpoint><Time>2025-12-01T09:12:09.000Z</Time><HeartRateBpm><Value>166</Value></HeartRateBpm><SensorState>Present</SensorState></Trackpoint><Trackpoint><Time>2025-12-01T09:12:10.000Z</Time><HeartRateBpm><Value>165</Value></HeartRateBpm><SensorState>Present</SensorState></Trackpoint><Trackpoint><Time>2025-12-01T09:12:11.000Z</Time><HeartRateBpm><Value>163</Value></HeartRateBpm><SensorState>Present</SensorState></Trackpoint><Trackpoint><Time>2025-12-01T09:12:12.000Z</Time><HeartRateBpm><Value>163</Value></HeartRateBpm><SensorState>Present</SensorState></Trackpoint><Trackpoint><Time>2025-12-01T09:12:13.000Z</Time><HeartRateBpm><Value>162</Value></HeartRateBpm><SensorState>Present</SensorState></Trackpoint><Trackpoint><Time>2025-12-01T09:12:14.000Z</Time><HeartRateBpm><Value>162</Value></HeartRateBpm><SensorState>Present</SensorState></Trackpoint><Trackpoint><Time>2025-12-01T09:12:15.000Z</Time><HeartRateBpm><Value>162</Value></HeartRateBpm><SensorState>Present</SensorState></Trackpoint><Trackpoint><Time>2025-12-01T09:12:16.000Z</Time><HeartRateBpm><Value>162</Value></HeartRateBpm><SensorState>Present</SensorState></Trackpoint><Trackpoint><Time>2025-12-01T09:12:17.000Z</Time><HeartRateBpm><Value>162</Value></HeartRateBpm><SensorState>Present</SensorState></Trackpoint><Trackpoint><Time>2025-12-01T09:12:18.000Z</Time><HeartRateBpm><Value>161</Value></HeartRateBpm><SensorState>Present</SensorState></Trackpoint><Trackpoint><Time>2025-12-01T09:12:19.000Z</Time><HeartRateBpm><Value>161</Value></HeartRateBpm><SensorState>Present</SensorState></Trackpoint><Trackpoint><Time>2025-12-01T09:12:20.000Z</Time><HeartRateBpm><Value>161</Value></HeartRateBpm><SensorState>Present</SensorState></Trackpoint><Trackpoint><Time>2025-12-01T09:12:21.000Z</Time><HeartRateBpm><Value>160</Value></HeartRateBpm><SensorState>Present</SensorState></Trackpoint><Trackpoint><Time>2025-12-01T09:12:22.000Z</Time><HeartRateBpm><Value>159</Value></HeartRateBpm><SensorState>Present</SensorState></Trackpoint><Trackpoint><Time>2025-12-01T09:12:23.000Z</Time><HeartRateBpm><Value>159</Value></HeartRateBpm><SensorState>Present</SensorState></Trackpoint><Trackpoint><Time>2025-12-01T09:12:24.000Z</Time><HeartRateBpm><Value>158</Value></HeartRateBpm><SensorState>Present</SensorState></Trackpoint><Trackpoint><Time>2025-12-01T09:12:25.000Z</Time><HeartRateBpm><Value>158</Value></HeartRateBpm><SensorState>Present</SensorState></Trackpoint><Trackpoint><Time>2025-12-01T09:12:26.000Z</Time><HeartRateBpm><Value>158</Value></HeartRateBpm><SensorState>Present</SensorState></Trackpoint><Trackpoint><Time>2025-12-01T09:12:27.000Z</Time><HeartRateBpm><Value>159</Value></HeartRateBpm><SensorState>Present</SensorState></Trackpoint><Trackpoint><Time>2025-12-01T09:12:28.000Z</Time><HeartRateBpm><Value>159</Value></HeartRateBpm><SensorState>Present</SensorState></Trackpoint><Trackpoint><Time>2025-12-01T09:12:29.000Z</Time><HeartRateBpm><Value>159</Value></HeartRateBpm><SensorState>Present</SensorState></Trackpoint><Trackpoint><Time>2025-12-01T09:12:30.000Z</Time><HeartRateBpm><Value>159</Value></HeartRateBpm><SensorState>Present</SensorState></Trackpoint><Trackpoint><Time>2025-12-01T09:12:31.000Z</Time><HeartRateBpm><Value>158</Value></HeartRateBpm><SensorState>Present</SensorState></Trackpoint><Trackpoint><Time>2025-12-01T09:12:32.000Z</Time><HeartRateBpm><Value>157</Value></HeartRateBpm><SensorState>Present</SensorState></Trackpoint><Trackpoint><Time>2025-12-01T09:12:33.000Z</Time><HeartRateBpm><Value>156</Value></HeartRateBpm><SensorState>Present</SensorState></Trackpoint><Trackpoint><Time>2025-12-01T09:12:34.000Z</Time><HeartRateBpm><Value>155</Value></HeartRateBpm><SensorState>Present</SensorState></Trackpoint><Trackpoint><Time>2025-12-01T09:12:35.000Z</Time><HeartRateBpm><Value>154</Value></HeartRateBpm><SensorState>Present</SensorState></Trackpoint><Trackpoint><Time>2025-12-01T09:12:36.000Z</Time><HeartRateBpm><Value>153</Value></HeartRateBpm><SensorState>Present</SensorState></Trackpoint><Trackpoint><Time>2025-12-01T09:12:37.000Z</Time><HeartRateBpm><Value>153</Value></HeartRateBpm><SensorState>Present</SensorState></Trackpoint><Trackpoint><Time>2025-12-01T09:12:38.000Z</Time><HeartRateBpm><Value>152</Value></HeartRateBpm><SensorState>Present</SensorState></Trackpoint><Trackpoint><Time>2025-12-01T09:12:39.000Z</Time><HeartRateBpm><Value>152</Value></HeartRateBpm><SensorState>Present</SensorState></Trackpoint><Trackpoint><Time>2025-12-01T09:12:40.000Z</Time><HeartRateBpm><Value>152</Value></HeartRateBpm><SensorState>Present</SensorState></Trackpoint><Trackpoint><Time>2025-12-01T09:12:41.000Z</Time><HeartRateBpm><Value>152</Value></HeartRateBpm><SensorState>Present</SensorState></Trackpoint><Trackpoint><Time>2025-12-01T09:12:42.000Z</Time><HeartRateBpm><Value>152</Value></HeartRateBpm><SensorState>Present</SensorState></Trackpoint><Trackpoint><Time>2025-12-01T09:12:43.000Z</Time><HeartRateBpm><Value>152</Value></HeartRateBpm><SensorState>Present</SensorState></Trackpoint><Trackpoint><Time>2025-12-01T09:12:44.000Z</Time><HeartRateBpm><Value>152</Value></HeartRateBpm><SensorState>Present</SensorState></Trackpoint><Trackpoint><Time>2025-12-01T09:12:45.000Z</Time><HeartRateBpm><Value>151</Value></HeartRateBpm><SensorState>Present</SensorState></Trackpoint><Trackpoint><Time>2025-12-01T09:12:46.000Z</Time><HeartRateBpm><Value>151</Value></HeartRateBpm><SensorState>Present</SensorState></Trackpoint><Trackpoint><Time>2025-12-01T09:12:47.000Z</Time><HeartRateBpm><Value>151</Value></HeartRateBpm><SensorState>Present</SensorState></Trackpoint><Trackpoint><Time>2025-12-01T09:12:48.000Z</Time><HeartRateBpm><Value>151</Value></HeartRateBpm><SensorState>Present</SensorState></Trackpoint><Trackpoint><Time>2025-12-01T09:12:49.000Z</Time><HeartRateBpm><Value>151</Value></HeartRateBpm><SensorState>Present</SensorState></Trackpoint><Trackpoint><Time>2025-12-01T09:12:50.000Z</Time><HeartRateBpm><Value>151</Value></HeartRateBpm><SensorState>Present</SensorState></Trackpoint><Trackpoint><Time>2025-12-01T09:12:51.000Z</Time><HeartRateBpm><Value>151</Value></HeartRateBpm><SensorState>Present</SensorState></Trackpoint><Trackpoint><Time>2025-12-01T09:12:52.000Z</Time><HeartRateBpm><Value>151</Value></HeartRateBpm><SensorState>Present</SensorState></Trackpoint><Trackpoint><Time>2025-12-01T09:12:53.000Z</Time><HeartRateBpm><Value>151</Value></HeartRateBpm><SensorState>Present</SensorState></Trackpoint><Trackpoint><Time>2025-12-01T09:12:54.000Z</Time><HeartRateBpm><Value>151</Value></HeartRateBpm><SensorState>Present</SensorState></Trackpoint><Trackpoint><Time>2025-12-01T09:12:55.000Z</Time><HeartRateBpm><Value>150</Value></HeartRateBpm><SensorState>Present</SensorState></Trackpoint><Trackpoint><Time>2025-12-01T09:12:56.000Z</Time><HeartRateBpm><Value>149</Value></HeartRateBpm><SensorState>Present</SensorState></Trackpoint><Trackpoint><Time>2025-12-01T09:12:57.000Z</Time><HeartRateBpm><Value>149</Value></HeartRateBpm><SensorState>Present</SensorState></Trackpoint><Trackpoint><Time>2025-12-01T09:12:58.000Z</Time><HeartRateBpm><Value>148</Value></HeartRateBpm><SensorState>Present</SensorState></Trackpoint><Trackpoint><Time>2025-12-01T09:12:59.000Z</Time><HeartRateBpm><Value>147</Value></HeartRateBpm><SensorState>Present</SensorState></Trackpoint><Trackpoint><Time>2025-12-01T09:13:00.000Z</Time><HeartRateBpm><Value>147</Value></HeartRateBpm><SensorState>Present</SensorState></Trackpoint><Trackpoint><Time>2025-12-01T09:13:01.000Z</Time><HeartRateBpm><Value>148</Value></HeartRateBpm><SensorState>Present</SensorState></Trackpoint><Trackpoint><Time>2025-12-01T09:13:02.000Z</Time><HeartRateBpm><Value>149</Value></HeartRateBpm><SensorState>Present</SensorState></Trackpoint><Trackpoint><Time>2025-12-01T09:13:03.000Z</Time><HeartRateBpm><Value>149</Value></HeartRateBpm><SensorState>Present</SensorState></Trackpoint><Trackpoint><Time>2025-12-01T09:13:04.000Z</Time><HeartRateBpm><Value>150</Value></HeartRateBpm><SensorState>Present</SensorState></Trackpoint><Trackpoint><Time>2025-12-01T09:13:05.000Z</Time><HeartRateBpm><Value>150</Value></HeartRateBpm><SensorState>Present</SensorState></Trackpoint><Trackpoint><Time>2025-12-01T09:13:06.000Z</Time><HeartRateBpm><Value>149</Value></HeartRateBpm><SensorState>Present</SensorState></Trackpoint><Trackpoint><Time>2025-12-01T09:13:07.000Z</Time><HeartRateBpm><Value>149</Value></HeartRateBpm><SensorState>Present</SensorState></Trackpoint><Trackpoint><Time>2025-12-01T09:13:08.000Z</Time><HeartRateBpm><Value>148</Value></HeartRateBpm><SensorState>Present</SensorState></Trackpoint><Trackpoint><Time>2025-12-01T09:13:09.000Z</Time><HeartRateBpm><Value>147</Value></HeartRateBpm><SensorState>Present</SensorState></Trackpoint><Trackpoint><Time>2025-12-01T09:13:10.000Z</Time><HeartRateBpm><Value>147</Value></HeartRateBpm><SensorState>Present</SensorState></Trackpoint><Trackpoint><Time>2025-12-01T09:13:11.000Z</Time><HeartRateBpm><Value>146</Value></HeartRateBpm><SensorState>Present</SensorState></Trackpoint><Trackpoint><Time>2025-12-01T09:13:12.000Z</Time><HeartRateBpm><Value>146</Value></HeartRateBpm><SensorState>Present</SensorState></Trackpoint><Trackpoint><Time>2025-12-01T09:13:13.000Z</Time><HeartRateBpm><Value>147</Value></HeartRateBpm><SensorState>Present</SensorState></Trackpoint><Trackpoint><Time>2025-12-01T09:13:14.000Z</Time><HeartRateBpm><Value>147</Value></HeartRateBpm><SensorState>Present</SensorState></Trackpoint><Trackpoint><Time>2025-12-01T09:13:15.000Z</Time><HeartRateBpm><Value>147</Value></HeartRateBpm><SensorState>Present</SensorState></Trackpoint><Trackpoint><Time>2025-12-01T09:13:16.000Z</Time><HeartRateBpm><Value>147</Value></HeartRateBpm><SensorState>Present</SensorState></Trackpoint><Trackpoint><Time>2025-12-01T09:13:17.000Z</Time><HeartRateBpm><Value>147</Value></HeartRateBpm><SensorState>Present</SensorState></Trackpoint><Trackpoint><Time>2025-12-01T09:13:18.000Z</Time><HeartRateBpm><Value>146</Value></HeartRateBpm><SensorState>Present</SensorState></Trackpoint><Trackpoint><Time>2025-12-01T09:13:19.000Z</Time><HeartRateBpm><Value>146</Value></HeartRateBpm><SensorState>Present</SensorState></Trackpoint><Trackpoint><Time>2025-12-01T09:13:20.000Z</Time><HeartRateBpm><Value>146</Value></HeartRateBpm><SensorState>Present</SensorState></Trackpoint><Trackpoint><Time>2025-12-01T09:13:21.000Z</Time><HeartRateBpm><Value>146</Value></HeartRateBpm><SensorState>Present</SensorState></Trackpoint><Trackpoint><Time>2025-12-01T09:13:22.000Z</Time><HeartRateBpm><Value>146</Value></HeartRateBpm><SensorState>Present</SensorState></Trackpoint><Trackpoint><Time>2025-12-01T09:13:23.000Z</Time><HeartRateBpm><Value>145</Value></HeartRateBpm><SensorState>Present</SensorState></Trackpoint><Trackpoint><Time>2025-12-01T09:13:24.000Z</Time><HeartRateBpm><Value>145</Value></HeartRateBpm><SensorState>Present</SensorState></Trackpoint><Trackpoint><Time>2025-12-01T09:13:25.000Z</Time><HeartRateBpm><Value>144</Value></HeartRateBpm><SensorState>Present</SensorState></Trackpoint><Trackpoint><Time>2025-12-01T09:13:26.000Z</Time><HeartRateBpm><Value>144</Value></HeartRateBpm><SensorState>Present</SensorState></Trackpoint><Trackpoint><Time>2025-12-01T09:13:27.000Z</Time><HeartRateBpm><Value>144</Value></HeartRateBpm><SensorState>Present</SensorState></Trackpoint><Trackpoint><Time>2025-12-01T09:13:28.000Z</Time><HeartRateBpm><Value>143</Value></HeartRateBpm><SensorState>Present</SensorState></Trackpoint><Trackpoint><Time>2025-12-01T09:13:29.000Z</Time><HeartRateBpm><Value>143</Value></HeartRateBpm><SensorState>Present</SensorState></Trackpoint><Trackpoint><Time>2025-12-01T09:13:30.000Z</Time><HeartRateBpm><Value>144</Value></HeartRateBpm><SensorState>Present</SensorState></Trackpoint><Trackpoint><Time>2025-12-01T09:13:31.000Z</Time><HeartRateBpm><Value>144</Value></HeartRateBpm><SensorState>Present</SensorState></Trackpoint><Trackpoint><Time>2025-12-01T09:13:32.000Z</Time><HeartRateBpm><Value>145</Value></HeartRateBpm><SensorState>Present</SensorState></Trackpoint><Trackpoint><Time>2025-12-01T09:13:33.000Z</Time><HeartRateBpm><Value>144</Value></HeartRateBpm><SensorState>Present</SensorState></Trackpoint><Trackpoint><Time>2025-12-01T09:13:34.000Z</Time><HeartRateBpm><Value>143</Value></HeartRateBpm><SensorState>Present</SensorState></Trackpoint><Trackpoint><Time>2025-12-01T09:13:35.000Z</Time><HeartRateBpm><Value>143</Value></HeartRateBpm><SensorState>Present</SensorState></Trackpoint><Trackpoint><Time>2025-12-01T09:13:36.000Z</Time><HeartRateBpm><Value>142</Value></HeartRateBpm><SensorState>Present</SensorState></Trackpoint><Trackpoint><Time>2025-12-01T09:13:37.000Z</Time><HeartRateBpm><Value>142</Value></HeartRateBpm><SensorState>Present</SensorState></Trackpoint><Trackpoint><Time>2025-12-01T09:13:38.000Z</Time><HeartRateBpm><Value>141</Value></HeartRateBpm><SensorState>Present</SensorState></Trackpoint><Trackpoint><Time>2025-12-01T09:13:39.000Z</Time><HeartRateBpm><Value>142</Value></HeartRateBpm><SensorState>Present</SensorState></Trackpoint><Trackpoint><Time>2025-12-01T09:13:40.000Z</Time><HeartRateBpm><Value>142</Value></HeartRateBpm><SensorState>Present</SensorState></Trackpoint><Trackpoint><Time>2025-12-01T09:13:41.000Z</Time><HeartRateBpm><Value>143</Value></HeartRateBpm><SensorState>Present</SensorState></Trackpoint><Trackpoint><Time>2025-12-01T09:13:42.000Z</Time><HeartRateBpm><Value>143</Value></HeartRateBpm><SensorState>Present</SensorState></Trackpoint><Trackpoint><Time>2025-12-01T09:13:43.000Z</Time><HeartRateBpm><Value>143</Value></HeartRateBpm><SensorState>Present</SensorState></Trackpoint><Trackpoint><Time>2025-12-01T09:13:44.000Z</Time><HeartRateBpm><Value>143</Value></HeartRateBpm><SensorState>Present</SensorState></Trackpoint><Trackpoint><Time>2025-12-01T09:13:45.000Z</Time><HeartRateBpm><Value>143</Value></HeartRateBpm><SensorState>Present</SensorState></Trackpoint><Trackpoint><Time>2025-12-01T09:13:46.000Z</Time><HeartRateBpm><Value>144</Value></HeartRateBpm><SensorState>Present</SensorState></Trackpoint><Trackpoint><Time>2025-12-01T09:13:47.000Z</Time><HeartRateBpm><Value>143</Value></HeartRateBpm><SensorState>Present</SensorState></Trackpoint><Trackpoint><Time>2025-12-01T09:13:48.000Z</Time><HeartRateBpm><Value>143</Value></HeartRateBpm><SensorState>Present</SensorState></Trackpoint><Trackpoint><Time>2025-12-01T09:13:49.000Z</Time><HeartRateBpm><Value>143</Value></HeartRateBpm><SensorState>Present</SensorState></Trackpoint><Trackpoint><Time>2025-12-01T09:13:50.000Z</Time><HeartRateBpm><Value>143</Value></HeartRateBpm><SensorState>Present</SensorState></Trackpoint><Trackpoint><Time>2025-12-01T09:13:51.000Z</Time><HeartRateBpm><Value>143</Value></HeartRateBpm><SensorState>Present</SensorState></Trackpoint><Trackpoint><Time>2025-12-01T09:13:52.000Z</Time><HeartRateBpm><Value>143</Value></HeartRateBpm><SensorState>Present</SensorState></Trackpoint><Trackpoint><Time>2025-12-01T09:13:53.000Z</Time><HeartRateBpm><Value>143</Value></HeartRateBpm><SensorState>Present</SensorState></Trackpoint><Trackpoint><Time>2025-12-01T09:13:54.000Z</Time><HeartRateBpm><Value>143</Value></HeartRateBpm><SensorState>Present</SensorState></Trackpoint><Trackpoint><Time>2025-12-01T09:13:55.000Z</Time><HeartRateBpm><Value>143</Value></HeartRateBpm><SensorState>Present</SensorState></Trackpoint><Trackpoint><Time>2025-12-01T09:13:56.000Z</Time><HeartRateBpm><Value>142</Value></HeartRateBpm><SensorState>Present</SensorState></Trackpoint><Trackpoint><Time>2025-12-01T09:13:57.000Z</Time><HeartRateBpm><Value>141</Value></HeartRateBpm><SensorState>Present</SensorState></Trackpoint><Trackpoint><Time>2025-12-01T09:13:58.000Z</Time><HeartRateBpm><Value>141</Value></HeartRateBpm><SensorState>Present</SensorState></Trackpoint><Trackpoint><Time>2025-12-01T09:13:59.000Z</Time><HeartRateBpm><Value>140</Value></HeartRateBpm><SensorState>Present</SensorState></Trackpoint><Trackpoint><Time>2025-12-01T09:14:00.000Z</Time><HeartRateBpm><Value>139</Value></HeartRateBpm><SensorState>Present</SensorState></Trackpoint><Trackpoint><Time>2025-12-01T09:14:01.000Z</Time><HeartRateBpm><Value>139</Value></HeartRateBpm><SensorState>Present</SensorState></Trackpoint><Trackpoint><Time>2025-12-01T09:14:02.000Z</Time><HeartRateBpm><Value>139</Value></HeartRateBpm><SensorState>Present</SensorState></Trackpoint><Trackpoint><Time>2025-12-01T09:14:03.000Z</Time><HeartRateBpm><Value>138</Value></HeartRateBpm><SensorState>Present</SensorState></Trackpoint><Trackpoint><Time>2025-12-01T09:14:04.000Z</Time><HeartRateBpm><Value>137</Value></HeartRateBpm><SensorState>Present</SensorState></Trackpoint><Trackpoint><Time>2025-12-01T09:14:05.000Z</Time><HeartRateBpm><Value>136</Value></HeartRateBpm><SensorState>Present</SensorState></Trackpoint><Trackpoint><Time>2025-12-01T09:14:06.000Z</Time><HeartRateBpm><Value>135</Value></HeartRateBpm><SensorState>Present</SensorState></Trackpoint><Trackpoint><Time>2025-12-01T09:14:07.000Z</Time><HeartRateBpm><Value>135</Value></HeartRateBpm><SensorState>Present</SensorState></Trackpoint><Trackpoint><Time>2025-12-01T09:14:08.000Z</Time><HeartRateBpm><Value>134</Value></HeartRateBpm><SensorState>Present</SensorState></Trackpoint><Trackpoint><Time>2025-12-01T09:14:09.000Z</Time><HeartRateBpm><Value>135</Value></HeartRateBpm><SensorState>Present</SensorState></Trackpoint><Trackpoint><Time>2025-12-01T09:14:10.000Z</Time><HeartRateBpm><Value>135</Value></HeartRateBpm><SensorState>Present</SensorState></Trackpoint><Trackpoint><Time>2025-12-01T09:14:11.000Z</Time><HeartRateBpm><Value>134</Value></HeartRateBpm><SensorState>Present</SensorState></Trackpoint><Trackpoint><Time>2025-12-01T09:14:12.000Z</Time><HeartRateBpm><Value>134</Value></HeartRateBpm><SensorState>Present</SensorState></Trackpoint><Trackpoint><Time>2025-12-01T09:14:13.000Z</Time><HeartRateBpm><Value>132</Value></HeartRateBpm><SensorState>Present</SensorState></Trackpoint><Trackpoint><Time>2025-12-01T09:14:14.000Z</Time><HeartRateBpm><Value>131</Value></HeartRateBpm><SensorState>Present</SensorState></Trackpoint><Trackpoint><Time>2025-12-01T09:14:15.000Z</Time><HeartRateBpm><Value>131</Value></HeartRateBpm><SensorState>Present</SensorState></Trackpoint><Trackpoint><Time>2025-12-01T09:14:16.000Z</Time><HeartRateBpm><Value>130</Value></HeartRateBpm><SensorState>Present</SensorState></Trackpoint><Trackpoint><Time>2025-12-01T09:14:17.000Z</Time><HeartRateBpm><Value>130</Value></HeartRateBpm><SensorState>Present</SensorState></Trackpoint><Trackpoint><Time>2025-12-01T09:14:18.000Z</Time><HeartRateBpm><Value>130</Value></HeartRateBpm><SensorState>Present</SensorState></Trackpoint><Trackpoint><Time>2025-12-01T09:14:19.000Z</Time><HeartRateBpm><Value>130</Value></HeartRateBpm><SensorState>Present</SensorState></Trackpoint><Trackpoint><Time>2025-12-01T09:14:20.000Z</Time><HeartRateBpm><Value>131</Value></HeartRateBpm><SensorState>Present</SensorState></Trackpoint><Trackpoint><Time>2025-12-01T09:14:21.000Z</Time><HeartRateBpm><Value>130</Value></HeartRateBpm><SensorState>Present</SensorState></Trackpoint><Trackpoint><Time>2025-12-01T09:14:22.000Z</Time><HeartRateBpm><Value>128</Value></HeartRateBpm><SensorState>Present</SensorState></Trackpoint><Trackpoint><Time>2025-12-01T09:14:23.000Z</Time><HeartRateBpm><Value>125</Value></HeartRateBpm><SensorState>Present</SensorState></Trackpoint><Trackpoint><Time>2025-12-01T09:14:24.000Z</Time><HeartRateBpm><Value>122</Value></HeartRateBpm><SensorState>Present</SensorState></Trackpoint><Trackpoint><Time>2025-12-01T09:14:25.000Z</Time><HeartRateBpm><Value>121</Value></HeartRateBpm><SensorState>Present</SensorState></Trackpoint><Trackpoint><Time>2025-12-01T09:14:26.000Z</Time><HeartRateBpm><Value>119</Value></HeartRateBpm><SensorState>Present</SensorState></Trackpoint><Trackpoint><Time>2025-12-01T09:14:27.000Z</Time><HeartRateBpm><Value>120</Value></HeartRateBpm><SensorState>Present</SensorState></Trackpoint><Trackpoint><Time>2025-12-01T09:14:28.000Z</Time><HeartRateBpm><Value>120</Value></HeartRateBpm><SensorState>Present</SensorState></Trackpoint><Trackpoint><Time>2025-12-01T09:14:29.000Z</Time><HeartRateBpm><Value>120</Value></HeartRateBpm><SensorState>Present</SensorState></Trackpoint><Trackpoint><Time>2025-12-01T09:14:30.000Z</Time><HeartRateBpm><Value>120</Value></HeartRateBpm><SensorState>Present</SensorState></Trackpoint><Trackpoint><Time>2025-12-01T09:14:31.000Z</Time><HeartRateBpm><Value>121</Value></HeartRateBpm><SensorState>Present</SensorState></Trackpoint><Trackpoint><Time>2025-12-01T09:14:32.000Z</Time><HeartRateBpm><Value>122</Value></HeartRateBpm><SensorState>Present</SensorState></Trackpoint><Trackpoint><Time>2025-12-01T09:14:33.000Z</Time><HeartRateBpm><Value>123</Value></HeartRateBpm><SensorState>Present</SensorState></Trackpoint><Trackpoint><Time>2025-12-01T09:14:34.000Z</Time><HeartRateBpm><Value>124</Value></HeartRateBpm><SensorState>Present</SensorState></Trackpoint><Trackpoint><Time>2025-12-01T09:14:35.000Z</Time><HeartRateBpm><Value>125</Value></HeartRateBpm><SensorState>Present</SensorState></Trackpoint><Trackpoint><Time>2025-12-01T09:14:36.000Z</Time><HeartRateBpm><Value>126</Value></HeartRateBpm><SensorState>Present</SensorState></Trackpoint><Trackpoint><Time>2025-12-01T09:14:37.000Z</Time><HeartRateBpm><Value>126</Value></HeartRateBpm><SensorState>Present</SensorState></Trackpoint><Trackpoint><Time>2025-12-01T09:14:38.000Z</Time><HeartRateBpm><Value>127</Value></HeartRateBpm><SensorState>Present</SensorState></Trackpoint><Trackpoint><Time>2025-12-01T09:14:39.000Z</Time><HeartRateBpm><Value>126</Value></HeartRateBpm><SensorState>Present</SensorState></Trackpoint></Track></Lap><Notes>5 rounds 
15 A jumps
9 t2b
12 single db in place lunges @ 25kg
9 t2b

Time: 10:19</Notes><Training VirtualPartner="false"><Plan Type="Workout" IntervalWorkout="false"><Name>Bootcamp</Name><Extensions></Extensions></Plan></Training><Creator xmlns:xsi="http://www.w3.org/2001/XMLSchema-instance" xsi:type="Device_t"><Name>Polar BEAT</Name><UnitId>0</UnitId><ProductID>25</ProductID><Version><VersionMajor>0</VersionMajor><VersionMinor>0</VersionMinor></Version></Creator></Activity></Activities><Author xmlns:xsi="http://www.w3.org/2001/XMLSchema-instance" xsi:type="Application_t"><Name>Polar Beat2 Android</Name><Build><Version><VersionMajor>0</VersionMajor><VersionMinor>0</VersionMinor></Version></Build><LangID>EN</LangID><PartNumber>XXX-XXXXX-XX</PartNumber></Author></TrainingCenterDatabase>