<?xml version="1.0" encoding="UTF-8"?>
<TrainingCenterDatabase xmlns="http://www.garmin.com/xmlschemas/TrainingCenterDatabase/v2">
    <Activities>
        <Activity Sport="Other">
            <Id>2025-10-19T00:47:34.000Z</Id>
            <Lap StartTime="2025-10-19T00:47:34.000Z">
                <TotalTimeSeconds>1794.0</TotalTimeSeconds>
                <DistanceMeters>0.0</DistanceMeters>
                <Calories>223</Calories>
                <AverageHeartRateBpm>
                    <Value>114</Value>
                </AverageHeartRateBpm>
                <MaximumHeartRateBpm>
                    <Value>135</Value>
                </MaximumHeartRateBpm>
                <Intensity>Active</Intensity>
                <TriggerMethod>Manual</TriggerMethod>
                <Track>
                    <Trackpoint>
                        <Time>2025-10-19T00:47:35.000Z</Time>
                        <HeartRateBpm>
                            <Value>99</Value>
                        </HeartRateBpm>
                        <SensorState>Present</SensorState>
                    </Trackpoint>
                    <Trackpoint>
                        <Time>2025-10-19T00:47:36.000Z</Time>
                        <HeartRateBpm>
                            <Value>97</Value>
                        </HeartRateBpm>
                        <SensorState>Present</SensorState>
                    </Trackpoint>
                    <Trackpoint>
                        <Time>2025-10-19T00:47:37.000Z</Time>
                        <HeartRateBpm>
                            <Value>89</Value>
                        </HeartRateBpm>
                        <SensorState>Present</SensorState>
                    </Trackpoint>
                    <Trackpoint>
                        <Time>2025-10-19T00:47:38.000Z</Time>
                        <HeartRateBpm>
                            <Value>87</Value>
                        </HeartRateBpm>
                        <SensorState>Present</SensorState>
                    </Trackpoint>
                    <Trackpoint>
                        <Time>2025-10-19T00:47:39.000Z</Time>
                        <HeartRateBpm>
                            <Value>86</Value>
                        </HeartRateBpm>
                        <SensorState>Present</SensorState>
                    </Trackpoint>
                    <Trackpoint>
                        <Time>2025-10-19T00:47:40.000Z</Time>
                        <HeartRateBpm>
                            <Value>85</Value>
                        </HeartRateBpm>
                        <SensorState>Present</SensorState>
                    </Trackpoint>
                    <Trackpoint>
                        <Time>2025-10-19T00:47:41.000Z</Time>
                        <HeartRateBpm>
                            <Value>86</Value>
                        </HeartRateBpm>
                        <SensorState>Present</SensorState>
                    </Trackpoint>
                    <Trackpoint>
                        <Time>2025-10-19T00:47:42.000Z</Time>
                        <HeartRateBpm>
                            <Value>89</Value>
                        </HeartRateBpm>
                        <SensorState>Present</SensorState>
                    </Trackpoint>
                    <Trackpoint>
                        <Time>2025-10-19T00:47:43.000Z</Time>
                        <HeartRateBpm>
                            <Value>90</Value>
                        </HeartRateBpm>
                        <SensorState>Present</SensorState>
                    </Trackpoint>
                    <Trackpoint>
                        <Time>2025-10-19T00:47:44.000Z</Time>
                        <HeartRateBpm>
                            <Value>92</Value>
                        </HeartRateBpm>
                        <SensorState>Present</SensorState>
                    </Trackpoint>
                    <Trackpoint>
                        <Time>2025-10-19T00:47:45.000Z</Time>
                        <HeartRateBpm>
                            <Value>93</Value>
                        </HeartRateBpm>
                        <SensorState>Present</SensorState>
                    </Trackpoint>
                    <Trackpoint>
                        <Time>2025-10-19T00:47:46.000Z</Time>
                        <HeartRateBpm>
                            <Value>92</Value>
                        </HeartRateBpm>
                        <SensorState>Present</SensorState>
                    </Trackpoint>
                    <Trackpoint>
                        <Time>2025-10-19T00:47:47.000Z</Time>
                        <HeartRateBpm>
                            <Value>91</Value>
                        </HeartRateBpm>
                        <SensorState>Present</SensorState>
                    </Trackpoint>
                    <Trackpoint>
                        <Time>2025-10-19T00:47:48.000Z</Time>
                        <HeartRateBpm>
                            <Value>90</Value>
                        </HeartRateBpm>
                        <SensorState>Present</SensorState>
                    </Trackpoint>
                    <Trackpoint>
                        <Time>2025-10-19T00:47:49.000Z</Time>
                        <HeartRateBpm>
                            <Value>91</Value>
                        </HeartRateBpm>
                        <SensorState>Present</SensorState>
                    </Trackpoint>
                    <Trackpoint>
                        <Time>2025-10-19T00:47:50.000Z</Time>
                        <HeartRateBpm>
                            <Value>92</Value>
                        </HeartRateBpm>
                        <SensorState>Present</SensorState>
                    </Trackpoint>
                    <Trackpoint>
                        <Time>2025-10-19T00:47:51.000Z</Time>
                        <HeartRateBpm>
                            <Value>94</Value>
                        </HeartRateBpm>
                        <SensorState>Present</SensorState>
                    </Trackpoint>
                    <Trackpoint>
                        <Time>2025-10-19T00:47:52.000Z</Time>
                        <HeartRateBpm>
                            <Value>95</Value>
                        </HeartRateBpm>
                        <SensorState>Present</SensorState>
                    </Trackpoint>
                    <Trackpoint>
                        <Time>2025-10-19T00:47:53.000Z</Time>
                        <HeartRateBpm>
                            <Value>96</Value>
                        </HeartRateBpm>
                        <SensorState>Present</SensorState>
                    </Trackpoint>
                    <Trackpoint>
                        <Time>2025-10-19T00:47:54.000Z</Time>
                        <HeartRateBpm>
                            <Value>99</Value>
                        </HeartRateBpm>
                        <SensorState>Present</SensorState>
                    </Trackpoint>
                    <Trackpoint>
                        <Time>2025-10-19T00:47:55.000Z</Time>
                        <HeartRateBpm>
                            <Value>102</Value>
                        </HeartRateBpm>
                        <SensorState>Present</SensorState>
                    </Trackpoint>
                    <Trackpoint>
                        <Time>2025-10-19T00:47:56.000Z</Time>
                        <HeartRateBpm>
                            <Value>104</Value>
                        </HeartRateBpm>
                        <SensorState>Present</SensorState>
                    </Trackpoint>
                    <Trackpoint>
                        <Time>2025-10-19T00:47:57.000Z</Time>
                        <HeartRateBpm>
                            <Value>104</Value>
                        </HeartRateBpm>
                        <SensorState>Present</SensorState>
                    </Trackpoint>
                    <Trackpoint>
                        <Time>2025-10-19T00:47:58.000Z</Time>
                        <HeartRateBpm>
                            <Value>102</Value>
                        </HeartRateBpm>
                        <SensorState>Present</SensorState>
                    </Trackpoint>
                    <Trackpoint>
                        <Time>2025-10-19T00:47:59.000Z</Time>
                        <HeartRateBpm>
                            <Value>100</Value>
                        </HeartRateBpm>
                        <SensorState>Present</SensorState>
                    </Trackpoint>
                    <Trackpoint>
                        <Time>2025-10-19T00:48:00.000Z</Time>
                        <HeartRateBpm>
                            <Value>100</Value>
                        </HeartRateBpm>
                        <SensorState>Present</SensorState>
                    </Trackpoint>
                    <Trackpoint>
                        <Time>2025-10-19T00:48:01.000Z</Time>
                        <HeartRateBpm>
                            <Value>100</Value>
                        </HeartRateBpm>
                        <SensorState>Present</SensorState>
                    </Trackpoint>
                    <Trackpoint>
                        <Time>2025-10-19T00:48:02.000Z</Time>
                        <HeartRateBpm>
                            <Value>101</Value>
                        </HeartRateBpm>
                        <SensorState>Present</SensorState>
                    </Trackpoint>
                    <Trackpoint>
                        <Time>2025-10-19T00:48:03.000Z</Time>
                        <HeartRateBpm>
                            <Value>102</Value>
                        </HeartRateBpm>
                        <SensorState>Present</SensorState>
                    </Trackpoint>
                    <Trackpoint>
                        <Time>2025-10-19T00:48:04.000Z</Time>
                        <HeartRateBpm>
                            <Value>102</Value>
                        </HeartRateBpm>
                        <SensorState>Present</SensorState>
                    </Trackpoint>
                    <Trackpoint>
                        <Time>2025-10-19T00:48:05.000Z</Time>
                        <HeartRateBpm>
                            <Value>101</Value>
                        </HeartRateBpm>
                        <SensorState>Present</SensorState>
                    </Trackpoint>
                    <Trackpoint>
                        <Time>2025-10-19T00:48:06.000Z</Time>
                        <HeartRateBpm>
                            <Value>101</Value>
                        </HeartRateBpm>
                        <SensorState>Present</SensorState>
                    </Trackpoint>
                    <Trackpoint>
                        <Time>2025-10-19T00:48:07.000Z</Time>
                        <HeartRateBpm>
                            <Value>102</Value>
                        </HeartRateBpm>
                        <SensorState>Present</SensorState>
                    </Trackpoint>
                    <Trackpoint>
                        <Time>2025-10-19T00:48:08.000Z</Time>
                        <HeartRateBpm>
                            <Value>103</Value>
                        </HeartRateBpm>
                        <SensorState>Present</SensorState>
                    </Trackpoint>
                    <Trackpoint>
                        <Time>2025-10-19T00:48:09.000Z</Time>
                        <HeartRateBpm>
                            <Value>103</Value>
                        </HeartRateBpm>
                        <SensorState>Present</SensorState>
                    </Trackpoint>
                    <Trackpoint>
                        <Time>2025-10-19T00:48:10.000Z</Time>
                        <HeartRateBpm>
                            <Value>103</Value>
                        </HeartRateBpm>
                        <SensorState>Present</SensorState>
                    </Trackpoint>
                    <Trackpoint>
                        <Time>2025-10-19T00:48:11.000Z</Time>
                        <HeartRateBpm>
                            <Value>101</Value>
                        </HeartRateBpm>
                        <SensorState>Present</SensorState>
                    </Trackpoint>
                    <Trackpoint>
                        <Time>2025-10-19T00:48:12.000Z</Time>
                        <HeartRateBpm>
                            <Value>101</Value>
                        </HeartRateBpm>
                        <SensorState>Present</SensorState>
                    </Trackpoint>
                    <Trackpoint>
                        <Time>2025-10-19T00:48:13.000Z</Time>
                        <HeartRateBpm>
                            <Value>102</Value>
                        </HeartRateBpm>
                        <SensorState>Present</SensorState>
                    </Trackpoint>
                    <Trackpoint>
                        <Time>2025-10-19T00:48:14.000Z</Time>
                        <HeartRateBpm>
                            <Value>104</Value>
                        </HeartRateBpm>
                        <SensorState>Present</SensorState>
                    </Trackpoint>
                    <Trackpoint>
                        <Time>2025-10-19T00:48:15.000Z</Time>
                        <HeartRateBpm>
                            <Value>105</Value>
                        </HeartRateBpm>
                        <SensorState>Present</SensorState>
                    </Trackpoint>
                    <Trackpoint>
                        <Time>2025-10-19T00:48:16.000Z</Time>
                        <HeartRateBpm>
                            <Value>106</Value>
                        </HeartRateBpm>
                        <SensorState>Present</SensorState>
                    </Trackpoint>
                    <Trackpoint>
                        <Time>2025-10-19T00:48:17.000Z</Time>
                        <HeartRateBpm>
                            <Value>106</Value>
                        </HeartRateBpm>
                        <SensorState>Present</SensorState>
                    </Trackpoint>
                    <Trackpoint>
                        <Time>2025-10-19T00:48:18.000Z</Time>
                        <HeartRateBpm>
                            <Value>105</Value>
                        </HeartRateBpm>
                        <SensorState>Present</SensorState>
                    </Trackpoint>
                    <Trackpoint>
                        <Time>2025-10-19T00:48:19.000Z</Time>
                        <HeartRateBpm>
                            <Value>104</Value>
                        </HeartRateBpm>
                        <SensorState>Present</SensorState>
                    </Trackpoint>
                    <Trackpoint>
                        <Time>2025-10-19T00:48:20.000Z</Time>
                        <HeartRateBpm>
                            <Value>104</Value>
                        </HeartRateBpm>
                        <SensorState>Present</SensorState>
                    </Trackpoint>
                    <Trackpoint>
                        <Time>2025-10-19T00:48:21.000Z</Time>
                        <HeartRateBpm>
                            <Value>105</Value>
                        </HeartRateBpm>
                        <SensorState>Present</SensorState>
                    </Trackpoint>
                    <Trackpoint>
                        <Time>2025-10-19T00:48:22.000Z</Time>
                        <HeartRateBpm>
                            <Value>106</Value>
                        </HeartRateBpm>
                        <SensorState>Present</SensorState>
                    </Trackpoint>
                    <Trackpoint>
                        <Time>2025-10-19T00:48:23.000Z</Time>
                        <HeartRateBpm>
                            <Value>107</Value>
                        </HeartRateBpm>
                        <SensorState>Present</SensorState>
                    </Trackpoint>
                    <Trackpoint>
                        <Time>2025-10-19T00:48:24.000Z</Time>
                        <HeartRateBpm>
                            <Value>108</Value>
                        </HeartRateBpm>
                        <SensorState>Present</SensorState>
                    </Trackpoint>
                    <Trackpoint>
                        <Time>2025-10-19T00:48:25.000Z</Time>
                        <HeartRateBpm>
                            <Value>107</Value>
                        </HeartRateBpm>
                        <SensorState>Present</SensorState>
                    </Trackpoint>
                    <Trackpoint>
                        <Time>2025-10-19T00:48:26.000Z</Time>
                        <HeartRateBpm>
                            <Value>107</Value>
                        </HeartRateBpm>
                        <SensorState>Present</SensorState>
                    </Trackpoint>
                    <Trackpoint>
                        <Time>2025-10-19T00:48:27.000Z</Time>
                        <HeartRateBpm>
                            <Value>106</Value>
                        </HeartRateBpm>
                        <SensorState>Present</SensorState>
                    </Trackpoint>
                    <Trackpoint>
                        <Time>2025-10-19T00:48:28.000Z</Time>
                        <HeartRateBpm>
                            <Value>105</Value>
                        </HeartRateBpm>
                        <SensorState>Present</SensorState>
                    </Trackpoint>
                    <Trackpoint>
                        <Time>2025-10-19T00:48:29.000Z</Time>
                        <HeartRateBpm>
                            <Value>105</Value>
                        </HeartRateBpm>
                        <SensorState>Present</SensorState>
                    </Trackpoint>
                    <Trackpoint>
                        <Time>2025-10-19T00:48:30.000Z</Time>
                        <HeartRateBpm>
                            <Value>105</Value>
                        </HeartRateBpm>
                        <SensorState>Present</SensorState>
                    </Trackpoint>
                    <Trackpoint>
                        <Time>2025-10-19T00:48:31.000Z</Time>
                        <HeartRateBpm>
                            <Value>106</Value>
                        </HeartRateBpm>
                        <SensorState>Present</SensorState>
                    </Trackpoint>
                    <Trackpoint>
                        <Time>2025-10-19T00:48:32.000Z</Time>
                        <HeartRateBpm>
                            <Value>106</Value>
                        </HeartRateBpm>
                        <SensorState>Present</SensorState>
                    </Trackpoint>
                    <Trackpoint>
                        <Time>2025-10-19T00:48:33.000Z</Time>
                        <HeartRateBpm>
                            <Value>106</Value>
                        </HeartRateBpm>
                        <SensorState>Present</SensorState>
                    </Trackpoint>
                    <Trackpoint>
                        <Time>2025-10-19T00:48:34.000Z</Time>
                        <HeartRateBpm>
                            <Value>107</Value>
                        </HeartRateBpm>
                        <SensorState>Present</SensorState>
                    </Trackpoint>
                    <Trackpoint>
                        <Time>2025-10-19T00:48:35.000Z</Time>
                        <HeartRateBpm>
                            <Value>107</Value>
                        </HeartRateBpm>
                        <SensorState>Present</SensorState>
                    </Trackpoint>
                    <Trackpoint>
                        <Time>2025-10-19T00:48:36.000Z</Time>
                        <HeartRateBpm>
                            <Value>106</Value>
                        </HeartRateBpm>
                        <SensorState>Present</SensorState>
                    </Trackpoint>
                    <Trackpoint>
                        <Time>2025-10-19T00:48:37.000Z</Time>
                        <HeartRateBpm>
                            <Value>105</Value>
                        </HeartRateBpm>
                        <SensorState>Present</SensorState>
                    </Trackpoint>
                    <Trackpoint>
                        <Time>2025-10-19T00:48:38.000Z</Time>
                        <HeartRateBpm>
                            <Value>104</Value>
                        </HeartRateBpm>
                        <SensorState>Present</SensorState>
                    </Trackpoint>
                    <Trackpoint>
                        <Time>2025-10-19T00:48:39.000Z</Time>
                        <HeartRateBpm>
                            <Value>104</Value>
                        </HeartRateBpm>
                        <SensorState>Present</SensorState>
                    </Trackpoint>
                    <Trackpoint>
                        <Time>2025-10-19T00:48:40.000Z</Time>
                        <HeartRateBpm>
                            <Value>106</Value>
                        </HeartRateBpm>
                        <SensorState>Present</SensorState>
                    </Trackpoint>
                    <Trackpoint>
                        <Time>2025-10-19T00:48:41.000Z</Time>
                        <HeartRateBpm>
                            <Value>108</Value>
                        </HeartRateBpm>
                        <SensorState>Present</SensorState>
                    </Trackpoint>
                    <Trackpoint>
                        <Time>2025-10-19T00:48:42.000Z</Time>
                        <HeartRateBpm>
                            <Value>107</Value>
                        </HeartRateBpm>
                        <SensorState>Present</SensorState>
                    </Trackpoint>
                    <Trackpoint>
                        <Time>2025-10-19T00:48:43.000Z</Time>
                        <HeartRateBpm>
                            <Value>107</Value>
                        </HeartRateBpm>
                        <SensorState>Present</SensorState>
                    </Trackpoint>
                    <Trackpoint>
                        <Time>2025-10-19T00:48:44.000Z</Time>
                        <HeartRateBpm>
                            <Value>107</Value>
                        </HeartRateBpm>
                        <SensorState>Present</SensorState>
                    </Trackpoint>
                    <Trackpoint>
                        <Time>2025-10-19T00:48:45.000Z</Time>
                        <HeartRateBpm>
                            <Value>107</Value>
                        </HeartRateBpm>
                        <SensorState>Present</SensorState>
                    </Trackpoint>
                    <Trackpoint>
                        <Time>2025-10-19T00:48:46.000Z</Time>
                        <HeartRateBpm>
                            <Value>107</Value>
                        </HeartRateBpm>
                        <SensorState>Present</SensorState>
                    </Trackpoint>
                    <Trackpoint>
                        <Time>2025-10-19T00:48:47.000Z</Time>
                        <HeartRateBpm>
                            <Value>107</Value>
                        </HeartRateBpm>
                        <SensorState>Present</SensorState>
                    </Trackpoint>
                    <Trackpoint>
                        <Time>2025-10-19T00:48:48.000Z</Time>
                        <HeartRateBpm>
                            <Value>105</Value>
                        </HeartRateBpm>
                        <SensorState>Present</SensorState>
                    </Trackpoint>
                    <Trackpoint>
                        <Time>2025-10-19T00:48:49.000Z</Time>
                        <HeartRateBpm>
                            <Value>104</Value>
                        </HeartRateBpm>
                        <SensorState>Present</SensorState>
                    </Trackpoint>
                    <Trackpoint>
                        <Time>2025-10-19T00:48:50.000Z</Time>
                        <HeartRateBpm>
                            <Value>104</Value>
                        </HeartRateBpm>
                        <SensorState>Present</SensorState>
                    </Trackpoint>
                    <Trackpoint>
                        <Time>2025-10-19T00:48:51.000Z</Time>
                        <HeartRateBpm>
                            <Value>104</Value>
                        </HeartRateBpm>
                        <SensorState>Present</SensorState>
                    </Trackpoint>
                    <Trackpoint>
                        <Time>2025-10-19T00:48:52.000Z</Time>
                        <HeartRateBpm>
                            <Value>104</Value>
                        </HeartRateBpm>
                        <SensorState>Present</SensorState>
                    </Trackpoint>
                    <Trackpoint>
                        <Time>2025-10-19T00:48:53.000Z</Time>
                        <HeartRateBpm>
                            <Value>104</Value>
                        </HeartRateBpm>
                        <SensorState>Present</SensorState>
                    </Trackpoint>
                    <Trackpoint>
                        <Time>2025-10-19T00:48:54.000Z</Time>
                        <HeartRateBpm>
                            <Value>105</Value>
                        </HeartRateBpm>
                        <SensorState>Present</SensorState>
                    </Trackpoint>
                    <Trackpoint>
                        <Time>2025-10-19T00:48:55.000Z</Time>
                        <HeartRateBpm>
                            <Value>105</Value>
                        </HeartRateBpm>
                        <SensorState>Present</SensorState>
                    </Trackpoint>
                    <Trackpoint>
                        <Time>2025-10-19T00:48:56.000Z</Time>
                        <HeartRateBpm>
                            <Value>105</Value>
                        </HeartRateBpm>
                        <SensorState>Present</SensorState>
                    </Trackpoint>
                    <Trackpoint>
                        <Time>2025-10-19T00:48:57.000Z</Time>
                        <HeartRateBpm>
                            <Value>106</Value>
                        </HeartRateBpm>
                        <SensorState>Present</SensorState>
                    </Trackpoint>
                    <Trackpoint>
                        <Time>2025-10-19T00:48:58.000Z</Time>
                        <HeartRateBpm>
                            <Value>106</Value>
                        </HeartRateBpm>
                        <SensorState>Present</SensorState>
                    </Trackpoint>
                    <Trackpoint>
                        <Time>2025-10-19T00:48:59.000Z</Time>
                        <HeartRateBpm>
                            <Value>106</Value>
                        </HeartRateBpm>
                        <SensorState>Present</SensorState>
                    </Trackpoint>
                    <Trackpoint>
                        <Time>2025-10-19T00:49:00.000Z</Time>
                        <HeartRateBpm>
                            <Value>103</Value>
                        </HeartRateBpm>
                        <SensorState>Present</SensorState>
                    </Trackpoint>
                    <Trackpoint>
                        <Time>2025-10-19T00:49:01.000Z</Time>
                        <HeartRateBpm>
                            <Value>103</Value>
                        </HeartRateBpm>
                        <SensorState>Present</SensorState>
                    </Trackpoint>
                    <Trackpoint>
                        <Time>2025-10-19T00:49:02.000Z</Time>
                        <HeartRateBpm>
                            <Value>104</Value>
                        </HeartRateBpm>
                        <SensorState>Present</SensorState>
                    </Trackpoint>
                    <Trackpoint>
                        <Time>2025-10-19T00:49:03.000Z</Time>
                        <HeartRateBpm>
                            <Value>105</Value>
                        </HeartRateBpm>
                        <SensorState>Present</SensorState>
                    </Trackpoint>
                    <Trackpoint>
                        <Time>2025-10-19T00:49:04.000Z</Time>
                        <HeartRateBpm>
                            <Value>106</Value>
                        </HeartRateBpm>
                        <SensorState>Present</SensorState>
                    </Trackpoint>
                    <Trackpoint>
                        <Time>2025-10-19T00:49:05.000Z</Time>
                        <HeartRateBpm>
                            <Value>106</Value>
                        </HeartRateBpm>
                        <SensorState>Present</SensorState>
                    </Trackpoint>
                    <Trackpoint>
                        <Time>2025-10-19T00:49:06.000Z</Time>
                        <HeartRateBpm>
                            <Value>106</Value>
                        </HeartRateBpm>
                        <SensorState>Present</SensorState>
                    </Trackpoint>
                    <Trackpoint>
                        <Time>2025-10-19T00:49:07.000Z</Time>
                        <HeartRateBpm>
                            <Value>106</Value>
                        </HeartRateBpm>
                        <SensorState>Present</SensorState>
                    </Trackpoint>
                    <Trackpoint>
                        <Time>2025-10-19T00:49:08.000Z</Time>
                        <HeartRateBpm>
                            <Value>107</Value>
                        </HeartRateBpm>
                        <SensorState>Present</SensorState>
                    </Trackpoint>
                    <Trackpoint>
                        <Time>2025-10-19T00:49:09.000Z</Time>
                        <HeartRateBpm>
                            <Value>108</Value>
                        </HeartRateBpm>
                        <SensorState>Present</SensorState>
                    </Trackpoint>
                    <Trackpoint>
                        <Time>2025-10-19T00:49:10.000Z</Time>
                        <HeartRateBpm>
                            <Value>107</Value>
                        </HeartRateBpm>
                        <SensorState>Present</SensorState>
                    </Trackpoint>
                    <Trackpoint>
                        <Time>2025-10-19T00:49:11.000Z</Time>
                        <HeartRateBpm>
                            <Value>107</Value>
                        </HeartRateBpm>
                        <SensorState>Present</SensorState>
                    </Trackpoint>
                    <Trackpoint>
                        <Time>2025-10-19T00:49:12.000Z</Time>
                        <HeartRateBpm>
                            <Value>107</Value>
                        </HeartRateBpm>
                        <SensorState>Present</SensorState>
                    </Trackpoint>
                    <Trackpoint>
                        <Time>2025-10-19T00:49:13.000Z</Time>
                        <HeartRateBpm>
                            <Value>107</Value>
                        </HeartRateBpm>
                        <SensorState>Present</SensorState>
                    </Trackpoint>
                    <Trackpoint>
                        <Time>2025-10-19T00:49:14.000Z</Time>
                        <HeartRateBpm>
                            <Value>106</Value>
                        </HeartRateBpm>
                        <SensorState>Present</SensorState>
                    </Trackpoint>
                    <Trackpoint>
                        <Time>2025-10-19T00:49:15.000Z</Time>
                        <HeartRateBpm>
                            <Value>106</Value>
                        </HeartRateBpm>
                        <SensorState>Present</SensorState>
                    </Trackpoint>
                    <Trackpoint>
                        <Time>2025-10-19T00:49:16.000Z</Time>
                        <HeartRateBpm>
                            <Value>105</Value>
                        </HeartRateBpm>
                        <SensorState>Present</SensorState>
                    </Trackpoint>
                    <Trackpoint>
                        <Time>2025-10-19T00:49:17.000Z</Time>
                        <HeartRateBpm>
                            <Value>105</Value>
                        </HeartRateBpm>
                        <SensorState>Present</SensorState>
                    </Trackpoint>
                    <Trackpoint>
                        <Time>2025-10-19T00:49:18.000Z</Time>
                        <HeartRateBpm>
                            <Value>104</Value>
                        </HeartRateBpm>
                        <SensorState>Present</SensorState>
                    </Trackpoint>
                    <Trackpoint>
                        <Time>2025-10-19T00:49:19.000Z</Time>
                        <HeartRateBpm>
                            <Value>103</Value>
                        </HeartRateBpm>
                        <SensorState>Present</SensorState>
                    </Trackpoint>
                    <Trackpoint>
                        <Time>2025-10-19T00:49:20.000Z</Time>
                        <HeartRateBpm>
                            <Value>102</Value>
                        </HeartRateBpm>
                        <SensorState>Present</SensorState>
                    </Trackpoint>
                    <Trackpoint>
                        <Time>2025-10-19T00:49:21.000Z</Time>
                        <HeartRateBpm>
                            <Value>102</Value>
                        </HeartRateBpm>
                        <SensorState>Present</SensorState>
                    </Trackpoint>
                    <Trackpoint>
                        <Time>2025-10-19T00:49:22.000Z</Time>
                        <HeartRateBpm>
                            <Value>102</Value>
                        </HeartRateBpm>
                        <SensorState>Present</SensorState>
                    </Trackpoint>
                    <Trackpoint>
                        <Time>2025-10-19T00:49:23.000Z</Time>
                        <HeartRateBpm>
                            <Value>102</Value>
                        </HeartRateBpm>
                        <SensorState>Present</SensorState>
                    </Trackpoint>
                    <Trackpoint>
                        <Time>2025-10-19T00:49:24.000Z</Time>
                        <HeartRateBpm>
                            <Value>102</Value>
                        </HeartRateBpm>
                        <SensorState>Present</SensorState>
                    </Trackpoint>
                    <Trackpoint>
                        <Time>2025-10-19T00:49:25.000Z</Time>
                        <HeartRateBpm>
                            <Value>102</Value>
                        </HeartRateBpm>
                        <SensorState>Present</SensorState>
                    </Trackpoint>
                    <Trackpoint>
                        <Time>2025-10-19T00:49:26.000Z</Time>
                        <HeartRateBpm>
                            <Value>102</Value>
                        </HeartRateBpm>
                        <SensorState>Present</SensorState>
                    </Trackpoint>
                    <Trackpoint>
                        <Time>2025-10-19T00:49:27.000Z</Time>
                        <HeartRateBpm>
                            <Value>102</Value>
                        </HeartRateBpm>
                        <SensorState>Present</SensorState>
                    </Trackpoint>
                    <Trackpoint>
                        <Time>2025-10-19T00:49:28.000Z</Time>
                        <HeartRateBpm>
                            <Value>101</Value>
                        </HeartRateBpm>
                        <SensorState>Present</SensorState>
                    </Trackpoint>
                    <Trackpoint>
                        <Time>2025-10-19T00:49:29.000Z</Time>
                        <HeartRateBpm>
                            <Value>101</Value>
                        </HeartRateBpm>
                        <SensorState>Present</SensorState>
                    </Trackpoint>
                    <Trackpoint>
                        <Time>2025-10-19T00:49:30.000Z</Time>
                        <HeartRateBpm>
                            <Value>101</Value>
                        </HeartRateBpm>
                        <SensorState>Present</SensorState>
                    </Trackpoint>
                    <Trackpoint>
                        <Time>2025-10-19T00:49:31.000Z</Time>
                        <HeartRateBpm>
                            <Value>101</Value>
                        </HeartRateBpm>
                        <SensorState>Present</SensorState>
                    </Trackpoint>
                    <Trackpoint>
                        <Time>2025-10-19T00:49:32.000Z</Time>
                        <HeartRateBpm>
                            <Value>101</Value>
                        </HeartRateBpm>
                        <SensorState>Present</SensorState>
                    </Trackpoint>
                    <Trackpoint>
                        <Time>2025-10-19T00:49:33.000Z</Time>
                        <HeartRateBpm>
                            <Value>100</Value>
                        </HeartRateBpm>
                        <SensorState>Present</SensorState>
                    </Trackpoint>
                    <Trackpoint>
                        <Time>2025-10-19T00:49:34.000Z</Time>
                        <HeartRateBpm>
                            <Value>98</Value>
                        </HeartRateBpm>
                        <SensorState>Present</SensorState>
                    </Trackpoint>
                    <Trackpoint>
                        <Time>2025-10-19T00:49:35.000Z</Time>
                        <HeartRateBpm>
                            <Value>98</Value>
                        </HeartRateBpm>
                        <SensorState>Present</SensorState>
                    </Trackpoint>
                    <Trackpoint>
                        <Time>2025-10-19T00:49:36.000Z</Time>
                        <HeartRateBpm>
                            <Value>97</Value>
                        </HeartRateBpm>
                        <SensorState>Present</SensorState>
                    </Trackpoint>
                    <Trackpoint>
                        <Time>2025-10-19T00:49:37.000Z</Time>
                        <HeartRateBpm>
                            <Value>97</Value>
                        </HeartRateBpm>
                        <SensorState>Present</SensorState>
                    </Trackpoint>
                    <Trackpoint>
                        <Time>2025-10-19T00:49:38.000Z</Time>
                        <HeartRateBpm>
                            <Value>97</Value>
                        </HeartRateBpm>
                        <SensorState>Present</SensorState>
                    </Trackpoint>
                    <Trackpoint>
                        <Time>2025-10-19T00:49:39.000Z</Time>
                        <HeartRateBpm>
                            <Value>97</Value>
                        </HeartRateBpm>
                        <SensorState>Present</SensorState>
                    </Trackpoint>
                    <Trackpoint>
                        <Time>2025-10-19T00:49:40.000Z</Time>
                        <HeartRateBpm>
                            <Value>96</Value>
                        </HeartRateBpm>
                        <SensorState>Present</SensorState>
                    </Trackpoint>
                    <Trackpoint>
                        <Time>2025-10-19T00:49:41.000Z</Time>
                        <HeartRateBpm>
                            <Value>96</Value>
                        </HeartRateBpm>
                        <SensorState>Present</SensorState>
                    </Trackpoint>
                    <Trackpoint>
                        <Time>2025-10-19T00:49:42.000Z</Time>
                        <HeartRateBpm>
                            <Value>96</Value>
                        </HeartRateBpm>
                        <SensorState>Present</SensorState>
                    </Trackpoint>
                    <Trackpoint>
                        <Time>2025-10-19T00:49:43.000Z</Time>
                        <HeartRateBpm>
                            <Value>96</Value>
                        </HeartRateBpm>
                        <SensorState>Present</SensorState>
                    </Trackpoint>
                    <Trackpoint>
                        <Time>2025-10-19T00:49:44.000Z</Time>
                        <HeartRateBpm>
                            <Value>95</Value>
                        </HeartRateBpm>
                        <SensorState>Present</SensorState>
                    </Trackpoint>
                    <Trackpoint>
                        <Time>2025-10-19T00:49:45.000Z</Time>
                        <HeartRateBpm>
                            <Value>95</Value>
                        </HeartRateBpm>
                        <SensorState>Present</SensorState>
                    </Trackpoint>
                    <Trackpoint>
                        <Time>2025-10-19T00:49:46.000Z</Time>
                        <HeartRateBpm>
                            <Value>96</Value>
                        </HeartRateBpm>
                        <SensorState>Present</SensorState>
                    </Trackpoint>
                    <Trackpoint>
                        <Time>2025-10-19T00:49:47.000Z</Time>
                        <HeartRateBpm>
                            <Value>97</Value>
                        </HeartRateBpm>
                        <SensorState>Present</SensorState>
                    </Trackpoint>
                    <Trackpoint>
                        <Time>2025-10-19T00:49:48.000Z</Time>
                        <HeartRateBpm>
                            <Value>99</Value>
                        </HeartRateBpm>
                        <SensorState>Present</SensorState>
                    </Trackpoint>
                    <Trackpoint>
                        <Time>2025-10-19T00:49:49.000Z</Time>
                        <HeartRateBpm>
                            <Value>100</Value>
                        </HeartRateBpm>
                        <SensorState>Present</SensorState>
                    </Trackpoint>
                    <Trackpoint>
                        <Time>2025-10-19T00:49:50.000Z</Time>
                        <HeartRateBpm>
                            <Value>104</Value>
                        </HeartRateBpm>
                        <SensorState>Present</SensorState>
                    </Trackpoint>
                    <Trackpoint>
                        <Time>2025-10-19T00:49:51.000Z</Time>
                        <HeartRateBpm>
                            <Value>104</Value>
                        </HeartRateBpm>
                        <SensorState>Present</SensorState>
                    </Trackpoint>
                    <Trackpoint>
                        <Time>2025-10-19T00:49:52.000Z</Time>
                        <HeartRateBpm>
                            <Value>104</Value>
                        </HeartRateBpm>
                        <SensorState>Present</SensorState>
                    </Trackpoint>
                    <Trackpoint>
                        <Time>2025-10-19T00:49:53.000Z</Time>
                        <HeartRateBpm>
                            <Value>102</Value>
                        </HeartRateBpm>
                        <SensorState>Present</SensorState>
                    </Trackpoint>
                    <Trackpoint>
                        <Time>2025-10-19T00:49:54.000Z</Time>
                        <HeartRateBpm>
                            <Value>95</Value>
                        </HeartRateBpm>
                        <SensorState>Present</SensorState>
                    </Trackpoint>
                    <Trackpoint>
                        <Time>2025-10-19T00:49:55.000Z</Time>
                        <HeartRateBpm>
                            <Value>94</Value>
                        </HeartRateBpm>
                        <SensorState>Present</SensorState>
                    </Trackpoint>
                    <Trackpoint>
                        <Time>2025-10-19T00:49:56.000Z</Time>
                        <HeartRateBpm>
                            <Value>93</Value>
                        </HeartRateBpm>
                        <SensorState>Present</SensorState>
                    </Trackpoint>
                    <Trackpoint>
                        <Time>2025-10-19T00:49:57.000Z</Time>
                        <HeartRateBpm>
                            <Value>92</Value>
                        </HeartRateBpm>
                        <SensorState>Present</SensorState>
                    </Trackpoint>
                    <Trackpoint>
                        <Time>2025-10-19T00:49:58.000Z</Time>
                        <HeartRateBpm>
                            <Value>95</Value>
                        </HeartRateBpm>
                        <SensorState>Present</SensorState>
                    </Trackpoint>
                    <Trackpoint>
                        <Time>2025-10-19T00:49:59.000Z</Time>
                        <HeartRateBpm>
                            <Value>97</Value>
                        </HeartRateBpm>
                        <SensorState>Present</SensorState>
                    </Trackpoint>
                    <Trackpoint>
                        <Time>2025-10-19T00:50:00.000Z</Time>
                        <HeartRateBpm>
                            <Value>98</Value>
                        </HeartRateBpm>
                        <SensorState>Present</SensorState>
                    </Trackpoint>
                    <Trackpoint>
                        <Time>2025-10-19T00:50:01.000Z</Time>
                        <HeartRateBpm>
                            <Value>100</Value>
                        </HeartRateBpm>
                        <SensorState>Present</SensorState>
                    </Trackpoint>
                    <Trackpoint>
                        <Time>2025-10-19T00:50:02.000Z</Time>
                        <HeartRateBpm>
                            <Value>102</Value>
                        </HeartRateBpm>
                        <SensorState>Present</SensorState>
                    </Trackpoint>
                    <Trackpoint>
                        <Time>2025-10-19T00:50:03.000Z</Time>
                        <HeartRateBpm>
                            <Value>103</Value>
                        </HeartRateBpm>
                        <SensorState>Present</SensorState>
                    </Trackpoint>
                    <Trackpoint>
                        <Time>2025-10-19T00:50:04.000Z</Time>
                        <HeartRateBpm>
                            <Value>105</Value>
                        </HeartRateBpm>
                        <SensorState>Present</SensorState>
                    </Trackpoint>
                    <Trackpoint>
                        <Time>2025-10-19T00:50:05.000Z</Time>
                        <HeartRateBpm>
                            <Value>103</Value>
                        </HeartRateBpm>
                        <SensorState>Present</SensorState>
                    </Trackpoint>
                    <Trackpoint>
                        <Time>2025-10-19T00:50:06.000Z</Time>
                        <HeartRateBpm>
                            <Value>102</Value>
                        </HeartRateBpm>
                        <SensorState>Present</SensorState>
                    </Trackpoint>
                    <Trackpoint>
                        <Time>2025-10-19T00:50:07.000Z</Time>
                        <HeartRateBpm>
                            <Value>102</Value>
                        </HeartRateBpm>
                        <SensorState>Present</SensorState>
                    </Trackpoint>
                    <Trackpoint>
                        <Time>2025-10-19T00:50:08.000Z</Time>
                        <HeartRateBpm>
                            <Value>103</Value>
                        </HeartRateBpm>
                        <SensorState>Present</SensorState>
                    </Trackpoint>
                    <Trackpoint>
                        <Time>2025-10-19T00:50:09.000Z</Time>
                        <HeartRateBpm>
                            <Value>104</Value>
                        </HeartRateBpm>
                        <SensorState>Present</SensorState>
                    </Trackpoint>
                    <Trackpoint>
                        <Time>2025-10-19T00:50:10.000Z</Time>
                        <HeartRateBpm>
                            <Value>105</Value>
                        </HeartRateBpm>
                        <SensorState>Present</SensorState>
                    </Trackpoint>
                    <Trackpoint>
                        <Time>2025-10-19T00:50:11.000Z</Time>
                        <HeartRateBpm>
                            <Value>105</Value>
                        </HeartRateBpm>
                        <SensorState>Present</SensorState>
                    </Trackpoint>
                    <Trackpoint>
                        <Time>2025-10-19T00:50:12.000Z</Time>
                        <HeartRateBpm>
                            <Value>106</Value>
                        </HeartRateBpm>
                        <SensorState>Present</SensorState>
                    </Trackpoint>
                    <Trackpoint>
                        <Time>2025-10-19T00:50:13.000Z</Time>
                        <HeartRateBpm>
                            <Value>106</Value>
                        </HeartRateBpm>
                        <SensorState>Present</SensorState>
                    </Trackpoint>
                    <Trackpoint>
                        <Time>2025-10-19T00:50:14.000Z</Time>
                        <HeartRateBpm>
                            <Value>106</Value>
                        </HeartRateBpm>
                        <SensorState>Present</SensorState>
                    </Trackpoint>
                    <Trackpoint>
                        <Time>2025-10-19T00:50:15.000Z</Time>
                        <HeartRateBpm>
                            <Value>106</Value>
                        </HeartRateBpm>
                        <SensorState>Present</SensorState>
                    </Trackpoint>
                    <Trackpoint>
                        <Time>2025-10-19T00:50:16.000Z</Time>
                        <HeartRateBpm>
                            <Value>107</Value>
                        </HeartRateBpm>
                        <SensorState>Present</SensorState>
                    </Trackpoint>
                    <Trackpoint>
                        <Time>2025-10-19T00:50:17.000Z</Time>
                        <HeartRateBpm>
                            <Value>107</Value>
                        </HeartRateBpm>
                        <SensorState>Present</SensorState>
                    </Trackpoint>
                    <Trackpoint>
                        <Time>2025-10-19T00:50:18.000Z</Time>
                        <HeartRateBpm>
                            <Value>107</Value>
                        </HeartRateBpm>
                        <SensorState>Present</SensorState>
                    </Trackpoint>
                    <Trackpoint>
                        <Time>2025-10-19T00:50:19.000Z</Time>
                        <HeartRateBpm>
                            <Value>108</Value>
                        </HeartRateBpm>
                        <SensorState>Present</SensorState>
                    </Trackpoint>
                    <Trackpoint>
                        <Time>2025-10-19T00:50:20.000Z</Time>
                        <HeartRateBpm>
                            <Value>108</Value>
                        </HeartRateBpm>
                        <SensorState>Present</SensorState>
                    </Trackpoint>
                    <Trackpoint>
                        <Time>2025-10-19T00:50:21.000Z</Time>
                        <HeartRateBpm>
                            <Value>109</Value>
                        </HeartRateBpm>
                        <SensorState>Present</SensorState>
                    </Trackpoint>
                    <Trackpoint>
                        <Time>2025-10-19T00:50:22.000Z</Time>
                        <HeartRateBpm>
                            <Value>109</Value>
                        </HeartRateBpm>
                        <SensorState>Present</SensorState>
                    </Trackpoint>
                    <Trackpoint>
                        <Time>2025-10-19T00:50:23.000Z</Time>
                        <HeartRateBpm>
                            <Value>109</Value>
                        </HeartRateBpm>
                        <SensorState>Present</SensorState>
                    </Trackpoint>
                    <Trackpoint>
                        <Time>2025-10-19T00:50:24.000Z</Time>
                        <HeartRateBpm>
                            <Value>108</Value>
                        </HeartRateBpm>
                        <SensorState>Present</SensorState>
                    </Trackpoint>
                    <Trackpoint>
                        <Time>2025-10-19T00:50:25.000Z</Time>
                        <HeartRateBpm>
                            <Value>106</Value>
                        </HeartRateBpm>
                        <SensorState>Present</SensorState>
                    </Trackpoint>
                    <Trackpoint>
                        <Time>2025-10-19T00:50:26.000Z</Time>
                        <HeartRateBpm>
                            <Value>106</Value>
                        </HeartRateBpm>
                        <SensorState>Present</SensorState>
                    </Trackpoint>
                    <Trackpoint>
                        <Time>2025-10-19T00:50:27.000Z</Time>
                        <HeartRateBpm>
                            <Value>106</Value>
                        </HeartRateBpm>
                        <SensorState>Present</SensorState>
                    </Trackpoint>
                    <Trackpoint>
                        <Time>2025-10-19T00:50:28.000Z</Time>
                        <HeartRateBpm>
                            <Value>108</Value>
                        </HeartRateBpm>
                        <SensorState>Present</SensorState>
                    </Trackpoint>
                    <Trackpoint>
                        <Time>2025-10-19T00:50:29.000Z</Time>
                        <HeartRateBpm>
                            <Value>109</Value>
                        </HeartRateBpm>
                        <SensorState>Present</SensorState>
                    </Trackpoint>
                    <Trackpoint>
                        <Time>2025-10-19T00:50:30.000Z</Time>
                        <HeartRateBpm>
                            <Value>109</Value>
                        </HeartRateBpm>
                        <SensorState>Present</SensorState>
                    </Trackpoint>
                    <Trackpoint>
                        <Time>2025-10-19T00:50:31.000Z</Time>
                        <HeartRateBpm>
                            <Value>107</Value>
                        </HeartRateBpm>
                        <SensorState>Present</SensorState>
                    </Trackpoint>
                    <Trackpoint>
                        <Time>2025-10-19T00:50:32.000Z</Time>
                        <HeartRateBpm>
                            <Value>106</Value>
                        </HeartRateBpm>
                        <SensorState>Present</SensorState>
                    </Trackpoint>
                    <Trackpoint>
                        <Time>2025-10-19T00:50:33.000Z</Time>
                        <HeartRateBpm>
                            <Value>106</Value>
                        </HeartRateBpm>
                        <SensorState>Present</SensorState>
                    </Trackpoint>
                    <Trackpoint>
                        <Time>2025-10-19T00:50:34.000Z</Time>
                        <HeartRateBpm>
                            <Value>106</Value>
                        </HeartRateBpm>
                        <SensorState>Present</SensorState>
                    </Trackpoint>
                    <Trackpoint>
                        <Time>2025-10-19T00:50:35.000Z</Time>
                        <HeartRateBpm>
                            <Value>105</Value>
                        </HeartRateBpm>
                        <SensorState>Present</SensorState>
                    </Trackpoint>
                    <Trackpoint>
                        <Time>2025-10-19T00:50:36.000Z</Time>
                        <HeartRateBpm>
                            <Value>105</Value>
                        </HeartRateBpm>
                        <SensorState>Present</SensorState>
                    </Trackpoint>
                    <Trackpoint>
                        <Time>2025-10-19T00:50:37.000Z</Time>
                        <HeartRateBpm>
                            <Value>105</Value>
                        </HeartRateBpm>
                        <SensorState>Present</SensorState>
                    </Trackpoint>
                    <Trackpoint>
                        <Time>2025-10-19T00:50:38.000Z</Time>
                        <HeartRateBpm>
                            <Value>107</Value>
                        </HeartRateBpm>
                        <SensorState>Present</SensorState>
                    </Trackpoint>
                    <Trackpoint>
                        <Time>2025-10-19T00:50:39.000Z</Time>
                        <HeartRateBpm>
                            <Value>107</Value>
                        </HeartRateBpm>
                        <SensorState>Present</SensorState>
                    </Trackpoint>
                    <Trackpoint>
                        <Time>2025-10-19T00:50:40.000Z</Time>
                        <HeartRateBpm>
                            <Value>107</Value>
                        </HeartRateBpm>
                        <SensorState>Present</SensorState>
                    </Trackpoint>
                    <Trackpoint>
                        <Time>2025-10-19T00:50:41.000Z</Time>
                        <HeartRateBpm>
                            <Value>107</Value>
                        </HeartRateBpm>
                        <SensorState>Present</SensorState>
                    </Trackpoint>
                    <Trackpoint>
                        <Time>2025-10-19T00:50:42.000Z</Time>
                        <HeartRateBpm>
                            <Value>106</Value>
                        </HeartRateBpm>
                        <SensorState>Present</SensorState>
                    </Trackpoint>
                    <Trackpoint>
                        <Time>2025-10-19T00:50:43.000Z</Time>
                        <HeartRateBpm>
                            <Value>105</Value>
                        </HeartRateBpm>
                        <SensorState>Present</SensorState>
                    </Trackpoint>
                    <Trackpoint>
                        <Time>2025-10-19T00:50:44.000Z</Time>
                        <HeartRateBpm>
                            <Value>103</Value>
                        </HeartRateBpm>
                        <SensorState>Present</SensorState>
                    </Trackpoint>
                    <Trackpoint>
                        <Time>2025-10-19T00:50:45.000Z</Time>
                        <HeartRateBpm>
                            <Value>100</Value>
                        </HeartRateBpm>
                        <SensorState>Present</SensorState>
                    </Trackpoint>
                    <Trackpoint>
                        <Time>2025-10-19T00:50:46.000Z</Time>
                        <HeartRateBpm>
                            <Value>99</Value>
                        </HeartRateBpm>
                        <SensorState>Present</SensorState>
                    </Trackpoint>
                    <Trackpoint>
                        <Time>2025-10-19T00:50:47.000Z</Time>
                        <HeartRateBpm>
                            <Value>100</Value>
                        </HeartRateBpm>
                        <SensorState>Present</SensorState>
                    </Trackpoint>
                    <Trackpoint>
                        <Time>2025-10-19T00:50:48.000Z</Time>
                        <HeartRateBpm>
                            <Value>100</Value>
                        </HeartRateBpm>
                        <SensorState>Present</SensorState>
                    </Trackpoint>
                    <Trackpoint>
                        <Time>2025-10-19T00:50:49.000Z</Time>
                        <HeartRateBpm>
                            <Value>103</Value>
                        </HeartRateBpm>
                        <SensorState>Present</SensorState>
                    </Trackpoint>
                    <Trackpoint>
                        <Time>2025-10-19T00:50:50.000Z</Time>
                        <HeartRateBpm>
                            <Value>105</Value>
                        </HeartRateBpm>
                        <SensorState>Present</SensorState>
                    </Trackpoint>
                    <Trackpoint>
                        <Time>2025-10-19T00:50:51.000Z</Time>
                        <HeartRateBpm>
                            <Value>105</Value>
                        </HeartRateBpm>
                        <SensorState>Present</SensorState>
                    </Trackpoint>
                    <Trackpoint>
                        <Time>2025-10-19T00:50:52.000Z</Time>
                        <HeartRateBpm>
                            <Value>106</Value>
                        </HeartRateBpm>
                        <SensorState>Present</SensorState>
                    </Trackpoint>
                    <Trackpoint>
                        <Time>2025-10-19T00:50:53.000Z</Time>
                        <HeartRateBpm>
                            <Value>106</Value>
                        </HeartRateBpm>
                        <SensorState>Present</SensorState>
                    </Trackpoint>
                    <Trackpoint>
                        <Time>2025-10-19T00:50:54.000Z</Time>
                        <HeartRateBpm>
                            <Value>107</Value>
                        </HeartRateBpm>
                        <SensorState>Present</SensorState>
                    </Trackpoint>
                    <Trackpoint>
                        <Time>2025-10-19T00:50:55.000Z</Time>
                        <HeartRateBpm>
                            <Value>108</Value>
                        </HeartRateBpm>
                        <SensorState>Present</SensorState>
                    </Trackpoint>
                    <Trackpoint>
                        <Time>2025-10-19T00:50:56.000Z</Time>
                        <HeartRateBpm>
                            <Value>108</Value>
                        </HeartRateBpm>
                        <SensorState>Present</SensorState>
                    </Trackpoint>
                    <Trackpoint>
                        <Time>2025-10-19T00:50:57.000Z</Time>
                        <HeartRateBpm>
                            <Value>106</Value>
                        </HeartRateBpm>
                        <SensorState>Present</SensorState>
                    </Trackpoint>
                    <Trackpoint>
                        <Time>2025-10-19T00:50:58.000Z</Time>
                        <HeartRateBpm>
                            <Value>102</Value>
                        </HeartRateBpm>
                        <SensorState>Present</SensorState>
                    </Trackpoint>
                    <Trackpoint>
                        <Time>2025-10-19T00:50:59.000Z</Time>
                        <HeartRateBpm>
                            <Value>101</Value>
                        </HeartRateBpm>
                        <SensorState>Present</SensorState>
                    </Trackpoint>
                    <Trackpoint>
                        <Time>2025-10-19T00:51:00.000Z</Time>
                        <HeartRateBpm>
                            <Value>101</Value>
                        </HeartRateBpm>
                        <SensorState>Present</SensorState>
                    </Trackpoint>
                    <Trackpoint>
                        <Time>2025-10-19T00:51:01.000Z</Time>
                        <HeartRateBpm>
                            <Value>104</Value>
                        </HeartRateBpm>
                        <SensorState>Present</SensorState>
                    </Trackpoint>
                    <Trackpoint>
                        <Time>2025-10-19T00:51:02.000Z</Time>
                        <HeartRateBpm>
                            <Value>105</Value>
                        </HeartRateBpm>
                        <SensorState>Present</SensorState>
                    </Trackpoint>
                    <Trackpoint>
                        <Time>2025-10-19T00:51:03.000Z</Time>
                        <HeartRateBpm>
                            <Value>107</Value>
                        </HeartRateBpm>
                        <SensorState>Present</SensorState>
                    </Trackpoint>
                    <Trackpoint>
                        <Time>2025-10-19T00:51:04.000Z</Time>
                        <HeartRateBpm>
                            <Value>108</Value>
                        </HeartRateBpm>
                        <SensorState>Present</SensorState>
                    </Trackpoint>
                    <Trackpoint>
                        <Time>2025-10-19T00:51:05.000Z</Time>
                        <HeartRateBpm>
                            <Value>109</Value>
                        </HeartRateBpm>
                        <SensorState>Present</SensorState>
                    </Trackpoint>
                    <Trackpoint>
                        <Time>2025-10-19T00:51:06.000Z</Time>
                        <HeartRateBpm>
                            <Value>110</Value>
                        </HeartRateBpm>
                        <SensorState>Present</SensorState>
                    </Trackpoint>
                    <Trackpoint>
                        <Time>2025-10-19T00:51:07.000Z</Time>
                        <HeartRateBpm>
                            <Value>111</Value>
                        </HeartRateBpm>
                        <SensorState>Present</SensorState>
                    </Trackpoint>
                    <Trackpoint>
                        <Time>2025-10-19T00:51:08.000Z</Time>
                        <HeartRateBpm>
                            <Value>112</Value>
                        </HeartRateBpm>
                        <SensorState>Present</SensorState>
                    </Trackpoint>
                    <Trackpoint>
                        <Time>2025-10-19T00:51:09.000Z</Time>
                        <HeartRateBpm>
                            <Value>110</Value>
                        </HeartRateBpm>
                        <SensorState>Present</SensorState>
                    </Trackpoint>
                    <Trackpoint>
                        <Time>2025-10-19T00:51:10.000Z</Time>
                        <HeartRateBpm>
                            <Value>108</Value>
                        </HeartRateBpm>
                        <SensorState>Present</SensorState>
                    </Trackpoint>
                    <Trackpoint>
                        <Time>2025-10-19T00:51:11.000Z</Time>
                        <HeartRateBpm>
                            <Value>108</Value>
                        </HeartRateBpm>
                        <SensorState>Present</SensorState>
                    </Trackpoint>
                    <Trackpoint>
                        <Time>2025-10-19T00:51:12.000Z</Time>
                        <HeartRateBpm>
                            <Value>108</Value>
                        </HeartRateBpm>
                        <SensorState>Present</SensorState>
                    </Trackpoint>
                    <Trackpoint>
                        <Time>2025-10-19T00:51:13.000Z</Time>
                        <HeartRateBpm>
                            <Value>109</Value>
                        </HeartRateBpm>
                        <SensorState>Present</SensorState>
                    </Trackpoint>
                    <Trackpoint>
                        <Time>2025-10-19T00:51:14.000Z</Time>
                        <HeartRateBpm>
                            <Value>109</Value>
                        </HeartRateBpm>
                        <SensorState>Present</SensorState>
                    </Trackpoint>
                    <Trackpoint>
                        <Time>2025-10-19T00:51:15.000Z</Time>
                        <HeartRateBpm>
                            <Value>109</Value>
                        </HeartRateBpm>
                        <SensorState>Present</SensorState>
                    </Trackpoint>
                    <Trackpoint>
                        <Time>2025-10-19T00:51:16.000Z</Time>
                        <HeartRateBpm>
                            <Value>110</Value>
                        </HeartRateBpm>
                        <SensorState>Present</SensorState>
                    </Trackpoint>
                    <Trackpoint>
                        <Time>2025-10-19T00:51:17.000Z</Time>
                        <HeartRateBpm>
                            <Value>110</Value>
                        </HeartRateBpm>
                        <SensorState>Present</SensorState>
                    </Trackpoint>
                    <Trackpoint>
                        <Time>2025-10-19T00:51:18.000Z</Time>
                        <HeartRateBpm>
                            <Value>110</Value>
                        </HeartRateBpm>
                        <SensorState>Present</SensorState>
                    </Trackpoint>
                    <Trackpoint>
                        <Time>2025-10-19T00:51:19.000Z</Time>
                        <HeartRateBpm>
                            <Value>108</Value>
                        </HeartRateBpm>
                        <SensorState>Present</SensorState>
                    </Trackpoint>
                    <Trackpoint>
                        <Time>2025-10-19T00:51:20.000Z</Time>
                        <HeartRateBpm>
                            <Value>106</Value>
                        </HeartRateBpm>
                        <SensorState>Present</SensorState>
                    </Trackpoint>
                    <Trackpoint>
                        <Time>2025-10-19T00:51:21.000Z</Time>
                        <HeartRateBpm>
                            <Value>107</Value>
                        </HeartRateBpm>
                        <SensorState>Present</SensorState>
                    </Trackpoint>
                    <Trackpoint>
                        <Time>2025-10-19T00:51:22.000Z</Time>
                        <HeartRateBpm>
                            <Value>109</Value>
                        </HeartRateBpm>
                        <SensorState>Present</SensorState>
                    </Trackpoint>
                    <Trackpoint>
                        <Time>2025-10-19T00:51:23.000Z</Time>
                        <HeartRateBpm>
                            <Value>112</Value>
                        </HeartRateBpm>
                        <SensorState>Present</SensorState>
                    </Trackpoint>
                    <Trackpoint>
                        <Time>2025-10-19T00:51:24.000Z</Time>
                        <HeartRateBpm>
                            <Value>115</Value>
                        </HeartRateBpm>
                        <SensorState>Present</SensorState>
                    </Trackpoint>
                    <Trackpoint>
                        <Time>2025-10-19T00:51:25.000Z</Time>
                        <HeartRateBpm>
                            <Value>116</Value>
                        </HeartRateBpm>
                        <SensorState>Present</SensorState>
                    </Trackpoint>
                    <Trackpoint>
                        <Time>2025-10-19T00:51:26.000Z</Time>
                        <HeartRateBpm>
                            <Value>116</Value>
                        </HeartRateBpm>
                        <SensorState>Present</SensorState>
                    </Trackpoint>
                    <Trackpoint>
                        <Time>2025-10-19T00:51:27.000Z</Time>
                        <HeartRateBpm>
                            <Value>116</Value>
                        </HeartRateBpm>
                        <SensorState>Present</SensorState>
                    </Trackpoint>
                    <Trackpoint>
                        <Time>2025-10-19T00:51:28.000Z</Time>
                        <HeartRateBpm>
                            <Value>117</Value>
                        </HeartRateBpm>
                        <SensorState>Present</SensorState>
                    </Trackpoint>
                    <Trackpoint>
                        <Time>2025-10-19T00:51:29.000Z</Time>
                        <HeartRateBpm>
                            <Value>118</Value>
                        </HeartRateBpm>
                        <SensorState>Present</SensorState>
                    </Trackpoint>
                    <Trackpoint>
                        <Time>2025-10-19T00:51:30.000Z</Time>
                        <HeartRateBpm>
                            <Value>119</Value>
                        </HeartRateBpm>
                        <SensorState>Present</SensorState>
                    </Trackpoint>
                    <Trackpoint>
                        <Time>2025-10-19T00:51:31.000Z</Time>
                        <HeartRateBpm>
                            <Value>120</Value>
                        </HeartRateBpm>
                        <SensorState>Present</SensorState>
                    </Trackpoint>
                    <Trackpoint>
                        <Time>2025-10-19T00:51:32.000Z</Time>
                        <HeartRateBpm>
                            <Value>121</Value>
                        </HeartRateBpm>
                        <SensorState>Present</SensorState>
                    </Trackpoint>
                    <Trackpoint>
                        <Time>2025-10-19T00:51:33.000Z</Time>
                        <HeartRateBpm>
                            <Value>121</Value>
                        </HeartRateBpm>
                        <SensorState>Present</SensorState>
                    </Trackpoint>
                    <Trackpoint>
                        <Time>2025-10-19T00:51:34.000Z</Time>
                        <HeartRateBpm>
                            <Value>121</Value>
                        </HeartRateBpm>
                        <SensorState>Present</SensorState>
                    </Trackpoint>
                    <Trackpoint>
                        <Time>2025-10-19T00:51:35.000Z</Time>
                        <HeartRateBpm>
                            <Value>122</Value>
                        </HeartRateBpm>
                        <SensorState>Present</SensorState>
                    </Trackpoint>
                    <Trackpoint>
                        <Time>2025-10-19T00:51:36.000Z</Time>
                        <HeartRateBpm>
                            <Value>122</Value>
                        </HeartRateBpm>
                        <SensorState>Present</SensorState>
                    </Trackpoint>
                    <Trackpoint>
                        <Time>2025-10-19T00:51:37.000Z</Time>
                        <HeartRateBpm>
                            <Value>122</Value>
                        </HeartRateBpm>
                        <SensorState>Present</SensorState>
                    </Trackpoint>
                    <Trackpoint>
                        <Time>2025-10-19T00:51:38.000Z</Time>
                        <HeartRateBpm>
                            <Value>122</Value>
                        </HeartRateBpm>
                        <SensorState>Present</SensorState>
                    </Trackpoint>
                    <Trackpoint>
                        <Time>2025-10-19T00:51:39.000Z</Time>
                        <HeartRateBpm>
                            <Value>121</Value>
                        </HeartRateBpm>
                        <SensorState>Present</SensorState>
                    </Trackpoint>
                    <Trackpoint>
                        <Time>2025-10-19T00:51:40.000Z</Time>
                        <HeartRateBpm>
                            <Value>119</Value>
                        </HeartRateBpm>
                        <SensorState>Present</SensorState>
                    </Trackpoint>
                    <Trackpoint>
                        <Time>2025-10-19T00:51:41.000Z</Time>
                        <HeartRateBpm>
                            <Value>118</Value>
                        </HeartRateBpm>
                        <SensorState>Present</SensorState>
                    </Trackpoint>
                    <Trackpoint>
                        <Time>2025-10-19T00:51:42.000Z</Time>
                        <HeartRateBpm>
                            <Value>118</Value>
                        </HeartRateBpm>
                        <SensorState>Present</SensorState>
                    </Trackpoint>
                    <Trackpoint>
                        <Time>2025-10-19T00:51:43.000Z</Time>
                        <HeartRateBpm>
                            <Value>118</Value>
                        </HeartRateBpm>
                        <SensorState>Present</SensorState>
                    </Trackpoint>
                    <Trackpoint>
                        <Time>2025-10-19T00:51:44.000Z</Time>
                        <HeartRateBpm>
                            <Value>118</Value>
                        </HeartRateBpm>
                        <SensorState>Present</SensorState>
                    </Trackpoint>
                    <Trackpoint>
                        <Time>2025-10-19T00:51:45.000Z</Time>
                        <HeartRateBpm>
                            <Value>118</Value>
                        </HeartRateBpm>
                        <SensorState>Present</SensorState>
                    </Trackpoint>
                    <Trackpoint>
                        <Time>2025-10-19T00:51:46.000Z</Time>
                        <HeartRateBpm>
                            <Value>118</Value>
                        </HeartRateBpm>
                        <SensorState>Present</SensorState>
                    </Trackpoint>
                    <Trackpoint>
                        <Time>2025-10-19T00:51:47.000Z</Time>
                        <HeartRateBpm>
                            <Value>117</Value>
                        </HeartRateBpm>
                        <SensorState>Present</SensorState>
                    </Trackpoint>
                    <Trackpoint>
                        <Time>2025-10-19T00:51:48.000Z</Time>
                        <HeartRateBpm>
                            <Value>116</Value>
                        </HeartRateBpm>
                        <SensorState>Present</SensorState>
                    </Trackpoint>
                    <Trackpoint>
                        <Time>2025-10-19T00:51:49.000Z</Time>
                        <HeartRateBpm>
                            <Value>116</Value>
                        </HeartRateBpm>
                        <SensorState>Present</SensorState>
                    </Trackpoint>
                    <Trackpoint>
                        <Time>2025-10-19T00:51:50.000Z</Time>
                        <HeartRateBpm>
                            <Value>117</Value>
                        </HeartRateBpm>
                        <SensorState>Present</SensorState>
                    </Trackpoint>
                    <Trackpoint>
                        <Time>2025-10-19T00:51:51.000Z</Time>
                        <HeartRateBpm>
                            <Value>117</Value>
                        </HeartRateBpm>
                        <SensorState>Present</SensorState>
                    </Trackpoint>
                    <Trackpoint>
                        <Time>2025-10-19T00:51:52.000Z</Time>
                        <HeartRateBpm>
                            <Value>116</Value>
                        </HeartRateBpm>
                        <SensorState>Present</SensorState>
                    </Trackpoint>
                    <Trackpoint>
                        <Time>2025-10-19T00:51:53.000Z</Time>
                        <HeartRateBpm>
                            <Value>116</Value>
                        </HeartRateBpm>
                        <SensorState>Present</SensorState>
                    </Trackpoint>
                    <Trackpoint>
                        <Time>2025-10-19T00:51:54.000Z</Time>
                        <HeartRateBpm>
                            <Value>117</Value>
                        </HeartRateBpm>
                        <SensorState>Present</SensorState>
                    </Trackpoint>
                    <Trackpoint>
                        <Time>2025-10-19T00:51:55.000Z</Time>
                        <HeartRateBpm>
                            <Value>118</Value>
                        </HeartRateBpm>
                        <SensorState>Present</SensorState>
                    </Trackpoint>
                    <Trackpoint>
                        <Time>2025-10-19T00:51:56.000Z</Time>
                        <HeartRateBpm>
                            <Value>119</Value>
                        </HeartRateBpm>
                        <SensorState>Present</SensorState>
                    </Trackpoint>
                    <Trackpoint>
                        <Time>2025-10-19T00:51:57.000Z</Time>
                        <HeartRateBpm>
                            <Value>118</Value>
                        </HeartRateBpm>
                        <SensorState>Present</SensorState>
                    </Trackpoint>
                    <Trackpoint>
                        <Time>2025-10-19T00:51:58.000Z</Time>
                        <HeartRateBpm>
                            <Value>118</Value>
                        </HeartRateBpm>
                        <SensorState>Present</SensorState>
                    </Trackpoint>
                    <Trackpoint>
                        <Time>2025-10-19T00:51:59.000Z</Time>
                        <HeartRateBpm>
                            <Value>115</Value>
                        </HeartRateBpm>
                        <SensorState>Present</SensorState>
                    </Trackpoint>
                    <Trackpoint>
                        <Time>2025-10-19T00:52:00.000Z</Time>
                        <HeartRateBpm>
                            <Value>113</Value>
                        </HeartRateBpm>
                        <SensorState>Present</SensorState>
                    </Trackpoint>
                    <Trackpoint>
                        <Time>2025-10-19T00:52:01.000Z</Time>
                        <HeartRateBpm>
                            <Value>108</Value>
                        </HeartRateBpm>
                        <SensorState>Present</SensorState>
                    </Trackpoint>
                    <Trackpoint>
                        <Time>2025-10-19T00:52:02.000Z</Time>
                        <HeartRateBpm>
                            <Value>106</Value>
                        </HeartRateBpm>
                        <SensorState>Present</SensorState>
                    </Trackpoint>
                    <Trackpoint>
                        <Time>2025-10-19T00:52:03.000Z</Time>
                        <HeartRateBpm>
                            <Value>106</Value>
                        </HeartRateBpm>
                        <SensorState>Present</SensorState>
                    </Trackpoint>
                    <Trackpoint>
                        <Time>2025-10-19T00:52:04.000Z</Time>
                        <HeartRateBpm>
                            <Value>104</Value>
                        </HeartRateBpm>
                        <SensorState>Present</SensorState>
                    </Trackpoint>
                    <Trackpoint>
                        <Time>2025-10-19T00:52:05.000Z</Time>
                        <HeartRateBpm>
                            <Value>103</Value>
                        </HeartRateBpm>
                        <SensorState>Present</SensorState>
                    </Trackpoint>
                    <Trackpoint>
                        <Time>2025-10-19T00:52:06.000Z</Time>
                        <HeartRateBpm>
                            <Value>103</Value>
                        </HeartRateBpm>
                        <SensorState>Present</SensorState>
                    </Trackpoint>
                    <Trackpoint>
                        <Time>2025-10-19T00:52:07.000Z</Time>
                        <HeartRateBpm>
                            <Value>104</Value>
                        </HeartRateBpm>
                        <SensorState>Present</SensorState>
                    </Trackpoint>
                    <Trackpoint>
                        <Time>2025-10-19T00:52:08.000Z</Time>
                        <HeartRateBpm>
                            <Value>106</Value>
                        </HeartRateBpm>
                        <SensorState>Present</SensorState>
                    </Trackpoint>
                    <Trackpoint>
                        <Time>2025-10-19T00:52:09.000Z</Time>
                        <HeartRateBpm>
                            <Value>109</Value>
                        </HeartRateBpm>
                        <SensorState>Present</SensorState>
                    </Trackpoint>
                    <Trackpoint>
                        <Time>2025-10-19T00:52:10.000Z</Time>
                        <HeartRateBpm>
                            <Value>109</Value>
                        </HeartRateBpm>
                        <SensorState>Present</SensorState>
                    </Trackpoint>
                    <Trackpoint>
                        <Time>2025-10-19T00:52:11.000Z</Time>
                        <HeartRateBpm>
                            <Value>110</Value>
                        </HeartRateBpm>
                        <SensorState>Present</SensorState>
                    </Trackpoint>
                    <Trackpoint>
                        <Time>2025-10-19T00:52:12.000Z</Time>
                        <HeartRateBpm>
                            <Value>110</Value>
                        </HeartRateBpm>
                        <SensorState>Present</SensorState>
                    </Trackpoint>
                    <Trackpoint>
                        <Time>2025-10-19T00:52:13.000Z</Time>
                        <HeartRateBpm>
                            <Value>110</Value>
                        </HeartRateBpm>
                        <SensorState>Present</SensorState>
                    </Trackpoint>
                    <Trackpoint>
                        <Time>2025-10-19T00:52:14.000Z</Time>
                        <HeartRateBpm>
                            <Value>108</Value>
                        </HeartRateBpm>
                        <SensorState>Present</SensorState>
                    </Trackpoint>
                    <Trackpoint>
                        <Time>2025-10-19T00:52:15.000Z</Time>
                        <HeartRateBpm>
                            <Value>107</Value>
                        </HeartRateBpm>
                        <SensorState>Present</SensorState>
                    </Trackpoint>
                    <Trackpoint>
                        <Time>2025-10-19T00:52:16.000Z</Time>
                        <HeartRateBpm>
                            <Value>108</Value>
                        </HeartRateBpm>
                        <SensorState>Present</SensorState>
                    </Trackpoint>
                    <Trackpoint>
                        <Time>2025-10-19T00:52:17.000Z</Time>
                        <HeartRateBpm>
                            <Value>108</Value>
                        </HeartRateBpm>
                        <SensorState>Present</SensorState>
                    </Trackpoint>
                    <Trackpoint>
                        <Time>2025-10-19T00:52:18.000Z</Time>
                        <HeartRateBpm>
                            <Value>108</Value>
                        </HeartRateBpm>
                        <SensorState>Present</SensorState>
                    </Trackpoint>
                    <Trackpoint>
                        <Time>2025-10-19T00:52:19.000Z</Time>
                        <HeartRateBpm>
                            <Value>108</Value>
                        </HeartRateBpm>
                        <SensorState>Present</SensorState>
                    </Trackpoint>
                    <Trackpoint>
                        <Time>2025-10-19T00:52:20.000Z</Time>
                        <HeartRateBpm>
                            <Value>108</Value>
                        </HeartRateBpm>
                        <SensorState>Present</SensorState>
                    </Trackpoint>
                    <Trackpoint>
                        <Time>2025-10-19T00:52:21.000Z</Time>
                        <HeartRateBpm>
                            <Value>108</Value>
                        </HeartRateBpm>
                        <SensorState>Present</SensorState>
                    </Trackpoint>
                    <Trackpoint>
                        <Time>2025-10-19T00:52:22.000Z</Time>
                        <HeartRateBpm>
                            <Value>108</Value>
                        </HeartRateBpm>
                        <SensorState>Present</SensorState>
                    </Trackpoint>
                    <Trackpoint>
                        <Time>2025-10-19T00:52:23.000Z</Time>
                        <HeartRateBpm>
                            <Value>108</Value>
                        </HeartRateBpm>
                        <SensorState>Present</SensorState>
                    </Trackpoint>
                    <Trackpoint>
                        <Time>2025-10-19T00:52:24.000Z</Time>
                        <HeartRateBpm>
                            <Value>109</Value>
                        </HeartRateBpm>
                        <SensorState>Present</SensorState>
                    </Trackpoint>
                    <Trackpoint>
                        <Time>2025-10-19T00:52:25.000Z</Time>
                        <HeartRateBpm>
                            <Value>109</Value>
                        </HeartRateBpm>
                        <SensorState>Present</SensorState>
                    </Trackpoint>
                    <Trackpoint>
                        <Time>2025-10-19T00:52:26.000Z</Time>
                        <HeartRateBpm>
                            <Value>109</Value>
                        </HeartRateBpm>
                        <SensorState>Present</SensorState>
                    </Trackpoint>
                    <Trackpoint>
                        <Time>2025-10-19T00:52:27.000Z</Time>
                        <HeartRateBpm>
                            <Value>109</Value>
                        </HeartRateBpm>
                        <SensorState>Present</SensorState>
                    </Trackpoint>
                    <Trackpoint>
                        <Time>2025-10-19T00:52:28.000Z</Time>
                        <HeartRateBpm>
                            <Value>109</Value>
                        </HeartRateBpm>
                        <SensorState>Present</SensorState>
                    </Trackpoint>
                    <Trackpoint>
                        <Time>2025-10-19T00:52:29.000Z</Time>
                        <HeartRateBpm>
                            <Value>109</Value>
                        </HeartRateBpm>
                        <SensorState>Present</SensorState>
                    </Trackpoint>
                    <Trackpoint>
                        <Time>2025-10-19T00:52:30.000Z</Time>
                        <HeartRateBpm>
                            <Value>109</Value>
                        </HeartRateBpm>
                        <SensorState>Present</SensorState>
                    </Trackpoint>
                    <Trackpoint>
                        <Time>2025-10-19T00:52:31.000Z</Time>
                        <HeartRateBpm>
                            <Value>109</Value>
                        </HeartRateBpm>
                        <SensorState>Present</SensorState>
                    </Trackpoint>
                    <Trackpoint>
                        <Time>2025-10-19T00:52:32.000Z</Time>
                        <HeartRateBpm>
                            <Value>109</Value>
                        </HeartRateBpm>
                        <SensorState>Present</SensorState>
                    </Trackpoint>
                    <Trackpoint>
                        <Time>2025-10-19T00:52:33.000Z</Time>
                        <HeartRateBpm>
                            <Value>109</Value>
                        </HeartRateBpm>
                        <SensorState>Present</SensorState>
                    </Trackpoint>
                    <Trackpoint>
                        <Time>2025-10-19T00:52:34.000Z</Time>
                        <HeartRateBpm>
                            <Value>109</Value>
                        </HeartRateBpm>
                        <SensorState>Present</SensorState>
                    </Trackpoint>
                    <Trackpoint>
                        <Time>2025-10-19T00:52:35.000Z</Time>
                        <HeartRateBpm>
                            <Value>108</Value>
                        </HeartRateBpm>
                        <SensorState>Present</SensorState>
                    </Trackpoint>
                    <Trackpoint>
                        <Time>2025-10-19T00:52:36.000Z</Time>
                        <HeartRateBpm>
                            <Value>107</Value>
                        </HeartRateBpm>
                        <SensorState>Present</SensorState>
                    </Trackpoint>
                    <Trackpoint>
                        <Time>2025-10-19T00:52:37.000Z</Time>
                        <HeartRateBpm>
                            <Value>107</Value>
                        </HeartRateBpm>
                        <SensorState>Present</SensorState>
                    </Trackpoint>
                    <Trackpoint>
                        <Time>2025-10-19T00:52:38.000Z</Time>
                        <HeartRateBpm>
                            <Value>109</Value>
                        </HeartRateBpm>
                        <SensorState>Present</SensorState>
                    </Trackpoint>
                    <Trackpoint>
                        <Time>2025-10-19T00:52:39.000Z</Time>
                        <HeartRateBpm>
                            <Value>110</Value>
                        </HeartRateBpm>
                        <SensorState>Present</SensorState>
                    </Trackpoint>
                    <Trackpoint>
                        <Time>2025-10-19T00:52:40.000Z</Time>
                        <HeartRateBpm>
                            <Value>111</Value>
                        </HeartRateBpm>
                        <SensorState>Present</SensorState>
                    </Trackpoint>
                    <Trackpoint>
                        <Time>2025-10-19T00:52:41.000Z</Time>
                        <HeartRateBpm>
                            <Value>110</Value>
                        </HeartRateBpm>
                        <SensorState>Present</SensorState>
                    </Trackpoint>
                    <Trackpoint>
                        <Time>2025-10-19T00:52:42.000Z</Time>
                        <HeartRateBpm>
                            <Value>109</Value>
                        </HeartRateBpm>
                        <SensorState>Present</SensorState>
                    </Trackpoint>
                    <Trackpoint>
                        <Time>2025-10-19T00:52:43.000Z</Time>
                        <HeartRateBpm>
                            <Value>108</Value>
                        </HeartRateBpm>
                        <SensorState>Present</SensorState>
                    </Trackpoint>
                    <Trackpoint>
                        <Time>2025-10-19T00:52:44.000Z</Time>
                        <HeartRateBpm>
                            <Value>109</Value>
                        </HeartRateBpm>
                        <SensorState>Present</SensorState>
                    </Trackpoint>
                    <Trackpoint>
                        <Time>2025-10-19T00:52:45.000Z</Time>
                        <HeartRateBpm>
                            <Value>109</Value>
                        </HeartRateBpm>
                        <SensorState>Present</SensorState>
                    </Trackpoint>
                    <Trackpoint>
                        <Time>2025-10-19T00:52:46.000Z</Time>
                        <HeartRateBpm>
                            <Value>110</Value>
                        </HeartRateBpm>
                        <SensorState>Present</SensorState>
                    </Trackpoint>
                    <Trackpoint>
                        <Time>2025-10-19T00:52:47.000Z</Time>
                        <HeartRateBpm>
                            <Value>109</Value>
                        </HeartRateBpm>
                        <SensorState>Present</SensorState>
                    </Trackpoint>
                    <Trackpoint>
                        <Time>2025-10-19T00:52:48.000Z</Time>
                        <HeartRateBpm>
                            <Value>110</Value>
                        </HeartRateBpm>
                        <SensorState>Present</SensorState>
                    </Trackpoint>
                    <Trackpoint>
                        <Time>2025-10-19T00:52:49.000Z</Time>
                        <HeartRateBpm>
                            <Value>112</Value>
                        </HeartRateBpm>
                        <SensorState>Present</SensorState>
                    </Trackpoint>
                    <Trackpoint>
                        <Time>2025-10-19T00:52:50.000Z</Time>
                        <HeartRateBpm>
                            <Value>114</Value>
                        </HeartRateBpm>
                        <SensorState>Present</SensorState>
                    </Trackpoint>
                    <Trackpoint>
                        <Time>2025-10-19T00:52:51.000Z</Time>
                        <HeartRateBpm>
                            <Value>116</Value>
                        </HeartRateBpm>
                        <SensorState>Present</SensorState>
                    </Trackpoint>
                    <Trackpoint>
                        <Time>2025-10-19T00:52:52.000Z</Time>
                        <HeartRateBpm>
                            <Value>117</Value>
                        </HeartRateBpm>
                        <SensorState>Present</SensorState>
                    </Trackpoint>
                    <Trackpoint>
                        <Time>2025-10-19T00:52:53.000Z</Time>
                        <HeartRateBpm>
                            <Value>118</Value>
                        </HeartRateBpm>
                        <SensorState>Present</SensorState>
                    </Trackpoint>
                    <Trackpoint>
                        <Time>2025-10-19T00:52:54.000Z</Time>
                        <HeartRateBpm>
                            <Value>119</Value>
                        </HeartRateBpm>
                        <SensorState>Present</SensorState>
                    </Trackpoint>
                    <Trackpoint>
                        <Time>2025-10-19T00:52:55.000Z</Time>
                        <HeartRateBpm>
                            <Value>120</Value>
                        </HeartRateBpm>
                        <SensorState>Present</SensorState>
                    </Trackpoint>
                    <Trackpoint>
                        <Time>2025-10-19T00:52:56.000Z</Time>
                        <HeartRateBpm>
                            <Value>121</Value>
                        </HeartRateBpm>
                        <SensorState>Present</SensorState>
                    </Trackpoint>
                    <Trackpoint>
                        <Time>2025-10-19T00:52:57.000Z</Time>
                        <HeartRateBpm>
                            <Value>121</Value>
                        </HeartRateBpm>
                        <SensorState>Present</SensorState>
                    </Trackpoint>
                    <Trackpoint>
                        <Time>2025-10-19T00:52:58.000Z</Time>
                        <HeartRateBpm>
                            <Value>120</Value>
                        </HeartRateBpm>
                        <SensorState>Present</SensorState>
                    </Trackpoint>
                    <Trackpoint>
                        <Time>2025-10-19T00:52:59.000Z</Time>
                        <HeartRateBpm>
                            <Value>120</Value>
                        </HeartRateBpm>
                        <SensorState>Present</SensorState>
                    </Trackpoint>
                    <Trackpoint>
                        <Time>2025-10-19T00:53:00.000Z</Time>
                        <HeartRateBpm>
                            <Value>120</Value>
                        </HeartRateBpm>
                        <SensorState>Present</SensorState>
                    </Trackpoint>
                    <Trackpoint>
                        <Time>2025-10-19T00:53:01.000Z</Time>
                        <HeartRateBpm>
                            <Value>120</Value>
                        </HeartRateBpm>
                        <SensorState>Present</SensorState>
                    </Trackpoint>
                    <Trackpoint>
                        <Time>2025-10-19T00:53:02.000Z</Time>
                        <HeartRateBpm>
                            <Value>120</Value>
                        </HeartRateBpm>
                        <SensorState>Present</SensorState>
                    </Trackpoint>
                    <Trackpoint>
                        <Time>2025-10-19T00:53:03.000Z</Time>
                        <HeartRateBpm>
                            <Value>120</Value>
                        </HeartRateBpm>
                        <SensorState>Present</SensorState>
                    </Trackpoint>
                    <Trackpoint>
                        <Time>2025-10-19T00:53:04.000Z</Time>
                        <HeartRateBpm>
                            <Value>120</Value>
                        </HeartRateBpm>
                        <SensorState>Present</SensorState>
                    </Trackpoint>
                    <Trackpoint>
                        <Time>2025-10-19T00:53:05.000Z</Time>
                        <HeartRateBpm>
                            <Value>120</Value>
                        </HeartRateBpm>
                        <SensorState>Present</SensorState>
                    </Trackpoint>
                    <Trackpoint>
                        <Time>2025-10-19T00:53:06.000Z</Time>
                        <HeartRateBpm>
                            <Value>120</Value>
                        </HeartRateBpm>
                        <SensorState>Present</SensorState>
                    </Trackpoint>
                    <Trackpoint>
                        <Time>2025-10-19T00:53:07.000Z</Time>
                        <HeartRateBpm>
                            <Value>120</Value>
                        </HeartRateBpm>
                        <SensorState>Present</SensorState>
                    </Trackpoint>
                    <Trackpoint>
                        <Time>2025-10-19T00:53:08.000Z</Time>
                        <HeartRateBpm>
                            <Value>121</Value>
                        </HeartRateBpm>
                        <SensorState>Present</SensorState>
                    </Trackpoint>
                    <Trackpoint>
                        <Time>2025-10-19T00:53:09.000Z</Time>
                        <HeartRateBpm>
                            <Value>121</Value>
                        </HeartRateBpm>
                        <SensorState>Present</SensorState>
                    </Trackpoint>
                    <Trackpoint>
                        <Time>2025-10-19T00:53:10.000Z</Time>
                        <HeartRateBpm>
                            <Value>121</Value>
                        </HeartRateBpm>
                        <SensorState>Present</SensorState>
                    </Trackpoint>
                    <Trackpoint>
                        <Time>2025-10-19T00:53:11.000Z</Time>
                        <HeartRateBpm>
                            <Value>121</Value>
                        </HeartRateBpm>
                        <SensorState>Present</SensorState>
                    </Trackpoint>
                    <Trackpoint>
                        <Time>2025-10-19T00:53:12.000Z</Time>
                        <HeartRateBpm>
                            <Value>120</Value>
                        </HeartRateBpm>
                        <SensorState>Present</SensorState>
                    </Trackpoint>
                    <Trackpoint>
                        <Time>2025-10-19T00:53:13.000Z</Time>
                        <HeartRateBpm>
                            <Value>121</Value>
                        </HeartRateBpm>
                        <SensorState>Present</SensorState>
                    </Trackpoint>
                    <Trackpoint>
                        <Time>2025-10-19T00:53:14.000Z</Time>
                        <HeartRateBpm>
                            <Value>120</Value>
                        </HeartRateBpm>
                        <SensorState>Present</SensorState>
                    </Trackpoint>
                    <Trackpoint>
                        <Time>2025-10-19T00:53:15.000Z</Time>
                        <HeartRateBpm>
                            <Value>120</Value>
                        </HeartRateBpm>
                        <SensorState>Present</SensorState>
                    </Trackpoint>
                    <Trackpoint>
                        <Time>2025-10-19T00:53:16.000Z</Time>
                        <HeartRateBpm>
                            <Value>119</Value>
                        </HeartRateBpm>
                        <SensorState>Present</SensorState>
                    </Trackpoint>
                    <Trackpoint>
                        <Time>2025-10-19T00:53:17.000Z</Time>
                        <HeartRateBpm>
                            <Value>119</Value>
                        </HeartRateBpm>
                        <SensorState>Present</SensorState>
                    </Trackpoint>
                    <Trackpoint>
                        <Time>2025-10-19T00:53:18.000Z</Time>
                        <HeartRateBpm>
                            <Value>119</Value>
                        </HeartRateBpm>
                        <SensorState>Present</SensorState>
                    </Trackpoint>
                    <Trackpoint>
                        <Time>2025-10-19T00:53:19.000Z</Time>
                        <HeartRateBpm>
                            <Value>118</Value>
                        </HeartRateBpm>
                        <SensorState>Present</SensorState>
                    </Trackpoint>
                    <Trackpoint>
                        <Time>2025-10-19T00:53:20.000Z</Time>
                        <HeartRateBpm>
                            <Value>118</Value>
                        </HeartRateBpm>
                        <SensorState>Present</SensorState>
                    </Trackpoint>
                    <Trackpoint>
                        <Time>2025-10-19T00:53:21.000Z</Time>
                        <HeartRateBpm>
                            <Value>118</Value>
                        </HeartRateBpm>
                        <SensorState>Present</SensorState>
                    </Trackpoint>
                    <Trackpoint>
                        <Time>2025-10-19T00:53:22.000Z</Time>
                        <HeartRateBpm>
                            <Value>119</Value>
                        </HeartRateBpm>
                        <SensorState>Present</SensorState>
                    </Trackpoint>
                    <Trackpoint>
                        <Time>2025-10-19T00:53:23.000Z</Time>
                        <HeartRateBpm>
                            <Value>120</Value>
                        </HeartRateBpm>
                        <SensorState>Present</SensorState>
                    </Trackpoint>
                    <Trackpoint>
                        <Time>2025-10-19T00:53:24.000Z</Time>
                        <HeartRateBpm>
                            <Value>121</Value>
                        </HeartRateBpm>
                        <SensorState>Present</SensorState>
                    </Trackpoint>
                    <Trackpoint>
                        <Time>2025-10-19T00:53:25.000Z</Time>
                        <HeartRateBpm>
                            <Value>121</Value>
                        </HeartRateBpm>
                        <SensorState>Present</SensorState>
                    </Trackpoint>
                    <Trackpoint>
                        <Time>2025-10-19T00:53:26.000Z</Time>
                        <HeartRateBpm>
                            <Value>121</Value>
                        </HeartRateBpm>
                        <SensorState>Present</SensorState>
                    </Trackpoint>
                    <Trackpoint>
                        <Time>2025-10-19T00:53:27.000Z</Time>
                        <HeartRateBpm>
                            <Value>120</Value>
                        </HeartRateBpm>
                        <SensorState>Present</SensorState>
                    </Trackpoint>
                    <Trackpoint>
                        <Time>2025-10-19T00:53:28.000Z</Time>
                        <HeartRateBpm>
                            <Value>119</Value>
                        </HeartRateBpm>
                        <SensorState>Present</SensorState>
                    </Trackpoint>
                    <Trackpoint>
                        <Time>2025-10-19T00:53:29.000Z</Time>
                        <HeartRateBpm>
                            <Value>119</Value>
                        </HeartRateBpm>
                        <SensorState>Present</SensorState>
                    </Trackpoint>
                    <Trackpoint>
                        <Time>2025-10-19T00:53:30.000Z</Time>
                        <HeartRateBpm>
                            <Value>118</Value>
                        </HeartRateBpm>
                        <SensorState>Present</SensorState>
                    </Trackpoint>
                    <Trackpoint>
                        <Time>2025-10-19T00:53:31.000Z</Time>
                        <HeartRateBpm>
                            <Value>118</Value>
                        </HeartRateBpm>
                        <SensorState>Present</SensorState>
                    </Trackpoint>
                    <Trackpoint>
                        <Time>2025-10-19T00:53:32.000Z</Time>
                        <HeartRateBpm>
                            <Value>118</Value>
                        </HeartRateBpm>
                        <SensorState>Present</SensorState>
                    </Trackpoint>
                    <Trackpoint>
                        <Time>2025-10-19T00:53:33.000Z</Time>
                        <HeartRateBpm>
                            <Value>117</Value>
                        </HeartRateBpm>
                        <SensorState>Present</SensorState>
                    </Trackpoint>
                    <Trackpoint>
                        <Time>2025-10-19T00:53:34.000Z</Time>
                        <HeartRateBpm>
                            <Value>116</Value>
                        </HeartRateBpm>
                        <SensorState>Present</SensorState>
                    </Trackpoint>
                    <Trackpoint>
                        <Time>2025-10-19T00:53:35.000Z</Time>
                        <HeartRateBpm>
                            <Value>116</Value>
                        </HeartRateBpm>
                        <SensorState>Present</SensorState>
                    </Trackpoint>
                    <Trackpoint>
                        <Time>2025-10-19T00:53:36.000Z</Time>
                        <HeartRateBpm>
                            <Value>116</Value>
                        </HeartRateBpm>
                        <SensorState>Present</SensorState>
                    </Trackpoint>
                    <Trackpoint>
                        <Time>2025-10-19T00:53:37.000Z</Time>
                        <HeartRateBpm>
                            <Value>116</Value>
                        </HeartRateBpm>
                        <SensorState>Present</SensorState>
                    </Trackpoint>
                    <Trackpoint>
                        <Time>2025-10-19T00:53:38.000Z</Time>
                        <HeartRateBpm>
                            <Value>115</Value>
                        </HeartRateBpm>
                        <SensorState>Present</SensorState>
                    </Trackpoint>
                    <Trackpoint>
                        <Time>2025-10-19T00:53:39.000Z</Time>
                        <HeartRateBpm>
                            <Value>114</Value>
                        </HeartRateBpm>
                        <SensorState>Present</SensorState>
                    </Trackpoint>
                    <Trackpoint>
                        <Time>2025-10-19T00:53:40.000Z</Time>
                        <HeartRateBpm>
                            <Value>112</Value>
                        </HeartRateBpm>
                        <SensorState>Present</SensorState>
                    </Trackpoint>
                    <Trackpoint>
                        <Time>2025-10-19T00:53:41.000Z</Time>
                        <HeartRateBpm>
                            <Value>110</Value>
                        </HeartRateBpm>
                        <SensorState>Present</SensorState>
                    </Trackpoint>
                    <Trackpoint>
                        <Time>2025-10-19T00:53:42.000Z</Time>
                        <HeartRateBpm>
                            <Value>109</Value>
                        </HeartRateBpm>
                        <SensorState>Present</SensorState>
                    </Trackpoint>
                    <Trackpoint>
                        <Time>2025-10-19T00:53:43.000Z</Time>
                        <HeartRateBpm>
                            <Value>109</Value>
                        </HeartRateBpm>
                        <SensorState>Present</SensorState>
                    </Trackpoint>
                    <Trackpoint>
                        <Time>2025-10-19T00:53:44.000Z</Time>
                        <HeartRateBpm>
                            <Value>109</Value>
                        </HeartRateBpm>
                        <SensorState>Present</SensorState>
                    </Trackpoint>
                    <Trackpoint>
                        <Time>2025-10-19T00:53:45.000Z</Time>
                        <HeartRateBpm>
                            <Value>109</Value>
                        </HeartRateBpm>
                        <SensorState>Present</SensorState>
                    </Trackpoint>
                    <Trackpoint>
                        <Time>2025-10-19T00:53:46.000Z</Time>
                        <HeartRateBpm>
                            <Value>109</Value>
                        </HeartRateBpm>
                        <SensorState>Present</SensorState>
                    </Trackpoint>
                    <Trackpoint>
                        <Time>2025-10-19T00:53:47.000Z</Time>
                        <HeartRateBpm>
                            <Value>110</Value>
                        </HeartRateBpm>
                        <SensorState>Present</SensorState>
                    </Trackpoint>
                    <Trackpoint>
                        <Time>2025-10-19T00:53:48.000Z</Time>
                        <HeartRateBpm>
                            <Value>110</Value>
                        </HeartRateBpm>
                        <SensorState>Present</SensorState>
                    </Trackpoint>
                    <Trackpoint>
                        <Time>2025-10-19T00:53:49.000Z</Time>
                        <HeartRateBpm>
                            <Value>111</Value>
                        </HeartRateBpm>
                        <SensorState>Present</SensorState>
                    </Trackpoint>
                    <Trackpoint>
                        <Time>2025-10-19T00:53:50.000Z</Time>
                        <HeartRateBpm>
                            <Value>112</Value>
                        </HeartRateBpm>
                        <SensorState>Present</SensorState>
                    </Trackpoint>
                    <Trackpoint>
                        <Time>2025-10-19T00:53:51.000Z</Time>
                        <HeartRateBpm>
                            <Value>112</Value>
                        </HeartRateBpm>
                        <SensorState>Present</SensorState>
                    </Trackpoint>
                    <Trackpoint>
                        <Time>2025-10-19T00:53:52.000Z</Time>
                        <HeartRateBpm>
                            <Value>112</Value>
                        </HeartRateBpm>
                        <SensorState>Present</SensorState>
                    </Trackpoint>
                    <Trackpoint>
                        <Time>2025-10-19T00:53:53.000Z</Time>
                        <HeartRateBpm>
                            <Value>108</Value>
                        </HeartRateBpm>
                        <SensorState>Present</SensorState>
                    </Trackpoint>
                    <Trackpoint>
                        <Time>2025-10-19T00:53:54.000Z</Time>
                        <HeartRateBpm>
                            <Value>107</Value>
                        </HeartRateBpm>
                        <SensorState>Present</SensorState>
                    </Trackpoint>
                    <Trackpoint>
                        <Time>2025-10-19T00:53:55.000Z</Time>
                        <HeartRateBpm>
                            <Value>107</Value>
                        </HeartRateBpm>
                        <SensorState>Present</SensorState>
                    </Trackpoint>
                    <Trackpoint>
                        <Time>2025-10-19T00:53:56.000Z</Time>
                        <HeartRateBpm>
                            <Value>106</Value>
                        </HeartRateBpm>
                        <SensorState>Present</SensorState>
                    </Trackpoint>
                    <Trackpoint>
                        <Time>2025-10-19T00:53:57.000Z</Time>
                        <HeartRateBpm>
                            <Value>107</Value>
                        </HeartRateBpm>
                        <SensorState>Present</SensorState>
                    </Trackpoint>
                    <Trackpoint>
                        <Time>2025-10-19T00:53:58.000Z</Time>
                        <HeartRateBpm>
                            <Value>109</Value>
                        </HeartRateBpm>
                        <SensorState>Present</SensorState>
                    </Trackpoint>
                    <Trackpoint>
                        <Time>2025-10-19T00:53:59.000Z</Time>
                        <HeartRateBpm>
                            <Value>109</Value>
                        </HeartRateBpm>
                        <SensorState>Present</SensorState>
                    </Trackpoint>
                    <Trackpoint>
                        <Time>2025-10-19T00:54:00.000Z</Time>
                        <HeartRateBpm>
                            <Value>111</Value>
                        </HeartRateBpm>
                        <SensorState>Present</SensorState>
                    </Trackpoint>
                    <Trackpoint>
                        <Time>2025-10-19T00:54:01.000Z</Time>
                        <HeartRateBpm>
                            <Value>111</Value>
                        </HeartRateBpm>
                        <SensorState>Present</SensorState>
                    </Trackpoint>
                    <Trackpoint>
                        <Time>2025-10-19T00:54:02.000Z</Time>
                        <HeartRateBpm>
                            <Value>111</Value>
                        </HeartRateBpm>
                        <SensorState>Present</SensorState>
                    </Trackpoint>
                    <Trackpoint>
                        <Time>2025-10-19T00:54:03.000Z</Time>
                        <HeartRateBpm>
                            <Value>111</Value>
                        </HeartRateBpm>
                        <SensorState>Present</SensorState>
                    </Trackpoint>
                    <Trackpoint>
                        <Time>2025-10-19T00:54:04.000Z</Time>
                        <HeartRateBpm>
                            <Value>111</Value>
                        </HeartRateBpm>
                        <SensorState>Present</SensorState>
                    </Trackpoint>
                    <Trackpoint>
                        <Time>2025-10-19T00:54:05.000Z</Time>
                        <HeartRateBpm>
                            <Value>111</Value>
                        </HeartRateBpm>
                        <SensorState>Present</SensorState>
                    </Trackpoint>
                    <Trackpoint>
                        <Time>2025-10-19T00:54:06.000Z</Time>
                        <HeartRateBpm>
                            <Value>110</Value>
                        </HeartRateBpm>
                        <SensorState>Present</SensorState>
                    </Trackpoint>
                    <Trackpoint>
                        <Time>2025-10-19T00:54:07.000Z</Time>
                        <HeartRateBpm>
                            <Value>109</Value>
                        </HeartRateBpm>
                        <SensorState>Present</SensorState>
                    </Trackpoint>
                    <Trackpoint>
                        <Time>2025-10-19T00:54:08.000Z</Time>
                        <HeartRateBpm>
                            <Value>108</Value>
                        </HeartRateBpm>
                        <SensorState>Present</SensorState>
                    </Trackpoint>
                    <Trackpoint>
                        <Time>2025-10-19T00:54:09.000Z</Time>
                        <HeartRateBpm>
                            <Value>109</Value>
                        </HeartRateBpm>
                        <SensorState>Present</SensorState>
                    </Trackpoint>
                    <Trackpoint>
                        <Time>2025-10-19T00:54:10.000Z</Time>
                        <HeartRateBpm>
                            <Value>110</Value>
                        </HeartRateBpm>
                        <SensorState>Present</SensorState>
                    </Trackpoint>
                    <Trackpoint>
                        <Time>2025-10-19T00:54:11.000Z</Time>
                        <HeartRateBpm>
                            <Value>110</Value>
                        </HeartRateBpm>
                        <SensorState>Present</SensorState>
                    </Trackpoint>
                    <Trackpoint>
                        <Time>2025-10-19T00:54:12.000Z</Time>
                        <HeartRateBpm>
                            <Value>110</Value>
                        </HeartRateBpm>
                        <SensorState>Present</SensorState>
                    </Trackpoint>
                    <Trackpoint>
                        <Time>2025-10-19T00:54:13.000Z</Time>
                        <HeartRateBpm>
                            <Value>110</Value>
                        </HeartRateBpm>
                        <SensorState>Present</SensorState>
                    </Trackpoint>
                    <Trackpoint>
                        <Time>2025-10-19T00:54:14.000Z</Time>
                        <HeartRateBpm>
                            <Value>110</Value>
                        </HeartRateBpm>
                        <SensorState>Present</SensorState>
                    </Trackpoint>
                    <Trackpoint>
                        <Time>2025-10-19T00:54:15.000Z</Time>
                        <HeartRateBpm>
                            <Value>112</Value>
                        </HeartRateBpm>
                        <SensorState>Present</SensorState>
                    </Trackpoint>
                    <Trackpoint>
                        <Time>2025-10-19T00:54:16.000Z</Time>
                        <HeartRateBpm>
                            <Value>112</Value>
                        </HeartRateBpm>
                        <SensorState>Present</SensorState>
                    </Trackpoint>
                    <Trackpoint>
                        <Time>2025-10-19T00:54:17.000Z</Time>
                        <HeartRateBpm>
                            <Value>113</Value>
                        </HeartRateBpm>
                        <SensorState>Present</SensorState>
                    </Trackpoint>
                    <Trackpoint>
                        <Time>2025-10-19T00:54:18.000Z</Time>
                        <HeartRateBpm>
                            <Value>114</Value>
                        </HeartRateBpm>
                        <SensorState>Present</SensorState>
                    </Trackpoint>
                    <Trackpoint>
                        <Time>2025-10-19T00:54:19.000Z</Time>
                        <HeartRateBpm>
                            <Value>114</Value>
                        </HeartRateBpm>
                        <SensorState>Present</SensorState>
                    </Trackpoint>
                    <Trackpoint>
                        <Time>2025-10-19T00:54:20.000Z</Time>
                        <HeartRateBpm>
                            <Value>113</Value>
                        </HeartRateBpm>
                        <SensorState>Present</SensorState>
                    </Trackpoint>
                    <Trackpoint>
                        <Time>2025-10-19T00:54:21.000Z</Time>
                        <HeartRateBpm>
                            <Value>113</Value>
                        </HeartRateBpm>
                        <SensorState>Present</SensorState>
                    </Trackpoint>
                    <Trackpoint>
                        <Time>2025-10-19T00:54:22.000Z</Time>
                        <HeartRateBpm>
                            <Value>113</Value>
                        </HeartRateBpm>
                        <SensorState>Present</SensorState>
                    </Trackpoint>
                    <Trackpoint>
                        <Time>2025-10-19T00:54:23.000Z</Time>
                        <HeartRateBpm>
                            <Value>112</Value>
                        </HeartRateBpm>
                        <SensorState>Present</SensorState>
                    </Trackpoint>
                    <Trackpoint>
                        <Time>2025-10-19T00:54:24.000Z</Time>
                        <HeartRateBpm>
                            <Value>112</Value>
                        </HeartRateBpm>
                        <SensorState>Present</SensorState>
                    </Trackpoint>
                    <Trackpoint>
                        <Time>2025-10-19T00:54:25.000Z</Time>
                        <HeartRateBpm>
                            <Value>112</Value>
                        </HeartRateBpm>
                        <SensorState>Present</SensorState>
                    </Trackpoint>
                    <Trackpoint>
                        <Time>2025-10-19T00:54:26.000Z</Time>
                        <HeartRateBpm>
                            <Value>111</Value>
                        </HeartRateBpm>
                        <SensorState>Present</SensorState>
                    </Trackpoint>
                    <Trackpoint>
                        <Time>2025-10-19T00:54:27.000Z</Time>
                        <HeartRateBpm>
                            <Value>111</Value>
                        </HeartRateBpm>
                        <SensorState>Present</SensorState>
                    </Trackpoint>
                    <Trackpoint>
                        <Time>2025-10-19T00:54:28.000Z</Time>
                        <HeartRateBpm>
                            <Value>111</Value>
                        </HeartRateBpm>
                        <SensorState>Present</SensorState>
                    </Trackpoint>
                    <Trackpoint>
                        <Time>2025-10-19T00:54:29.000Z</Time>
                        <HeartRateBpm>
                            <Value>111</Value>
                        </HeartRateBpm>
                        <SensorState>Present</SensorState>
                    </Trackpoint>
                    <Trackpoint>
                        <Time>2025-10-19T00:54:30.000Z</Time>
                        <HeartRateBpm>
                            <Value>111</Value>
                        </HeartRateBpm>
                        <SensorState>Present</SensorState>
                    </Trackpoint>
                    <Trackpoint>
                        <Time>2025-10-19T00:54:31.000Z</Time>
                        <HeartRateBpm>
                            <Value>111</Value>
                        </HeartRateBpm>
                        <SensorState>Present</SensorState>
                    </Trackpoint>
                    <Trackpoint>
                        <Time>2025-10-19T00:54:32.000Z</Time>
                        <HeartRateBpm>
                            <Value>111</Value>
                        </HeartRateBpm>
                        <SensorState>Present</SensorState>
                    </Trackpoint>
                    <Trackpoint>
                        <Time>2025-10-19T00:54:33.000Z</Time>
                        <HeartRateBpm>
                            <Value>111</Value>
                        </HeartRateBpm>
                        <SensorState>Present</SensorState>
                    </Trackpoint>
                    <Trackpoint>
                        <Time>2025-10-19T00:54:34.000Z</Time>
                        <HeartRateBpm>
                            <Value>111</Value>
                        </HeartRateBpm>
                        <SensorState>Present</SensorState>
                    </Trackpoint>
                    <Trackpoint>
                        <Time>2025-10-19T00:54:35.000Z</Time>
                        <HeartRateBpm>
                            <Value>111</Value>
                        </HeartRateBpm>
                        <SensorState>Present</SensorState>
                    </Trackpoint>
                    <Trackpoint>
                        <Time>2025-10-19T00:54:36.000Z</Time>
                        <HeartRateBpm>
                            <Value>110</Value>
                        </HeartRateBpm>
                        <SensorState>Present</SensorState>
                    </Trackpoint>
                    <Trackpoint>
                        <Time>2025-10-19T00:54:37.000Z</Time>
                        <HeartRateBpm>
                            <Value>110</Value>
                        </HeartRateBpm>
                        <SensorState>Present</SensorState>
                    </Trackpoint>
                    <Trackpoint>
                        <Time>2025-10-19T00:54:38.000Z</Time>
                        <HeartRateBpm>
                            <Value>109</Value>
                        </HeartRateBpm>
                        <SensorState>Present</SensorState>
                    </Trackpoint>
                    <Trackpoint>
                        <Time>2025-10-19T00:54:39.000Z</Time>
                        <HeartRateBpm>
                            <Value>110</Value>
                        </HeartRateBpm>
                        <SensorState>Present</SensorState>
                    </Trackpoint>
                    <Trackpoint>
                        <Time>2025-10-19T00:54:40.000Z</Time>
                        <HeartRateBpm>
                            <Value>111</Value>
                        </HeartRateBpm>
                        <SensorState>Present</SensorState>
                    </Trackpoint>
                    <Trackpoint>
                        <Time>2025-10-19T00:54:41.000Z</Time>
                        <HeartRateBpm>
                            <Value>112</Value>
                        </HeartRateBpm>
                        <SensorState>Present</SensorState>
                    </Trackpoint>
                    <Trackpoint>
                        <Time>2025-10-19T00:54:42.000Z</Time>
                        <HeartRateBpm>
                            <Value>113</Value>
                        </HeartRateBpm>
                        <SensorState>Present</SensorState>
                    </Trackpoint>
                    <Trackpoint>
                        <Time>2025-10-19T00:54:43.000Z</Time>
                        <HeartRateBpm>
                            <Value>114</Value>
                        </HeartRateBpm>
                        <SensorState>Present</SensorState>
                    </Trackpoint>
                    <Trackpoint>
                        <Time>2025-10-19T00:54:44.000Z</Time>
                        <HeartRateBpm>
                            <Value>113</Value>
                        </HeartRateBpm>
                        <SensorState>Present</SensorState>
                    </Trackpoint>
                    <Trackpoint>
                        <Time>2025-10-19T00:54:45.000Z</Time>
                        <HeartRateBpm>
                            <Value>112</Value>
                        </HeartRateBpm>
                        <SensorState>Present</SensorState>
                    </Trackpoint>
                    <Trackpoint>
                        <Time>2025-10-19T00:54:46.000Z</Time>
                        <HeartRateBpm>
                            <Value>112</Value>
                        </HeartRateBpm>
                        <SensorState>Present</SensorState>
                    </Trackpoint>
                    <Trackpoint>
                        <Time>2025-10-19T00:54:47.000Z</Time>
                        <HeartRateBpm>
                            <Value>112</Value>
                        </HeartRateBpm>
                        <SensorState>Present</SensorState>
                    </Trackpoint>
                    <Trackpoint>
                        <Time>2025-10-19T00:54:48.000Z</Time>
                        <HeartRateBpm>
                            <Value>112</Value>
                        </HeartRateBpm>
                        <SensorState>Present</SensorState>
                    </Trackpoint>
                    <Trackpoint>
                        <Time>2025-10-19T00:54:49.000Z</Time>
                        <HeartRateBpm>
                            <Value>112</Value>
                        </HeartRateBpm>
                        <SensorState>Present</SensorState>
                    </Trackpoint>
                    <Trackpoint>
                        <Time>2025-10-19T00:54:50.000Z</Time>
                        <HeartRateBpm>
                            <Value>111</Value>
                        </HeartRateBpm>
                        <SensorState>Present</SensorState>
                    </Trackpoint>
                    <Trackpoint>
                        <Time>2025-10-19T00:54:51.000Z</Time>
                        <HeartRateBpm>
                            <Value>111</Value>
                        </HeartRateBpm>
                        <SensorState>Present</SensorState>
                    </Trackpoint>
                    <Trackpoint>
                        <Time>2025-10-19T00:54:52.000Z</Time>
                        <HeartRateBpm>
                            <Value>110</Value>
                        </HeartRateBpm>
                        <SensorState>Present</SensorState>
                    </Trackpoint>
                    <Trackpoint>
                        <Time>2025-10-19T00:54:53.000Z</Time>
                        <HeartRateBpm>
                            <Value>109</Value>
                        </HeartRateBpm>
                        <SensorState>Present</SensorState>
                    </Trackpoint>
                    <Trackpoint>
                        <Time>2025-10-19T00:54:54.000Z</Time>
                        <HeartRateBpm>
                            <Value>110</Value>
                        </HeartRateBpm>
                        <SensorState>Present</SensorState>
                    </Trackpoint>
                    <Trackpoint>
                        <Time>2025-10-19T00:54:55.000Z</Time>
                        <HeartRateBpm>
                            <Value>110</Value>
                        </HeartRateBpm>
                        <SensorState>Present</SensorState>
                    </Trackpoint>
                    <Trackpoint>
                        <Time>2025-10-19T00:54:56.000Z</Time>
                        <HeartRateBpm>
                            <Value>110</Value>
                        </HeartRateBpm>
                        <SensorState>Present</SensorState>
                    </Trackpoint>
                    <Trackpoint>
                        <Time>2025-10-19T00:54:57.000Z</Time>
                        <HeartRateBpm>
                            <Value>110</Value>
                        </HeartRateBpm>
                        <SensorState>Present</SensorState>
                    </Trackpoint>
                    <Trackpoint>
                        <Time>2025-10-19T00:54:58.000Z</Time>
                        <HeartRateBpm>
                            <Value>109</Value>
                        </HeartRateBpm>
                        <SensorState>Present</SensorState>
                    </Trackpoint>
                    <Trackpoint>
                        <Time>2025-10-19T00:54:59.000Z</Time>
                        <HeartRateBpm>
                            <Value>110</Value>
                        </HeartRateBpm>
                        <SensorState>Present</SensorState>
                    </Trackpoint>
                    <Trackpoint>
                        <Time>2025-10-19T00:55:00.000Z</Time>
                        <HeartRateBpm>
                            <Value>110</Value>
                        </HeartRateBpm>
                        <SensorState>Present</SensorState>
                    </Trackpoint>
                    <Trackpoint>
                        <Time>2025-10-19T00:55:01.000Z</Time>
                        <HeartRateBpm>
                            <Value>112</Value>
                        </HeartRateBpm>
                        <SensorState>Present</SensorState>
                    </Trackpoint>
                    <Trackpoint>
                        <Time>2025-10-19T00:55:02.000Z</Time>
                        <HeartRateBpm>
                            <Value>112</Value>
                        </HeartRateBpm>
                        <SensorState>Present</SensorState>
                    </Trackpoint>
                    <Trackpoint>
                        <Time>2025-10-19T00:55:03.000Z</Time>
                        <HeartRateBpm>
                            <Value>112</Value>
                        </HeartRateBpm>
                        <SensorState>Present</SensorState>
                    </Trackpoint>
                    <Trackpoint>
                        <Time>2025-10-19T00:55:04.000Z</Time>
                        <HeartRateBpm>
                            <Value>112</Value>
                        </HeartRateBpm>
                        <SensorState>Present</SensorState>
                    </Trackpoint>
                    <Trackpoint>
                        <Time>2025-10-19T00:55:05.000Z</Time>
                        <HeartRateBpm>
                            <Value>112</Value>
                        </HeartRateBpm>
                        <SensorState>Present</SensorState>
                    </Trackpoint>
                    <Trackpoint>
                        <Time>2025-10-19T00:55:06.000Z</Time>
                        <HeartRateBpm>
                            <Value>113</Value>
                        </HeartRateBpm>
                        <SensorState>Present</SensorState>
                    </Trackpoint>
                    <Trackpoint>
                        <Time>2025-10-19T00:55:07.000Z</Time>
                        <HeartRateBpm>
                            <Value>113</Value>
                        </HeartRateBpm>
                        <SensorState>Present</SensorState>
                    </Trackpoint>
                    <Trackpoint>
                        <Time>2025-10-19T00:55:08.000Z</Time>
                        <HeartRateBpm>
                            <Value>114</Value>
                        </HeartRateBpm>
                        <SensorState>Present</SensorState>
                    </Trackpoint>
                    <Trackpoint>
                        <Time>2025-10-19T00:55:09.000Z</Time>
                        <HeartRateBpm>
                            <Value>114</Value>
                        </HeartRateBpm>
                        <SensorState>Present</SensorState>
                    </Trackpoint>
                    <Trackpoint>
                        <Time>2025-10-19T00:55:10.000Z</Time>
                        <HeartRateBpm>
                            <Value>114</Value>
                        </HeartRateBpm>
                        <SensorState>Present</SensorState>
                    </Trackpoint>
                    <Trackpoint>
                        <Time>2025-10-19T00:55:11.000Z</Time>
                        <HeartRateBpm>
                            <Value>114</Value>
                        </HeartRateBpm>
                        <SensorState>Present</SensorState>
                    </Trackpoint>
                    <Trackpoint>
                        <Time>2025-10-19T00:55:12.000Z</Time>
                        <HeartRateBpm>
                            <Value>114</Value>
                        </HeartRateBpm>
                        <SensorState>Present</SensorState>
                    </Trackpoint>
                    <Trackpoint>
                        <Time>2025-10-19T00:55:13.000Z</Time>
                        <HeartRateBpm>
                            <Value>114</Value>
                        </HeartRateBpm>
                        <SensorState>Present</SensorState>
                    </Trackpoint>
                    <Trackpoint>
                        <Time>2025-10-19T00:55:14.000Z</Time>
                        <HeartRateBpm>
                            <Value>114</Value>
                        </HeartRateBpm>
                        <SensorState>Present</SensorState>
                    </Trackpoint>
                    <Trackpoint>
                        <Time>2025-10-19T00:55:15.000Z</Time>
                        <HeartRateBpm>
                            <Value>115</Value>
                        </HeartRateBpm>
                        <SensorState>Present</SensorState>
                    </Trackpoint>
                    <Trackpoint>
                        <Time>2025-10-19T00:55:16.000Z</Time>
                        <HeartRateBpm>
                            <Value>115</Value>
                        </HeartRateBpm>
                        <SensorState>Present</SensorState>
                    </Trackpoint>
                    <Trackpoint>
                        <Time>2025-10-19T00:55:17.000Z</Time>
                        <HeartRateBpm>
                            <Value>115</Value>
                        </HeartRateBpm>
                        <SensorState>Present</SensorState>
                    </Trackpoint>
                    <Trackpoint>
                        <Time>2025-10-19T00:55:18.000Z</Time>
                        <HeartRateBpm>
                            <Value>113</Value>
                        </HeartRateBpm>
                        <SensorState>Present</SensorState>
                    </Trackpoint>
                    <Trackpoint>
                        <Time>2025-10-19T00:55:19.000Z</Time>
                        <HeartRateBpm>
                            <Value>113</Value>
                        </HeartRateBpm>
                        <SensorState>Present</SensorState>
                    </Trackpoint>
                    <Trackpoint>
                        <Time>2025-10-19T00:55:20.000Z</Time>
                        <HeartRateBpm>
                            <Value>112</Value>
                        </HeartRateBpm>
                        <SensorState>Present</SensorState>
                    </Trackpoint>
                    <Trackpoint>
                        <Time>2025-10-19T00:55:21.000Z</Time>
                        <HeartRateBpm>
                            <Value>110</Value>
                        </HeartRateBpm>
                        <SensorState>Present</SensorState>
                    </Trackpoint>
                    <Trackpoint>
                        <Time>2025-10-19T00:55:22.000Z</Time>
                        <HeartRateBpm>
                            <Value>108</Value>
                        </HeartRateBpm>
                        <SensorState>Present</SensorState>
                    </Trackpoint>
                    <Trackpoint>
                        <Time>2025-10-19T00:55:23.000Z</Time>
                        <HeartRateBpm>
                            <Value>107</Value>
                        </HeartRateBpm>
                        <SensorState>Present</SensorState>
                    </Trackpoint>
                    <Trackpoint>
                        <Time>2025-10-19T00:55:24.000Z</Time>
                        <HeartRateBpm>
                            <Value>108</Value>
                        </HeartRateBpm>
                        <SensorState>Present</SensorState>
                    </Trackpoint>
                    <Trackpoint>
                        <Time>2025-10-19T00:55:25.000Z</Time>
                        <HeartRateBpm>
                            <Value>109</Value>
                        </HeartRateBpm>
                        <SensorState>Present</SensorState>
                    </Trackpoint>
                    <Trackpoint>
                        <Time>2025-10-19T00:55:26.000Z</Time>
                        <HeartRateBpm>
                            <Value>110</Value>
                        </HeartRateBpm>
                        <SensorState>Present</SensorState>
                    </Trackpoint>
                    <Trackpoint>
                        <Time>2025-10-19T00:55:27.000Z</Time>
                        <HeartRateBpm>
                            <Value>111</Value>
                        </HeartRateBpm>
                        <SensorState>Present</SensorState>
                    </Trackpoint>
                    <Trackpoint>
                        <Time>2025-10-19T00:55:28.000Z</Time>
                        <HeartRateBpm>
                            <Value>110</Value>
                        </HeartRateBpm>
                        <SensorState>Present</SensorState>
                    </Trackpoint>
                    <Trackpoint>
                        <Time>2025-10-19T00:55:29.000Z</Time>
                        <HeartRateBpm>
                            <Value>108</Value>
                        </HeartRateBpm>
                        <SensorState>Present</SensorState>
                    </Trackpoint>
                    <Trackpoint>
                        <Time>2025-10-19T00:55:30.000Z</Time>
                        <HeartRateBpm>
                            <Value>108</Value>
                        </HeartRateBpm>
                        <SensorState>Present</SensorState>
                    </Trackpoint>
                    <Trackpoint>
                        <Time>2025-10-19T00:55:31.000Z</Time>
                        <HeartRateBpm>
                            <Value>108</Value>
                        </HeartRateBpm>
                        <SensorState>Present</SensorState>
                    </Trackpoint>
                    <Trackpoint>
                        <Time>2025-10-19T00:55:32.000Z</Time>
                        <HeartRateBpm>
                            <Value>110</Value>
                        </HeartRateBpm>
                        <SensorState>Present</SensorState>
                    </Trackpoint>
                    <Trackpoint>
                        <Time>2025-10-19T00:55:33.000Z</Time>
                        <HeartRateBpm>
                            <Value>111</Value>
                        </HeartRateBpm>
                        <SensorState>Present</SensorState>
                    </Trackpoint>
                    <Trackpoint>
                        <Time>2025-10-19T00:55:34.000Z</Time>
                        <HeartRateBpm>
                            <Value>111</Value>
                        </HeartRateBpm>
                        <SensorState>Present</SensorState>
                    </Trackpoint>
                    <Trackpoint>
                        <Time>2025-10-19T00:55:35.000Z</Time>
                        <HeartRateBpm>
                            <Value>111</Value>
                        </HeartRateBpm>
                        <SensorState>Present</SensorState>
                    </Trackpoint>
                    <Trackpoint>
                        <Time>2025-10-19T00:55:36.000Z</Time>
                        <HeartRateBpm>
                            <Value>112</Value>
                        </HeartRateBpm>
                        <SensorState>Present</SensorState>
                    </Trackpoint>
                    <Trackpoint>
                        <Time>2025-10-19T00:55:37.000Z</Time>
                        <HeartRateBpm>
                            <Value>113</Value>
                        </HeartRateBpm>
                        <SensorState>Present</SensorState>
                    </Trackpoint>
                    <Trackpoint>
                        <Time>2025-10-19T00:55:38.000Z</Time>
                        <HeartRateBpm>
                            <Value>114</Value>
                        </HeartRateBpm>
                        <SensorState>Present</SensorState>
                    </Trackpoint>
                    <Trackpoint>
                        <Time>2025-10-19T00:55:39.000Z</Time>
                        <HeartRateBpm>
                            <Value>114</Value>
                        </HeartRateBpm>
                        <SensorState>Present</SensorState>
                    </Trackpoint>
                    <Trackpoint>
                        <Time>2025-10-19T00:55:40.000Z</Time>
                        <HeartRateBpm>
                            <Value>115</Value>
                        </HeartRateBpm>
                        <SensorState>Present</SensorState>
                    </Trackpoint>
                    <Trackpoint>
                        <Time>2025-10-19T00:55:41.000Z</Time>
                        <HeartRateBpm>
                            <Value>116</Value>
                        </HeartRateBpm>
                        <SensorState>Present</SensorState>
                    </Trackpoint>
                    <Trackpoint>
                        <Time>2025-10-19T00:55:42.000Z</Time>
                        <HeartRateBpm>
                            <Value>116</Value>
                        </HeartRateBpm>
                        <SensorState>Present</SensorState>
                    </Trackpoint>
                    <Trackpoint>
                        <Time>2025-10-19T00:55:43.000Z</Time>
                        <HeartRateBpm>
                            <Value>117</Value>
                        </HeartRateBpm>
                        <SensorState>Present</SensorState>
                    </Trackpoint>
                    <Trackpoint>
                        <Time>2025-10-19T00:55:44.000Z</Time>
                        <HeartRateBpm>
                            <Value>118</Value>
                        </HeartRateBpm>
                        <SensorState>Present</SensorState>
                    </Trackpoint>
                    <Trackpoint>
                        <Time>2025-10-19T00:55:45.000Z</Time>
                        <HeartRateBpm>
                            <Value>119</Value>
                        </HeartRateBpm>
                        <SensorState>Present</SensorState>
                    </Trackpoint>
                    <Trackpoint>
                        <Time>2025-10-19T00:55:46.000Z</Time>
                        <HeartRateBpm>
                            <Value>120</Value>
                        </HeartRateBpm>
                        <SensorState>Present</SensorState>
                    </Trackpoint>
                    <Trackpoint>
                        <Time>2025-10-19T00:55:47.000Z</Time>
                        <HeartRateBpm>
                            <Value>121</Value>
                        </HeartRateBpm>
                        <SensorState>Present</SensorState>
                    </Trackpoint>
                    <Trackpoint>
                        <Time>2025-10-19T00:55:48.000Z</Time>
                        <HeartRateBpm>
                            <Value>121</Value>
                        </HeartRateBpm>
                        <SensorState>Present</SensorState>
                    </Trackpoint>
                    <Trackpoint>
                        <Time>2025-10-19T00:55:49.000Z</Time>
                        <HeartRateBpm>
                            <Value>121</Value>
                        </HeartRateBpm>
                        <SensorState>Present</SensorState>
                    </Trackpoint>
                    <Trackpoint>
                        <Time>2025-10-19T00:55:50.000Z</Time>
                        <HeartRateBpm>
                            <Value>120</Value>
                        </HeartRateBpm>
                        <SensorState>Present</SensorState>
                    </Trackpoint>
                    <Trackpoint>
                        <Time>2025-10-19T00:55:51.000Z</Time>
                        <HeartRateBpm>
                            <Value>120</Value>
                        </HeartRateBpm>
                        <SensorState>Present</SensorState>
                    </Trackpoint>
                    <Trackpoint>
                        <Time>2025-10-19T00:55:52.000Z</Time>
                        <HeartRateBpm>
                            <Value>119</Value>
                        </HeartRateBpm>
                        <SensorState>Present</SensorState>
                    </Trackpoint>
                    <Trackpoint>
                        <Time>2025-10-19T00:55:53.000Z</Time>
                        <HeartRateBpm>
                            <Value>119</Value>
                        </HeartRateBpm>
                        <SensorState>Present</SensorState>
                    </Trackpoint>
                    <Trackpoint>
                        <Time>2025-10-19T00:55:54.000Z</Time>
                        <HeartRateBpm>
                            <Value>119</Value>
                        </HeartRateBpm>
                        <SensorState>Present</SensorState>
                    </Trackpoint>
                    <Trackpoint>
                        <Time>2025-10-19T00:55:55.000Z</Time>
                        <HeartRateBpm>
                            <Value>119</Value>
                        </HeartRateBpm>
                        <SensorState>Present</SensorState>
                    </Trackpoint>
                    <Trackpoint>
                        <Time>2025-10-19T00:55:56.000Z</Time>
                        <HeartRateBpm>
                            <Value>120</Value>
                        </HeartRateBpm>
                        <SensorState>Present</SensorState>
                    </Trackpoint>
                    <Trackpoint>
                        <Time>2025-10-19T00:55:57.000Z</Time>
                        <HeartRateBpm>
                            <Value>121</Value>
                        </HeartRateBpm>
                        <SensorState>Present</SensorState>
                    </Trackpoint>
                    <Trackpoint>
                        <Time>2025-10-19T00:55:58.000Z</Time>
                        <HeartRateBpm>
                            <Value>121</Value>
                        </HeartRateBpm>
                        <SensorState>Present</SensorState>
                    </Trackpoint>
                    <Trackpoint>
                        <Time>2025-10-19T00:55:59.000Z</Time>
                        <HeartRateBpm>
                            <Value>121</Value>
                        </HeartRateBpm>
                        <SensorState>Present</SensorState>
                    </Trackpoint>
                    <Trackpoint>
                        <Time>2025-10-19T00:56:00.000Z</Time>
                        <HeartRateBpm>
                            <Value>122</Value>
                        </HeartRateBpm>
                        <SensorState>Present</SensorState>
                    </Trackpoint>
                    <Trackpoint>
                        <Time>2025-10-19T00:56:01.000Z</Time>
                        <HeartRateBpm>
                            <Value>122</Value>
                        </HeartRateBpm>
                        <SensorState>Present</SensorState>
                    </Trackpoint>
                    <Trackpoint>
                        <Time>2025-10-19T00:56:02.000Z</Time>
                        <HeartRateBpm>
                            <Value>123</Value>
                        </HeartRateBpm>
                        <SensorState>Present</SensorState>
                    </Trackpoint>
                    <Trackpoint>
                        <Time>2025-10-19T00:56:03.000Z</Time>
                        <HeartRateBpm>
                            <Value>124</Value>
                        </HeartRateBpm>
                        <SensorState>Present</SensorState>
                    </Trackpoint>
                    <Trackpoint>
                        <Time>2025-10-19T00:56:04.000Z</Time>
                        <HeartRateBpm>
                            <Value>124</Value>
                        </HeartRateBpm>
                        <SensorState>Present</SensorState>
                    </Trackpoint>
                    <Trackpoint>
                        <Time>2025-10-19T00:56:05.000Z</Time>
                        <HeartRateBpm>
                            <Value>125</Value>
                        </HeartRateBpm>
                        <SensorState>Present</SensorState>
                    </Trackpoint>
                    <Trackpoint>
                        <Time>2025-10-19T00:56:06.000Z</Time>
                        <HeartRateBpm>
                            <Value>126</Value>
                        </HeartRateBpm>
                        <SensorState>Present</SensorState>
                    </Trackpoint>
                    <Trackpoint>
                        <Time>2025-10-19T00:56:07.000Z</Time>
                        <HeartRateBpm>
                            <Value>126</Value>
                        </HeartRateBpm>
                        <SensorState>Present</SensorState>
                    </Trackpoint>
                    <Trackpoint>
                        <Time>2025-10-19T00:56:08.000Z</Time>
                        <HeartRateBpm>
                            <Value>126</Value>
                        </HeartRateBpm>
                        <SensorState>Present</SensorState>
                    </Trackpoint>
                    <Trackpoint>
                        <Time>2025-10-19T00:56:09.000Z</Time>
                        <HeartRateBpm>
                            <Value>125</Value>
                        </HeartRateBpm>
                        <SensorState>Present</SensorState>
                    </Trackpoint>
                    <Trackpoint>
                        <Time>2025-10-19T00:56:10.000Z</Time>
                        <HeartRateBpm>
                            <Value>123</Value>
                        </HeartRateBpm>
                        <SensorState>Present</SensorState>
                    </Trackpoint>
                    <Trackpoint>
                        <Time>2025-10-19T00:56:11.000Z</Time>
                        <HeartRateBpm>
                            <Value>120</Value>
                        </HeartRateBpm>
                        <SensorState>Present</SensorState>
                    </Trackpoint>
                    <Trackpoint>
                        <Time>2025-10-19T00:56:12.000Z</Time>
                        <HeartRateBpm>
                            <Value>120</Value>
                        </HeartRateBpm>
                        <SensorState>Present</SensorState>
                    </Trackpoint>
                    <Trackpoint>
                        <Time>2025-10-19T00:56:13.000Z</Time>
                        <HeartRateBpm>
                            <Value>119</Value>
                        </HeartRateBpm>
                        <SensorState>Present</SensorState>
                    </Trackpoint>
                    <Trackpoint>
                        <Time>2025-10-19T00:56:14.000Z</Time>
                        <HeartRateBpm>
                            <Value>119</Value>
                        </HeartRateBpm>
                        <SensorState>Present</SensorState>
                    </Trackpoint>
                    <Trackpoint>
                        <Time>2025-10-19T00:56:15.000Z</Time>
                        <HeartRateBpm>
                            <Value>119</Value>
                        </HeartRateBpm>
                        <SensorState>Present</SensorState>
                    </Trackpoint>
                    <Trackpoint>
                        <Time>2025-10-19T00:56:16.000Z</Time>
                        <HeartRateBpm>
                            <Value>120</Value>
                        </HeartRateBpm>
                        <SensorState>Present</SensorState>
                    </Trackpoint>
                    <Trackpoint>
                        <Time>2025-10-19T00:56:17.000Z</Time>
                        <HeartRateBpm>
                            <Value>120</Value>
                        </HeartRateBpm>
                        <SensorState>Present</SensorState>
                    </Trackpoint>
                    <Trackpoint>
                        <Time>2025-10-19T00:56:18.000Z</Time>
                        <HeartRateBpm>
                            <Value>121</Value>
                        </HeartRateBpm>
                        <SensorState>Present</SensorState>
                    </Trackpoint>
                    <Trackpoint>
                        <Time>2025-10-19T00:56:19.000Z</Time>
                        <HeartRateBpm>
                            <Value>121</Value>
                        </HeartRateBpm>
                        <SensorState>Present</SensorState>
                    </Trackpoint>
                    <Trackpoint>
                        <Time>2025-10-19T00:56:20.000Z</Time>
                        <HeartRateBpm>
                            <Value>120</Value>
                        </HeartRateBpm>
                        <SensorState>Present</SensorState>
                    </Trackpoint>
                    <Trackpoint>
                        <Time>2025-10-19T00:56:21.000Z</Time>
                        <HeartRateBpm>
                            <Value>119</Value>
                        </HeartRateBpm>
                        <SensorState>Present</SensorState>
                    </Trackpoint>
                    <Trackpoint>
                        <Time>2025-10-19T00:56:22.000Z</Time>
                        <HeartRateBpm>
                            <Value>118</Value>
                        </HeartRateBpm>
                        <SensorState>Present</SensorState>
                    </Trackpoint>
                    <Trackpoint>
                        <Time>2025-10-19T00:56:23.000Z</Time>
                        <HeartRateBpm>
                            <Value>116</Value>
                        </HeartRateBpm>
                        <SensorState>Present</SensorState>
                    </Trackpoint>
                    <Trackpoint>
                        <Time>2025-10-19T00:56:24.000Z</Time>
                        <HeartRateBpm>
                            <Value>114</Value>
                        </HeartRateBpm>
                        <SensorState>Present</SensorState>
                    </Trackpoint>
                    <Trackpoint>
                        <Time>2025-10-19T00:56:25.000Z</Time>
                        <HeartRateBpm>
                            <Value>113</Value>
                        </HeartRateBpm>
                        <SensorState>Present</SensorState>
                    </Trackpoint>
                    <Trackpoint>
                        <Time>2025-10-19T00:56:26.000Z</Time>
                        <HeartRateBpm>
                            <Value>113</Value>
                        </HeartRateBpm>
                        <SensorState>Present</SensorState>
                    </Trackpoint>
                    <Trackpoint>
                        <Time>2025-10-19T00:56:27.000Z</Time>
                        <HeartRateBpm>
                            <Value>113</Value>
                        </HeartRateBpm>
                        <SensorState>Present</SensorState>
                    </Trackpoint>
                    <Trackpoint>
                        <Time>2025-10-19T00:56:28.000Z</Time>
                        <HeartRateBpm>
                            <Value>115</Value>
                        </HeartRateBpm>
                        <SensorState>Present</SensorState>
                    </Trackpoint>
                    <Trackpoint>
                        <Time>2025-10-19T00:56:29.000Z</Time>
                        <HeartRateBpm>
                            <Value>116</Value>
                        </HeartRateBpm>
                        <SensorState>Present</SensorState>
                    </Trackpoint>
                    <Trackpoint>
                        <Time>2025-10-19T00:56:30.000Z</Time>
                        <HeartRateBpm>
                            <Value>117</Value>
                        </HeartRateBpm>
                        <SensorState>Present</SensorState>
                    </Trackpoint>
                    <Trackpoint>
                        <Time>2025-10-19T00:56:31.000Z</Time>
                        <HeartRateBpm>
                            <Value>117</Value>
                        </HeartRateBpm>
                        <SensorState>Present</SensorState>
                    </Trackpoint>
                    <Trackpoint>
                        <Time>2025-10-19T00:56:32.000Z</Time>
                        <HeartRateBpm>
                            <Value>117</Value>
                        </HeartRateBpm>
                        <SensorState>Present</SensorState>
                    </Trackpoint>
                    <Trackpoint>
                        <Time>2025-10-19T00:56:33.000Z</Time>
                        <HeartRateBpm>
                            <Value>116</Value>
                        </HeartRateBpm>
                        <SensorState>Present</SensorState>
                    </Trackpoint>
                    <Trackpoint>
                        <Time>2025-10-19T00:56:34.000Z</Time>
                        <HeartRateBpm>
                            <Value>115</Value>
                        </HeartRateBpm>
                        <SensorState>Present</SensorState>
                    </Trackpoint>
                    <Trackpoint>
                        <Time>2025-10-19T00:56:35.000Z</Time>
                        <HeartRateBpm>
                            <Value>114</Value>
                        </HeartRateBpm>
                        <SensorState>Present</SensorState>
                    </Trackpoint>
                    <Trackpoint>
                        <Time>2025-10-19T00:56:36.000Z</Time>
                        <HeartRateBpm>
                            <Value>114</Value>
                        </HeartRateBpm>
                        <SensorState>Present</SensorState>
                    </Trackpoint>
                    <Trackpoint>
                        <Time>2025-10-19T00:56:37.000Z</Time>
                        <HeartRateBpm>
                            <Value>114</Value>
                        </HeartRateBpm>
                        <SensorState>Present</SensorState>
                    </Trackpoint>
                    <Trackpoint>
                        <Time>2025-10-19T00:56:38.000Z</Time>
                        <HeartRateBpm>
                            <Value>115</Value>
                        </HeartRateBpm>
                        <SensorState>Present</SensorState>
                    </Trackpoint>
                    <Trackpoint>
                        <Time>2025-10-19T00:56:39.000Z</Time>
                        <HeartRateBpm>
                            <Value>116</Value>
                        </HeartRateBpm>
                        <SensorState>Present</SensorState>
                    </Trackpoint>
                    <Trackpoint>
                        <Time>2025-10-19T00:56:40.000Z</Time>
                        <HeartRateBpm>
                            <Value>116</Value>
                        </HeartRateBpm>
                        <SensorState>Present</SensorState>
                    </Trackpoint>
                    <Trackpoint>
                        <Time>2025-10-19T00:56:41.000Z</Time>
                        <HeartRateBpm>
                            <Value>117</Value>
                        </HeartRateBpm>
                        <SensorState>Present</SensorState>
                    </Trackpoint>
                    <Trackpoint>
                        <Time>2025-10-19T00:56:42.000Z</Time>
                        <HeartRateBpm>
                            <Value>118</Value>
                        </HeartRateBpm>
                        <SensorState>Present</SensorState>
                    </Trackpoint>
                    <Trackpoint>
                        <Time>2025-10-19T00:56:43.000Z</Time>
                        <HeartRateBpm>
                            <Value>118</Value>
                        </HeartRateBpm>
                        <SensorState>Present</SensorState>
                    </Trackpoint>
                    <Trackpoint>
                        <Time>2025-10-19T00:56:44.000Z</Time>
                        <HeartRateBpm>
                            <Value>118</Value>
                        </HeartRateBpm>
                        <SensorState>Present</SensorState>
                    </Trackpoint>
                    <Trackpoint>
                        <Time>2025-10-19T00:56:45.000Z</Time>
                        <HeartRateBpm>
                            <Value>117</Value>
                        </HeartRateBpm>
                        <SensorState>Present</SensorState>
                    </Trackpoint>
                    <Trackpoint>
                        <Time>2025-10-19T00:56:46.000Z</Time>
                        <HeartRateBpm>
                            <Value>117</Value>
                        </HeartRateBpm>
                        <SensorState>Present</SensorState>
                    </Trackpoint>
                    <Trackpoint>
                        <Time>2025-10-19T00:56:47.000Z</Time>
                        <HeartRateBpm>
                            <Value>117</Value>
                        </HeartRateBpm>
                        <SensorState>Present</SensorState>
                    </Trackpoint>
                    <Trackpoint>
                        <Time>2025-10-19T00:56:48.000Z</Time>
                        <HeartRateBpm>
                            <Value>117</Value>
                        </HeartRateBpm>
                        <SensorState>Present</SensorState>
                    </Trackpoint>
                    <Trackpoint>
                        <Time>2025-10-19T00:56:49.000Z</Time>
                        <HeartRateBpm>
                            <Value>117</Value>
                        </HeartRateBpm>
                        <SensorState>Present</SensorState>
                    </Trackpoint>
                    <Trackpoint>
                        <Time>2025-10-19T00:56:50.000Z</Time>
                        <HeartRateBpm>
                            <Value>117</Value>
                        </HeartRateBpm>
                        <SensorState>Present</SensorState>
                    </Trackpoint>
                    <Trackpoint>
                        <Time>2025-10-19T00:56:51.000Z</Time>
                        <HeartRateBpm>
                            <Value>115</Value>
                        </HeartRateBpm>
                        <SensorState>Present</SensorState>
                    </Trackpoint>
                    <Trackpoint>
                        <Time>2025-10-19T00:56:52.000Z</Time>
                        <HeartRateBpm>
                            <Value>114</Value>
                        </HeartRateBpm>
                        <SensorState>Present</SensorState>
                    </Trackpoint>
                    <Trackpoint>
                        <Time>2025-10-19T00:56:53.000Z</Time>
                        <HeartRateBpm>
                            <Value>114</Value>
                        </HeartRateBpm>
                        <SensorState>Present</SensorState>
                    </Trackpoint>
                    <Trackpoint>
                        <Time>2025-10-19T00:56:54.000Z</Time>
                        <HeartRateBpm>
                            <Value>114</Value>
                        </HeartRateBpm>
                        <SensorState>Present</SensorState>
                    </Trackpoint>
                    <Trackpoint>
                        <Time>2025-10-19T00:56:55.000Z</Time>
                        <HeartRateBpm>
                            <Value>114</Value>
                        </HeartRateBpm>
                        <SensorState>Present</SensorState>
                    </Trackpoint>
                    <Trackpoint>
                        <Time>2025-10-19T00:56:56.000Z</Time>
                        <HeartRateBpm>
                            <Value>112</Value>
                        </HeartRateBpm>
                        <SensorState>Present</SensorState>
                    </Trackpoint>
                    <Trackpoint>
                        <Time>2025-10-19T00:56:57.000Z</Time>
                        <HeartRateBpm>
                            <Value>111</Value>
                        </HeartRateBpm>
                        <SensorState>Present</SensorState>
                    </Trackpoint>
                    <Trackpoint>
                        <Time>2025-10-19T00:56:58.000Z</Time>
                        <HeartRateBpm>
                            <Value>111</Value>
                        </HeartRateBpm>
                        <SensorState>Present</SensorState>
                    </Trackpoint>
                    <Trackpoint>
                        <Time>2025-10-19T00:56:59.000Z</Time>
                        <HeartRateBpm>
                            <Value>111</Value>
                        </HeartRateBpm>
                        <SensorState>Present</SensorState>
                    </Trackpoint>
                    <Trackpoint>
                        <Time>2025-10-19T00:57:00.000Z</Time>
                        <HeartRateBpm>
                            <Value>111</Value>
                        </HeartRateBpm>
                        <SensorState>Present</SensorState>
                    </Trackpoint>
                    <Trackpoint>
                        <Time>2025-10-19T00:57:01.000Z</Time>
                        <HeartRateBpm>
                            <Value>111</Value>
                        </HeartRateBpm>
                        <SensorState>Present</SensorState>
                    </Trackpoint>
                    <Trackpoint>
                        <Time>2025-10-19T00:57:02.000Z</Time>
                        <HeartRateBpm>
                            <Value>111</Value>
                        </HeartRateBpm>
                        <SensorState>Present</SensorState>
                    </Trackpoint>
                    <Trackpoint>
                        <Time>2025-10-19T00:57:03.000Z</Time>
                        <HeartRateBpm>
                            <Value>110</Value>
                        </HeartRateBpm>
                        <SensorState>Present</SensorState>
                    </Trackpoint>
                    <Trackpoint>
                        <Time>2025-10-19T00:57:04.000Z</Time>
                        <HeartRateBpm>
                            <Value>110</Value>
                        </HeartRateBpm>
                        <SensorState>Present</SensorState>
                    </Trackpoint>
                    <Trackpoint>
                        <Time>2025-10-19T00:57:05.000Z</Time>
                        <HeartRateBpm>
                            <Value>112</Value>
                        </HeartRateBpm>
                        <SensorState>Present</SensorState>
                    </Trackpoint>
                    <Trackpoint>
                        <Time>2025-10-19T00:57:06.000Z</Time>
                        <HeartRateBpm>
                            <Value>112</Value>
                        </HeartRateBpm>
                        <SensorState>Present</SensorState>
                    </Trackpoint>
                    <Trackpoint>
                        <Time>2025-10-19T00:57:07.000Z</Time>
                        <HeartRateBpm>
                            <Value>113</Value>
                        </HeartRateBpm>
                        <SensorState>Present</SensorState>
                    </Trackpoint>
                    <Trackpoint>
                        <Time>2025-10-19T00:57:08.000Z</Time>
                        <HeartRateBpm>
                            <Value>113</Value>
                        </HeartRateBpm>
                        <SensorState>Present</SensorState>
                    </Trackpoint>
                    <Trackpoint>
                        <Time>2025-10-19T00:57:09.000Z</Time>
                        <HeartRateBpm>
                            <Value>114</Value>
                        </HeartRateBpm>
                        <SensorState>Present</SensorState>
                    </Trackpoint>
                    <Trackpoint>
                        <Time>2025-10-19T00:57:10.000Z</Time>
                        <HeartRateBpm>
                            <Value>115</Value>
                        </HeartRateBpm>
                        <SensorState>Present</SensorState>
                    </Trackpoint>
                    <Trackpoint>
                        <Time>2025-10-19T00:57:11.000Z</Time>
                        <HeartRateBpm>
                            <Value>115</Value>
                        </HeartRateBpm>
                        <SensorState>Present</SensorState>
                    </Trackpoint>
                    <Trackpoint>
                        <Time>2025-10-19T00:57:12.000Z</Time>
                        <HeartRateBpm>
                            <Value>116</Value>
                        </HeartRateBpm>
                        <SensorState>Present</SensorState>
                    </Trackpoint>
                    <Trackpoint>
                        <Time>2025-10-19T00:57:13.000Z</Time>
                        <HeartRateBpm>
                            <Value>114</Value>
                        </HeartRateBpm>
                        <SensorState>Present</SensorState>
                    </Trackpoint>
                    <Trackpoint>
                        <Time>2025-10-19T00:57:14.000Z</Time>
                        <HeartRateBpm>
                            <Value>112</Value>
                        </HeartRateBpm>
                        <SensorState>Present</SensorState>
                    </Trackpoint>
                    <Trackpoint>
                        <Time>2025-10-19T00:57:15.000Z</Time>
                        <HeartRateBpm>
                            <Value>110</Value>
                        </HeartRateBpm>
                        <SensorState>Present</SensorState>
                    </Trackpoint>
                    <Trackpoint>
                        <Time>2025-10-19T00:57:16.000Z</Time>
                        <HeartRateBpm>
                            <Value>108</Value>
                        </HeartRateBpm>
                        <SensorState>Present</SensorState>
                    </Trackpoint>
                    <Trackpoint>
                        <Time>2025-10-19T00:57:17.000Z</Time>
                        <HeartRateBpm>
                            <Value>107</Value>
                        </HeartRateBpm>
                        <SensorState>Present</SensorState>
                    </Trackpoint>
                    <Trackpoint>
                        <Time>2025-10-19T00:57:18.000Z</Time>
                        <HeartRateBpm>
                            <Value>107</Value>
                        </HeartRateBpm>
                        <SensorState>Present</SensorState>
                    </Trackpoint>
                    <Trackpoint>
                        <Time>2025-10-19T00:57:19.000Z</Time>
                        <HeartRateBpm>
                            <Value>107</Value>
                        </HeartRateBpm>
                        <SensorState>Present</SensorState>
                    </Trackpoint>
                    <Trackpoint>
                        <Time>2025-10-19T00:57:20.000Z</Time>
                        <HeartRateBpm>
                            <Value>107</Value>
                        </HeartRateBpm>
                        <SensorState>Present</SensorState>
                    </Trackpoint>
                    <Trackpoint>
                        <Time>2025-10-19T00:57:21.000Z</Time>
                        <HeartRateBpm>
                            <Value>106</Value>
                        </HeartRateBpm>
                        <SensorState>Present</SensorState>
                    </Trackpoint>
                    <Trackpoint>
                        <Time>2025-10-19T00:57:22.000Z</Time>
                        <HeartRateBpm>
                            <Value>106</Value>
                        </HeartRateBpm>
                        <SensorState>Present</SensorState>
                    </Trackpoint>
                    <Trackpoint>
                        <Time>2025-10-19T00:57:23.000Z</Time>
                        <HeartRateBpm>
                            <Value>105</Value>
                        </HeartRateBpm>
                        <SensorState>Present</SensorState>
                    </Trackpoint>
                    <Trackpoint>
                        <Time>2025-10-19T00:57:24.000Z</Time>
                        <HeartRateBpm>
                            <Value>105</Value>
                        </HeartRateBpm>
                        <SensorState>Present</SensorState>
                    </Trackpoint>
                    <Trackpoint>
                        <Time>2025-10-19T00:57:25.000Z</Time>
                        <HeartRateBpm>
                            <Value>105</Value>
                        </HeartRateBpm>
                        <SensorState>Present</SensorState>
                    </Trackpoint>
                    <Trackpoint>
                        <Time>2025-10-19T00:57:26.000Z</Time>
                        <HeartRateBpm>
                            <Value>107</Value>
                        </HeartRateBpm>
                        <SensorState>Present</SensorState>
                    </Trackpoint>
                    <Trackpoint>
                        <Time>2025-10-19T00:57:27.000Z</Time>
                        <HeartRateBpm>
                            <Value>107</Value>
                        </HeartRateBpm>
                        <SensorState>Present</SensorState>
                    </Trackpoint>
                    <Trackpoint>
                        <Time>2025-10-19T00:57:28.000Z</Time>
                        <HeartRateBpm>
                            <Value>107</Value>
                        </HeartRateBpm>
                        <SensorState>Present</SensorState>
                    </Trackpoint>
                    <Trackpoint>
                        <Time>2025-10-19T00:57:29.000Z</Time>
                        <HeartRateBpm>
                            <Value>106</Value>
                        </HeartRateBpm>
                        <SensorState>Present</SensorState>
                    </Trackpoint>
                    <Trackpoint>
                        <Time>2025-10-19T00:57:30.000Z</Time>
                        <HeartRateBpm>
                            <Value>106</Value>
                        </HeartRateBpm>
                        <SensorState>Present</SensorState>
                    </Trackpoint>
                    <Trackpoint>
                        <Time>2025-10-19T00:57:31.000Z</Time>
                        <HeartRateBpm>
                            <Value>106</Value>
                        </HeartRateBpm>
                        <SensorState>Present</SensorState>
                    </Trackpoint>
                    <Trackpoint>
                        <Time>2025-10-19T00:57:32.000Z</Time>
                        <HeartRateBpm>
                            <Value>107</Value>
                        </HeartRateBpm>
                        <SensorState>Present</SensorState>
                    </Trackpoint>
                    <Trackpoint>
                        <Time>2025-10-19T00:57:33.000Z</Time>
                        <HeartRateBpm>
                            <Value>108</Value>
                        </HeartRateBpm>
                        <SensorState>Present</SensorState>
                    </Trackpoint>
                    <Trackpoint>
                        <Time>2025-10-19T00:57:34.000Z</Time>
                        <HeartRateBpm>
                            <Value>109</Value>
                        </HeartRateBpm>
                        <SensorState>Present</SensorState>
                    </Trackpoint>
                    <Trackpoint>
                        <Time>2025-10-19T00:57:35.000Z</Time>
                        <HeartRateBpm>
                            <Value>110</Value>
                        </HeartRateBpm>
                        <SensorState>Present</SensorState>
                    </Trackpoint>
                    <Trackpoint>
                        <Time>2025-10-19T00:57:36.000Z</Time>
                        <HeartRateBpm>
                            <Value>112</Value>
                        </HeartRateBpm>
                        <SensorState>Present</SensorState>
                    </Trackpoint>
                    <Trackpoint>
                        <Time>2025-10-19T00:57:37.000Z</Time>
                        <HeartRateBpm>
                            <Value>112</Value>
                        </HeartRateBpm>
                        <SensorState>Present</SensorState>
                    </Trackpoint>
                    <Trackpoint>
                        <Time>2025-10-19T00:57:38.000Z</Time>
                        <HeartRateBpm>
                            <Value>111</Value>
                        </HeartRateBpm>
                        <SensorState>Present</SensorState>
                    </Trackpoint>
                    <Trackpoint>
                        <Time>2025-10-19T00:57:39.000Z</Time>
                        <HeartRateBpm>
                            <Value>110</Value>
                        </HeartRateBpm>
                        <SensorState>Present</SensorState>
                    </Trackpoint>
                    <Trackpoint>
                        <Time>2025-10-19T00:57:40.000Z</Time>
                        <HeartRateBpm>
                            <Value>110</Value>
                        </HeartRateBpm>
                        <SensorState>Present</SensorState>
                    </Trackpoint>
                    <Trackpoint>
                        <Time>2025-10-19T00:57:41.000Z</Time>
                        <HeartRateBpm>
                            <Value>111</Value>
                        </HeartRateBpm>
                        <SensorState>Present</SensorState>
                    </Trackpoint>
                    <Trackpoint>
                        <Time>2025-10-19T00:57:42.000Z</Time>
                        <HeartRateBpm>
                            <Value>112</Value>
                        </HeartRateBpm>
                        <SensorState>Present</SensorState>
                    </Trackpoint>
                    <Trackpoint>
                        <Time>2025-10-19T00:57:43.000Z</Time>
                        <HeartRateBpm>
                            <Value>113</Value>
                        </HeartRateBpm>
                        <SensorState>Present</SensorState>
                    </Trackpoint>
                    <Trackpoint>
                        <Time>2025-10-19T00:57:44.000Z</Time>
                        <HeartRateBpm>
                            <Value>115</Value>
                        </HeartRateBpm>
                        <SensorState>Present</SensorState>
                    </Trackpoint>
                    <Trackpoint>
                        <Time>2025-10-19T00:57:45.000Z</Time>
                        <HeartRateBpm>
                            <Value>117</Value>
                        </HeartRateBpm>
                        <SensorState>Present</SensorState>
                    </Trackpoint>
                    <Trackpoint>
                        <Time>2025-10-19T00:57:46.000Z</Time>
                        <HeartRateBpm>
                            <Value>119</Value>
                        </HeartRateBpm>
                        <SensorState>Present</SensorState>
                    </Trackpoint>
                    <Trackpoint>
                        <Time>2025-10-19T00:57:47.000Z</Time>
                        <HeartRateBpm>
                            <Value>121</Value>
                        </HeartRateBpm>
                        <SensorState>Present</SensorState>
                    </Trackpoint>
                    <Trackpoint>
                        <Time>2025-10-19T00:57:48.000Z</Time>
                        <HeartRateBpm>
                            <Value>121</Value>
                        </HeartRateBpm>
                        <SensorState>Present</SensorState>
                    </Trackpoint>
                    <Trackpoint>
                        <Time>2025-10-19T00:57:49.000Z</Time>
                        <HeartRateBpm>
                            <Value>121</Value>
                        </HeartRateBpm>
                        <SensorState>Present</SensorState>
                    </Trackpoint>
                    <Trackpoint>
                        <Time>2025-10-19T00:57:50.000Z</Time>
                        <HeartRateBpm>
                            <Value>121</Value>
                        </HeartRateBpm>
                        <SensorState>Present</SensorState>
                    </Trackpoint>
                    <Trackpoint>
                        <Time>2025-10-19T00:57:51.000Z</Time>
                        <HeartRateBpm>
                            <Value>121</Value>
                        </HeartRateBpm>
                        <SensorState>Present</SensorState>
                    </Trackpoint>
                    <Trackpoint>
                        <Time>2025-10-19T00:57:52.000Z</Time>
                        <HeartRateBpm>
                            <Value>121</Value>
                        </HeartRateBpm>
                        <SensorState>Present</SensorState>
                    </Trackpoint>
                    <Trackpoint>
                        <Time>2025-10-19T00:57:53.000Z</Time>
                        <HeartRateBpm>
                            <Value>121</Value>
                        </HeartRateBpm>
                        <SensorState>Present</SensorState>
                    </Trackpoint>
                    <Trackpoint>
                        <Time>2025-10-19T00:57:54.000Z</Time>
                        <HeartRateBpm>
                            <Value>121</Value>
                        </HeartRateBpm>
                        <SensorState>Present</SensorState>
                    </Trackpoint>
                    <Trackpoint>
                        <Time>2025-10-19T00:57:55.000Z</Time>
                        <HeartRateBpm>
                            <Value>121</Value>
                        </HeartRateBpm>
                        <SensorState>Present</SensorState>
                    </Trackpoint>
                    <Trackpoint>
                        <Time>2025-10-19T00:57:56.000Z</Time>
                        <HeartRateBpm>
                            <Value>121</Value>
                        </HeartRateBpm>
                        <SensorState>Present</SensorState>
                    </Trackpoint>
                    <Trackpoint>
                        <Time>2025-10-19T00:57:57.000Z</Time>
                        <HeartRateBpm>
                            <Value>122</Value>
                        </HeartRateBpm>
                        <SensorState>Present</SensorState>
                    </Trackpoint>
                    <Trackpoint>
                        <Time>2025-10-19T00:57:58.000Z</Time>
                        <HeartRateBpm>
                            <Value>122</Value>
                        </HeartRateBpm>
                        <SensorState>Present</SensorState>
                    </Trackpoint>
                    <Trackpoint>
                        <Time>2025-10-19T00:57:59.000Z</Time>
                        <HeartRateBpm>
                            <Value>123</Value>
                        </HeartRateBpm>
                        <SensorState>Present</SensorState>
                    </Trackpoint>
                    <Trackpoint>
                        <Time>2025-10-19T00:58:00.000Z</Time>
                        <HeartRateBpm>
                            <Value>123</Value>
                        </HeartRateBpm>
                        <SensorState>Present</SensorState>
                    </Trackpoint>
                    <Trackpoint>
                        <Time>2025-10-19T00:58:01.000Z</Time>
                        <HeartRateBpm>
                            <Value>124</Value>
                        </HeartRateBpm>
                        <SensorState>Present</SensorState>
                    </Trackpoint>
                    <Trackpoint>
                        <Time>2025-10-19T00:58:02.000Z</Time>
                        <HeartRateBpm>
                            <Value>125</Value>
                        </HeartRateBpm>
                        <SensorState>Present</SensorState>
                    </Trackpoint>
                    <Trackpoint>
                        <Time>2025-10-19T00:58:03.000Z</Time>
                        <HeartRateBpm>
                            <Value>125</Value>
                        </HeartRateBpm>
                        <SensorState>Present</SensorState>
                    </Trackpoint>
                    <Trackpoint>
                        <Time>2025-10-19T00:58:04.000Z</Time>
                        <HeartRateBpm>
                            <Value>126</Value>
                        </HeartRateBpm>
                        <SensorState>Present</SensorState>
                    </Trackpoint>
                    <Trackpoint>
                        <Time>2025-10-19T00:58:05.000Z</Time>
                        <HeartRateBpm>
                            <Value>126</Value>
                        </HeartRateBpm>
                        <SensorState>Present</SensorState>
                    </Trackpoint>
                    <Trackpoint>
                        <Time>2025-10-19T00:58:06.000Z</Time>
                        <HeartRateBpm>
                            <Value>126</Value>
                        </HeartRateBpm>
                        <SensorState>Present</SensorState>
                    </Trackpoint>
                    <Trackpoint>
                        <Time>2025-10-19T00:58:07.000Z</Time>
                        <HeartRateBpm>
                            <Value>126</Value>
                        </HeartRateBpm>
                        <SensorState>Present</SensorState>
                    </Trackpoint>
                    <Trackpoint>
                        <Time>2025-10-19T00:58:08.000Z</Time>
                        <HeartRateBpm>
                            <Value>126</Value>
                        </HeartRateBpm>
                        <SensorState>Present</SensorState>
                    </Trackpoint>
                    <Trackpoint>
                        <Time>2025-10-19T00:58:09.000Z</Time>
                        <HeartRateBpm>
                            <Value>126</Value>
                        </HeartRateBpm>
                        <SensorState>Present</SensorState>
                    </Trackpoint>
                    <Trackpoint>
                        <Time>2025-10-19T00:58:10.000Z</Time>
                        <HeartRateBpm>
                            <Value>127</Value>
                        </HeartRateBpm>
                        <SensorState>Present</SensorState>
                    </Trackpoint>
                    <Trackpoint>
                        <Time>2025-10-19T00:58:11.000Z</Time>
                        <HeartRateBpm>
                            <Value>127</Value>
                        </HeartRateBpm>
                        <SensorState>Present</SensorState>
                    </Trackpoint>
                    <Trackpoint>
                        <Time>2025-10-19T00:58:12.000Z</Time>
                        <HeartRateBpm>
                            <Value>127</Value>
                        </HeartRateBpm>
                        <SensorState>Present</SensorState>
                    </Trackpoint>
                    <Trackpoint>
                        <Time>2025-10-19T00:58:13.000Z</Time>
                        <HeartRateBpm>
                            <Value>127</Value>
                        </HeartRateBpm>
                        <SensorState>Present</SensorState>
                    </Trackpoint>
                    <Trackpoint>
                        <Time>2025-10-19T00:58:14.000Z</Time>
                        <HeartRateBpm>
                            <Value>127</Value>
                        </HeartRateBpm>
                        <SensorState>Present</SensorState>
                    </Trackpoint>
                    <Trackpoint>
                        <Time>2025-10-19T00:58:15.000Z</Time>
                        <HeartRateBpm>
                            <Value>126</Value>
                        </HeartRateBpm>
                        <SensorState>Present</SensorState>
                    </Trackpoint>
                    <Trackpoint>
                        <Time>2025-10-19T00:58:16.000Z</Time>
                        <HeartRateBpm>
                            <Value>126</Value>
                        </HeartRateBpm>
                        <SensorState>Present</SensorState>
                    </Trackpoint>
                    <Trackpoint>
                        <Time>2025-10-19T00:58:17.000Z</Time>
                        <HeartRateBpm>
                            <Value>125</Value>
                        </HeartRateBpm>
                        <SensorState>Present</SensorState>
                    </Trackpoint>
                    <Trackpoint>
                        <Time>2025-10-19T00:58:18.000Z</Time>
                        <HeartRateBpm>
                            <Value>125</Value>
                        </HeartRateBpm>
                        <SensorState>Present</SensorState>
                    </Trackpoint>
                    <Trackpoint>
                        <Time>2025-10-19T00:58:19.000Z</Time>
                        <HeartRateBpm>
                            <Value>125</Value>
                        </HeartRateBpm>
                        <SensorState>Present</SensorState>
                    </Trackpoint>
                    <Trackpoint>
                        <Time>2025-10-19T00:58:20.000Z</Time>
                        <HeartRateBpm>
                            <Value>125</Value>
                        </HeartRateBpm>
                        <SensorState>Present</SensorState>
                    </Trackpoint>
                    <Trackpoint>
                        <Time>2025-10-19T00:58:21.000Z</Time>
                        <HeartRateBpm>
                            <Value>124</Value>
                        </HeartRateBpm>
                        <SensorState>Present</SensorState>
                    </Trackpoint>
                    <Trackpoint>
                        <Time>2025-10-19T00:58:22.000Z</Time>
                        <HeartRateBpm>
                            <Value>125</Value>
                        </HeartRateBpm>
                        <SensorState>Present</SensorState>
                    </Trackpoint>
                    <Trackpoint>
                        <Time>2025-10-19T00:58:23.000Z</Time>
                        <HeartRateBpm>
                            <Value>125</Value>
                        </HeartRateBpm>
                        <SensorState>Present</SensorState>
                    </Trackpoint>
                    <Trackpoint>
                        <Time>2025-10-19T00:58:24.000Z</Time>
                        <HeartRateBpm>
                            <Value>125</Value>
                        </HeartRateBpm>
                        <SensorState>Present</SensorState>
                    </Trackpoint>
                    <Trackpoint>
                        <Time>2025-10-19T00:58:25.000Z</Time>
                        <HeartRateBpm>
                            <Value>125</Value>
                        </HeartRateBpm>
                        <SensorState>Present</SensorState>
                    </Trackpoint>
                    <Trackpoint>
                        <Time>2025-10-19T00:58:26.000Z</Time>
                        <HeartRateBpm>
                            <Value>125</Value>
                        </HeartRateBpm>
                        <SensorState>Present</SensorState>
                    </Trackpoint>
                    <Trackpoint>
                        <Time>2025-10-19T00:58:27.000Z</Time>
                        <HeartRateBpm>
                            <Value>125</Value>
                        </HeartRateBpm>
                        <SensorState>Present</SensorState>
                    </Trackpoint>
                    <Trackpoint>
                        <Time>2025-10-19T00:58:28.000Z</Time>
                        <HeartRateBpm>
                            <Value>125</Value>
                        </HeartRateBpm>
                        <SensorState>Present</SensorState>
                    </Trackpoint>
                    <Trackpoint>
                        <Time>2025-10-19T00:58:29.000Z</Time>
                        <HeartRateBpm>
                            <Value>125</Value>
                        </HeartRateBpm>
                        <SensorState>Present</SensorState>
                    </Trackpoint>
                    <Trackpoint>
                        <Time>2025-10-19T00:58:30.000Z</Time>
                        <HeartRateBpm>
                            <Value>125</Value>
                        </HeartRateBpm>
                        <SensorState>Present</SensorState>
                    </Trackpoint>
                    <Trackpoint>
                        <Time>2025-10-19T00:58:31.000Z</Time>
                        <HeartRateBpm>
                            <Value>124</Value>
                        </HeartRateBpm>
                        <SensorState>Present</SensorState>
                    </Trackpoint>
                    <Trackpoint>
                        <Time>2025-10-19T00:58:32.000Z</Time>
                        <HeartRateBpm>
                            <Value>124</Value>
                        </HeartRateBpm>
                        <SensorState>Present</SensorState>
                    </Trackpoint>
                    <Trackpoint>
                        <Time>2025-10-19T00:58:33.000Z</Time>
                        <HeartRateBpm>
                            <Value>123</Value>
                        </HeartRateBpm>
                        <SensorState>Present</SensorState>
                    </Trackpoint>
                    <Trackpoint>
                        <Time>2025-10-19T00:58:34.000Z</Time>
                        <HeartRateBpm>
                            <Value>123</Value>
                        </HeartRateBpm>
                        <SensorState>Present</SensorState>
                    </Trackpoint>
                    <Trackpoint>
                        <Time>2025-10-19T00:58:35.000Z</Time>
                        <HeartRateBpm>
                            <Value>122</Value>
                        </HeartRateBpm>
                        <SensorState>Present</SensorState>
                    </Trackpoint>
                    <Trackpoint>
                        <Time>2025-10-19T00:58:36.000Z</Time>
                        <HeartRateBpm>
                            <Value>121</Value>
                        </HeartRateBpm>
                        <SensorState>Present</SensorState>
                    </Trackpoint>
                    <Trackpoint>
                        <Time>2025-10-19T00:58:37.000Z</Time>
                        <HeartRateBpm>
                            <Value>121</Value>
                        </HeartRateBpm>
                        <SensorState>Present</SensorState>
                    </Trackpoint>
                    <Trackpoint>
                        <Time>2025-10-19T00:58:38.000Z</Time>
                        <HeartRateBpm>
                            <Value>119</Value>
                        </HeartRateBpm>
                        <SensorState>Present</SensorState>
                    </Trackpoint>
                    <Trackpoint>
                        <Time>2025-10-19T00:58:39.000Z</Time>
                        <HeartRateBpm>
                            <Value>118</Value>
                        </HeartRateBpm>
                        <SensorState>Present</SensorState>
                    </Trackpoint>
                    <Trackpoint>
                        <Time>2025-10-19T00:58:40.000Z</Time>
                        <HeartRateBpm>
                            <Value>118</Value>
                        </HeartRateBpm>
                        <SensorState>Present</SensorState>
                    </Trackpoint>
                    <Trackpoint>
                        <Time>2025-10-19T00:58:41.000Z</Time>
                        <HeartRateBpm>
                            <Value>117</Value>
                        </HeartRateBpm>
                        <SensorState>Present</SensorState>
                    </Trackpoint>
                    <Trackpoint>
                        <Time>2025-10-19T00:58:42.000Z</Time>
                        <HeartRateBpm>
                            <Value>117</Value>
                        </HeartRateBpm>
                        <SensorState>Present</SensorState>
                    </Trackpoint>
                    <Trackpoint>
                        <Time>2025-10-19T00:58:43.000Z</Time>
                        <HeartRateBpm>
                            <Value>117</Value>
                        </HeartRateBpm>
                        <SensorState>Present</SensorState>
                    </Trackpoint>
                    <Trackpoint>
                        <Time>2025-10-19T00:58:44.000Z</Time>
                        <HeartRateBpm>
                            <Value>118</Value>
                        </HeartRateBpm>
                        <SensorState>Present</SensorState>
                    </Trackpoint>
                    <Trackpoint>
                        <Time>2025-10-19T00:58:45.000Z</Time>
                        <HeartRateBpm>
                            <Value>118</Value>
                        </HeartRateBpm>
                        <SensorState>Present</SensorState>
                    </Trackpoint>
                    <Trackpoint>
                        <Time>2025-10-19T00:58:46.000Z</Time>
                        <HeartRateBpm>
                            <Value>119</Value>
                        </HeartRateBpm>
                        <SensorState>Present</SensorState>
                    </Trackpoint>
                    <Trackpoint>
                        <Time>2025-10-19T00:58:47.000Z</Time>
                        <HeartRateBpm>
                            <Value>119</Value>
                        </HeartRateBpm>
                        <SensorState>Present</SensorState>
                    </Trackpoint>
                    <Trackpoint>
                        <Time>2025-10-19T00:58:48.000Z</Time>
                        <HeartRateBpm>
                            <Value>119</Value>
                        </HeartRateBpm>
                        <SensorState>Present</SensorState>
                    </Trackpoint>
                    <Trackpoint>
                        <Time>2025-10-19T00:58:49.000Z</Time>
                        <HeartRateBpm>
                            <Value>119</Value>
                        </HeartRateBpm>
                        <SensorState>Present</SensorState>
                    </Trackpoint>
                    <Trackpoint>
                        <Time>2025-10-19T00:58:50.000Z</Time>
                        <HeartRateBpm>
                            <Value>119</Value>
                        </HeartRateBpm>
                        <SensorState>Present</SensorState>
                    </Trackpoint>
                    <Trackpoint>
                        <Time>2025-10-19T00:58:51.000Z</Time>
                        <HeartRateBpm>
                            <Value>119</Value>
                        </HeartRateBpm>
                        <SensorState>Present</SensorState>
                    </Trackpoint>
                    <Trackpoint>
                        <Time>2025-10-19T00:58:52.000Z</Time>
                        <HeartRateBpm>
                            <Value>119</Value>
                        </HeartRateBpm>
                        <SensorState>Present</SensorState>
                    </Trackpoint>
                    <Trackpoint>
                        <Time>2025-10-19T00:58:53.000Z</Time>
                        <HeartRateBpm>
                            <Value>119</Value>
                        </HeartRateBpm>
                        <SensorState>Present</SensorState>
                    </Trackpoint>
                    <Trackpoint>
                        <Time>2025-10-19T00:58:54.000Z</Time>
                        <HeartRateBpm>
                            <Value>120</Value>
                        </HeartRateBpm>
                        <SensorState>Present</SensorState>
                    </Trackpoint>
                    <Trackpoint>
                        <Time>2025-10-19T00:58:55.000Z</Time>
                        <HeartRateBpm>
                            <Value>121</Value>
                        </HeartRateBpm>
                        <SensorState>Present</SensorState>
                    </Trackpoint>
                    <Trackpoint>
                        <Time>2025-10-19T00:58:56.000Z</Time>
                        <HeartRateBpm>
                            <Value>122</Value>
                        </HeartRateBpm>
                        <SensorState>Present</SensorState>
                    </Trackpoint>
                    <Trackpoint>
                        <Time>2025-10-19T00:58:57.000Z</Time>
                        <HeartRateBpm>
                            <Value>122</Value>
                        </HeartRateBpm>
                        <SensorState>Present</SensorState>
                    </Trackpoint>
                    <Trackpoint>
                        <Time>2025-10-19T00:58:58.000Z</Time>
                        <HeartRateBpm>
                            <Value>122</Value>
                        </HeartRateBpm>
                        <SensorState>Present</SensorState>
                    </Trackpoint>
                    <Trackpoint>
                        <Time>2025-10-19T00:58:59.000Z</Time>
                        <HeartRateBpm>
                            <Value>122</Value>
                        </HeartRateBpm>
                        <SensorState>Present</SensorState>
                    </Trackpoint>
                    <Trackpoint>
                        <Time>2025-10-19T00:59:00.000Z</Time>
                        <HeartRateBpm>
                            <Value>122</Value>
                        </HeartRateBpm>
                        <SensorState>Present</SensorState>
                    </Trackpoint>
                    <Trackpoint>
                        <Time>2025-10-19T00:59:01.000Z</Time>
                        <HeartRateBpm>
                            <Value>122</Value>
                        </HeartRateBpm>
                        <SensorState>Present</SensorState>
                    </Trackpoint>
                    <Trackpoint>
                        <Time>2025-10-19T00:59:02.000Z</Time>
                        <HeartRateBpm>
                            <Value>122</Value>
                        </HeartRateBpm>
                        <SensorState>Present</SensorState>
                    </Trackpoint>
                    <Trackpoint>
                        <Time>2025-10-19T00:59:03.000Z</Time>
                        <HeartRateBpm>
                            <Value>123</Value>
                        </HeartRateBpm>
                        <SensorState>Present</SensorState>
                    </Trackpoint>
                    <Trackpoint>
                        <Time>2025-10-19T00:59:04.000Z</Time>
                        <HeartRateBpm>
                            <Value>123</Value>
                        </HeartRateBpm>
                        <SensorState>Present</SensorState>
                    </Trackpoint>
                    <Trackpoint>
                        <Time>2025-10-19T00:59:05.000Z</Time>
                        <HeartRateBpm>
                            <Value>124</Value>
                        </HeartRateBpm>
                        <SensorState>Present</SensorState>
                    </Trackpoint>
                    <Trackpoint>
                        <Time>2025-10-19T00:59:06.000Z</Time>
                        <HeartRateBpm>
                            <Value>125</Value>
                        </HeartRateBpm>
                        <SensorState>Present</SensorState>
                    </Trackpoint>
                    <Trackpoint>
                        <Time>2025-10-19T00:59:07.000Z</Time>
                        <HeartRateBpm>
                            <Value>126</Value>
                        </HeartRateBpm>
                        <SensorState>Present</SensorState>
                    </Trackpoint>
                    <Trackpoint>
                        <Time>2025-10-19T00:59:08.000Z</Time>
                        <HeartRateBpm>
                            <Value>127</Value>
                        </HeartRateBpm>
                        <SensorState>Present</SensorState>
                    </Trackpoint>
                    <Trackpoint>
                        <Time>2025-10-19T00:59:09.000Z</Time>
                        <HeartRateBpm>
                            <Value>127</Value>
                        </HeartRateBpm>
                        <SensorState>Present</SensorState>
                    </Trackpoint>
                    <Trackpoint>
                        <Time>2025-10-19T00:59:10.000Z</Time>
                        <HeartRateBpm>
                            <Value>128</Value>
                        </HeartRateBpm>
                        <SensorState>Present</SensorState>
                    </Trackpoint>
                    <Trackpoint>
                        <Time>2025-10-19T00:59:11.000Z</Time>
                        <HeartRateBpm>
                            <Value>127</Value>
                        </HeartRateBpm>
                        <SensorState>Present</SensorState>
                    </Trackpoint>
                    <Trackpoint>
                        <Time>2025-10-19T00:59:12.000Z</Time>
                        <HeartRateBpm>
                            <Value>127</Value>
                        </HeartRateBpm>
                        <SensorState>Present</SensorState>
                    </Trackpoint>
                    <Trackpoint>
                        <Time>2025-10-19T00:59:13.000Z</Time>
                        <HeartRateBpm>
                            <Value>128</Value>
                        </HeartRateBpm>
                        <SensorState>Present</SensorState>
                    </Trackpoint>
                    <Trackpoint>
                        <Time>2025-10-19T00:59:14.000Z</Time>
                        <HeartRateBpm>
                            <Value>128</Value>
                        </HeartRateBpm>
                        <SensorState>Present</SensorState>
                    </Trackpoint>
                    <Trackpoint>
                        <Time>2025-10-19T00:59:15.000Z</Time>
                        <HeartRateBpm>
                            <Value>128</Value>
                        </HeartRateBpm>
                        <SensorState>Present</SensorState>
                    </Trackpoint>
                    <Trackpoint>
                        <Time>2025-10-19T00:59:16.000Z</Time>
                        <HeartRateBpm>
                            <Value>129</Value>
                        </HeartRateBpm>
                        <SensorState>Present</SensorState>
                    </Trackpoint>
                    <Trackpoint>
                        <Time>2025-10-19T00:59:17.000Z</Time>
                        <HeartRateBpm>
                            <Value>128</Value>
                        </HeartRateBpm>
                        <SensorState>Present</SensorState>
                    </Trackpoint>
                    <Trackpoint>
                        <Time>2025-10-19T00:59:18.000Z</Time>
                        <HeartRateBpm>
                            <Value>127</Value>
                        </HeartRateBpm>
                        <SensorState>Present</SensorState>
                    </Trackpoint>
                    <Trackpoint>
                        <Time>2025-10-19T00:59:19.000Z</Time>
                        <HeartRateBpm>
                            <Value>125</Value>
                        </HeartRateBpm>
                        <SensorState>Present</SensorState>
                    </Trackpoint>
                    <Trackpoint>
                        <Time>2025-10-19T00:59:20.000Z</Time>
                        <HeartRateBpm>
                            <Value>125</Value>
                        </HeartRateBpm>
                        <SensorState>Present</SensorState>
                    </Trackpoint>
                    <Trackpoint>
                        <Time>2025-10-19T00:59:21.000Z</Time>
                        <HeartRateBpm>
                            <Value>124</Value>
                        </HeartRateBpm>
                        <SensorState>Present</SensorState>
                    </Trackpoint>
                    <Trackpoint>
                        <Time>2025-10-19T00:59:22.000Z</Time>
                        <HeartRateBpm>
                            <Value>124</Value>
                        </HeartRateBpm>
                        <SensorState>Present</SensorState>
                    </Trackpoint>
                    <Trackpoint>
                        <Time>2025-10-19T00:59:23.000Z</Time>
                        <HeartRateBpm>
                            <Value>123</Value>
                        </HeartRateBpm>
                        <SensorState>Present</SensorState>
                    </Trackpoint>
                    <Trackpoint>
                        <Time>2025-10-19T00:59:24.000Z</Time>
                        <HeartRateBpm>
                            <Value>123</Value>
                        </HeartRateBpm>
                        <SensorState>Present</SensorState>
                    </Trackpoint>
                    <Trackpoint>
                        <Time>2025-10-19T00:59:25.000Z</Time>
                        <HeartRateBpm>
                            <Value>122</Value>
                        </HeartRateBpm>
                        <SensorState>Present</SensorState>
                    </Trackpoint>
                    <Trackpoint>
                        <Time>2025-10-19T00:59:26.000Z</Time>
                        <HeartRateBpm>
                            <Value>123</Value>
                        </HeartRateBpm>
                        <SensorState>Present</SensorState>
                    </Trackpoint>
                    <Trackpoint>
                        <Time>2025-10-19T00:59:27.000Z</Time>
                        <HeartRateBpm>
                            <Value>123</Value>
                        </HeartRateBpm>
                        <SensorState>Present</SensorState>
                    </Trackpoint>
                    <Trackpoint>
                        <Time>2025-10-19T00:59:28.000Z</Time>
                        <HeartRateBpm>
                            <Value>123</Value>
                        </HeartRateBpm>
                        <SensorState>Present</SensorState>
                    </Trackpoint>
                    <Trackpoint>
                        <Time>2025-10-19T00:59:29.000Z</Time>
                        <HeartRateBpm>
                            <Value>123</Value>
                        </HeartRateBpm>
                        <SensorState>Present</SensorState>
                    </Trackpoint>
                    <Trackpoint>
                        <Time>2025-10-19T00:59:30.000Z</Time>
                        <HeartRateBpm>
                            <Value>122</Value>
                        </HeartRateBpm>
                        <SensorState>Present</SensorState>
                    </Trackpoint>
                    <Trackpoint>
                        <Time>2025-10-19T00:59:31.000Z</Time>
                        <HeartRateBpm>
                            <Value>123</Value>
                        </HeartRateBpm>
                        <SensorState>Present</SensorState>
                    </Trackpoint>
                    <Trackpoint>
                        <Time>2025-10-19T00:59:32.000Z</Time>
                        <HeartRateBpm>
                            <Value>122</Value>
                        </HeartRateBpm>
                        <SensorState>Present</SensorState>
                    </Trackpoint>
                    <Trackpoint>
                        <Time>2025-10-19T00:59:33.000Z</Time>
                        <HeartRateBpm>
                            <Value>122</Value>
                        </HeartRateBpm>
                        <SensorState>Present</SensorState>
                    </Trackpoint>
                    <Trackpoint>
                        <Time>2025-10-19T00:59:34.000Z</Time>
                        <HeartRateBpm>
                            <Value>121</Value>
                        </HeartRateBpm>
                        <SensorState>Present</SensorState>
                    </Trackpoint>
                    <Trackpoint>
                        <Time>2025-10-19T00:59:35.000Z</Time>
                        <HeartRateBpm>
                            <Value>119</Value>
                        </HeartRateBpm>
                        <SensorState>Present</SensorState>
                    </Trackpoint>
                    <Trackpoint>
                        <Time>2025-10-19T00:59:36.000Z</Time>
                        <HeartRateBpm>
                            <Value>117</Value>
                        </HeartRateBpm>
                        <SensorState>Present</SensorState>
                    </Trackpoint>
                    <Trackpoint>
                        <Time>2025-10-19T00:59:37.000Z</Time>
                        <HeartRateBpm>
                            <Value>117</Value>
                        </HeartRateBpm>
                        <SensorState>Present</SensorState>
                    </Trackpoint>
                    <Trackpoint>
                        <Time>2025-10-19T00:59:38.000Z</Time>
                        <HeartRateBpm>
                            <Value>118</Value>
                        </HeartRateBpm>
                        <SensorState>Present</SensorState>
                    </Trackpoint>
                    <Trackpoint>
                        <Time>2025-10-19T00:59:39.000Z</Time>
                        <HeartRateBpm>
                            <Value>119</Value>
                        </HeartRateBpm>
                        <SensorState>Present</SensorState>
                    </Trackpoint>
                    <Trackpoint>
                        <Time>2025-10-19T00:59:40.000Z</Time>
                        <HeartRateBpm>
                            <Value>120</Value>
                        </HeartRateBpm>
                        <SensorState>Present</SensorState>
                    </Trackpoint>
                    <Trackpoint>
                        <Time>2025-10-19T00:59:41.000Z</Time>
                        <HeartRateBpm>
                            <Value>121</Value>
                        </HeartRateBpm>
                        <SensorState>Present</SensorState>
                    </Trackpoint>
                    <Trackpoint>
                        <Time>2025-10-19T00:59:42.000Z</Time>
                        <HeartRateBpm>
                            <Value>120</Value>
                        </HeartRateBpm>
                        <SensorState>Present</SensorState>
                    </Trackpoint>
                    <Trackpoint>
                        <Time>2025-10-19T00:59:43.000Z</Time>
                        <HeartRateBpm>
                            <Value>120</Value>
                        </HeartRateBpm>
                        <SensorState>Present</SensorState>
                    </Trackpoint>
                    <Trackpoint>
                        <Time>2025-10-19T00:59:44.000Z</Time>
                        <HeartRateBpm>
                            <Value>119</Value>
                        </HeartRateBpm>
                        <SensorState>Present</SensorState>
                    </Trackpoint>
                    <Trackpoint>
                        <Time>2025-10-19T00:59:45.000Z</Time>
                        <HeartRateBpm>
                            <Value>118</Value>
                        </HeartRateBpm>
                        <SensorState>Present</SensorState>
                    </Trackpoint>
                    <Trackpoint>
                        <Time>2025-10-19T00:59:46.000Z</Time>
                        <HeartRateBpm>
                            <Value>117</Value>
                        </HeartRateBpm>
                        <SensorState>Present</SensorState>
                    </Trackpoint>
                    <Trackpoint>
                        <Time>2025-10-19T00:59:47.000Z</Time>
                        <HeartRateBpm>
                            <Value>115</Value>
                        </HeartRateBpm>
                        <SensorState>Present</SensorState>
                    </Trackpoint>
                    <Trackpoint>
                        <Time>2025-10-19T00:59:48.000Z</Time>
                        <HeartRateBpm>
                            <Value>115</Value>
                        </HeartRateBpm>
                        <SensorState>Present</SensorState>
                    </Trackpoint>
                    <Trackpoint>
                        <Time>2025-10-19T00:59:49.000Z</Time>
                        <HeartRateBpm>
                            <Value>116</Value>
                        </HeartRateBpm>
                        <SensorState>Present</SensorState>
                    </Trackpoint>
                    <Trackpoint>
                        <Time>2025-10-19T00:59:50.000Z</Time>
                        <HeartRateBpm>
                            <Value>116</Value>
                        </HeartRateBpm>
                        <SensorState>Present</SensorState>
                    </Trackpoint>
                    <Trackpoint>
                        <Time>2025-10-19T00:59:51.000Z</Time>
                        <HeartRateBpm>
                            <Value>116</Value>
                        </HeartRateBpm>
                        <SensorState>Present</SensorState>
                    </Trackpoint>
                    <Trackpoint>
                        <Time>2025-10-19T00:59:52.000Z</Time>
                        <HeartRateBpm>
                            <Value>116</Value>
                        </HeartRateBpm>
                        <SensorState>Present</SensorState>
                    </Trackpoint>
                    <Trackpoint>
                        <Time>2025-10-19T00:59:53.000Z</Time>
                        <HeartRateBpm>
                            <Value>116</Value>
                        </HeartRateBpm>
                        <SensorState>Present</SensorState>
                    </Trackpoint>
                    <Trackpoint>
                        <Time>2025-10-19T00:59:54.000Z</Time>
                        <HeartRateBpm>
                            <Value>115</Value>
                        </HeartRateBpm>
                        <SensorState>Present</SensorState>
                    </Trackpoint>
                    <Trackpoint>
                        <Time>2025-10-19T00:59:55.000Z</Time>
                        <HeartRateBpm>
                            <Value>115</Value>
                        </HeartRateBpm>
                        <SensorState>Present</SensorState>
                    </Trackpoint>
                    <Trackpoint>
                        <Time>2025-10-19T00:59:56.000Z</Time>
                        <HeartRateBpm>
                            <Value>115</Value>
                        </HeartRateBpm>
                        <SensorState>Present</SensorState>
                    </Trackpoint>
                    <Trackpoint>
                        <Time>2025-10-19T00:59:57.000Z</Time>
                        <HeartRateBpm>
                            <Value>115</Value>
                        </HeartRateBpm>
                        <SensorState>Present</SensorState>
                    </Trackpoint>
                    <Trackpoint>
                        <Time>2025-10-19T00:59:58.000Z</Time>
                        <HeartRateBpm>
                            <Value>115</Value>
                        </HeartRateBpm>
                        <SensorState>Present</SensorState>
                    </Trackpoint>
                    <Trackpoint>
                        <Time>2025-10-19T00:59:59.000Z</Time>
                        <HeartRateBpm>
                            <Value>115</Value>
                        </HeartRateBpm>
                        <SensorState>Present</SensorState>
                    </Trackpoint>
                    <Trackpoint>
                        <Time>2025-10-19T01:00:00.000Z</Time>
                        <HeartRateBpm>
                            <Value>115</Value>
                        </HeartRateBpm>
                        <SensorState>Present</SensorState>
                    </Trackpoint>
                    <Trackpoint>
                        <Time>2025-10-19T01:00:01.000Z</Time>
                        <HeartRateBpm>
                            <Value>115</Value>
                        </HeartRateBpm>
                        <SensorState>Present</SensorState>
                    </Trackpoint>
                    <Trackpoint>
                        <Time>2025-10-19T01:00:02.000Z</Time>
                        <HeartRateBpm>
                            <Value>116</Value>
                        </HeartRateBpm>
                        <SensorState>Present</SensorState>
                    </Trackpoint>
                    <Trackpoint>
                        <Time>2025-10-19T01:00:03.000Z</Time>
                        <HeartRateBpm>
                            <Value>116</Value>
                        </HeartRateBpm>
                        <SensorState>Present</SensorState>
                    </Trackpoint>
                    <Trackpoint>
                        <Time>2025-10-19T01:00:04.000Z</Time>
                        <HeartRateBpm>
                            <Value>116</Value>
                        </HeartRateBpm>
                        <SensorState>Present</SensorState>
                    </Trackpoint>
                    <Trackpoint>
                        <Time>2025-10-19T01:00:05.000Z</Time>
                        <HeartRateBpm>
                            <Value>116</Value>
                        </HeartRateBpm>
                        <SensorState>Present</SensorState>
                    </Trackpoint>
                    <Trackpoint>
                        <Time>2025-10-19T01:00:06.000Z</Time>
                        <HeartRateBpm>
                            <Value>116</Value>
                        </HeartRateBpm>
                        <SensorState>Present</SensorState>
                    </Trackpoint>
                    <Trackpoint>
                        <Time>2025-10-19T01:00:07.000Z</Time>
                        <HeartRateBpm>
                            <Value>115</Value>
                        </HeartRateBpm>
                        <SensorState>Present</SensorState>
                    </Trackpoint>
                    <Trackpoint>
                        <Time>2025-10-19T01:00:08.000Z</Time>
                        <HeartRateBpm>
                            <Value>115</Value>
                        </HeartRateBpm>
                        <SensorState>Present</SensorState>
                    </Trackpoint>
                    <Trackpoint>
                        <Time>2025-10-19T01:00:09.000Z</Time>
                        <HeartRateBpm>
                            <Value>115</Value>
                        </HeartRateBpm>
                        <SensorState>Present</SensorState>
                    </Trackpoint>
                    <Trackpoint>
                        <Time>2025-10-19T01:00:10.000Z</Time>
                        <HeartRateBpm>
                            <Value>114</Value>
                        </HeartRateBpm>
                        <SensorState>Present</SensorState>
                    </Trackpoint>
                    <Trackpoint>
                        <Time>2025-10-19T01:00:11.000Z</Time>
                        <HeartRateBpm>
                            <Value>113</Value>
                        </HeartRateBpm>
                        <SensorState>Present</SensorState>
                    </Trackpoint>
                    <Trackpoint>
                        <Time>2025-10-19T01:00:12.000Z</Time>
                        <HeartRateBpm>
                            <Value>113</Value>
                        </HeartRateBpm>
                        <SensorState>Present</SensorState>
                    </Trackpoint>
                    <Trackpoint>
                        <Time>2025-10-19T01:00:13.000Z</Time>
                        <HeartRateBpm>
                            <Value>112</Value>
                        </HeartRateBpm>
                        <SensorState>Present</SensorState>
                    </Trackpoint>
                    <Trackpoint>
                        <Time>2025-10-19T01:00:14.000Z</Time>
                        <HeartRateBpm>
                            <Value>112</Value>
                        </HeartRateBpm>
                        <SensorState>Present</SensorState>
                    </Trackpoint>
                    <Trackpoint>
                        <Time>2025-10-19T01:00:15.000Z</Time>
                        <HeartRateBpm>
                            <Value>112</Value>
                        </HeartRateBpm>
                        <SensorState>Present</SensorState>
                    </Trackpoint>
                    <Trackpoint>
                        <Time>2025-10-19T01:00:16.000Z</Time>
                        <HeartRateBpm>
                            <Value>112</Value>
                        </HeartRateBpm>
                        <SensorState>Present</SensorState>
                    </Trackpoint>
                    <Trackpoint>
                        <Time>2025-10-19T01:00:17.000Z</Time>
                        <HeartRateBpm>
                            <Value>110</Value>
                        </HeartRateBpm>
                        <SensorState>Present</SensorState>
                    </Trackpoint>
                    <Trackpoint>
                        <Time>2025-10-19T01:00:18.000Z</Time>
                        <HeartRateBpm>
                            <Value>108</Value>
                        </HeartRateBpm>
                        <SensorState>Present</SensorState>
                    </Trackpoint>
                    <Trackpoint>
                        <Time>2025-10-19T01:00:19.000Z</Time>
                        <HeartRateBpm>
                            <Value>108</Value>
                        </HeartRateBpm>
                        <SensorState>Present</SensorState>
                    </Trackpoint>
                    <Trackpoint>
                        <Time>2025-10-19T01:00:20.000Z</Time>
                        <HeartRateBpm>
                            <Value>109</Value>
                        </HeartRateBpm>
                        <SensorState>Present</SensorState>
                    </Trackpoint>
                    <Trackpoint>
                        <Time>2025-10-19T01:00:21.000Z</Time>
                        <HeartRateBpm>
                            <Value>110</Value>
                        </HeartRateBpm>
                        <SensorState>Present</SensorState>
                    </Trackpoint>
                    <Trackpoint>
                        <Time>2025-10-19T01:00:22.000Z</Time>
                        <HeartRateBpm>
                            <Value>111</Value>
                        </HeartRateBpm>
                        <SensorState>Present</SensorState>
                    </Trackpoint>
                    <Trackpoint>
                        <Time>2025-10-19T01:00:23.000Z</Time>
                        <HeartRateBpm>
                            <Value>112</Value>
                        </HeartRateBpm>
                        <SensorState>Present</SensorState>
                    </Trackpoint>
                    <Trackpoint>
                        <Time>2025-10-19T01:00:24.000Z</Time>
                        <HeartRateBpm>
                            <Value>112</Value>
                        </HeartRateBpm>
                        <SensorState>Present</SensorState>
                    </Trackpoint>
                    <Trackpoint>
                        <Time>2025-10-19T01:00:25.000Z</Time>
                        <HeartRateBpm>
                            <Value>111</Value>
                        </HeartRateBpm>
                        <SensorState>Present</SensorState>
                    </Trackpoint>
                    <Trackpoint>
                        <Time>2025-10-19T01:00:26.000Z</Time>
                        <HeartRateBpm>
                            <Value>110</Value>
                        </HeartRateBpm>
                        <SensorState>Present</SensorState>
                    </Trackpoint>
                    <Trackpoint>
                        <Time>2025-10-19T01:00:27.000Z</Time>
                        <HeartRateBpm>
                            <Value>110</Value>
                        </HeartRateBpm>
                        <SensorState>Present</SensorState>
                    </Trackpoint>
                    <Trackpoint>
                        <Time>2025-10-19T01:00:28.000Z</Time>
                        <HeartRateBpm>
                            <Value>110</Value>
                        </HeartRateBpm>
                        <SensorState>Present</SensorState>
                    </Trackpoint>
                    <Trackpoint>
                        <Time>2025-10-19T01:00:29.000Z</Time>
                        <HeartRateBpm>
                            <Value>110</Value>
                        </HeartRateBpm>
                        <SensorState>Present</SensorState>
                    </Trackpoint>
                    <Trackpoint>
                        <Time>2025-10-19T01:00:30.000Z</Time>
                        <HeartRateBpm>
                            <Value>111</Value>
                        </HeartRateBpm>
                        <SensorState>Present</SensorState>
                    </Trackpoint>
                    <Trackpoint>
                        <Time>2025-10-19T01:00:31.000Z</Time>
                        <HeartRateBpm>
                            <Value>112</Value>
                        </HeartRateBpm>
                        <SensorState>Present</SensorState>
                    </Trackpoint>
                    <Trackpoint>
                        <Time>2025-10-19T01:00:32.000Z</Time>
                        <HeartRateBpm>
                            <Value>113</Value>
                        </HeartRateBpm>
                        <SensorState>Present</SensorState>
                    </Trackpoint>
                    <Trackpoint>
                        <Time>2025-10-19T01:00:33.000Z</Time>
                        <HeartRateBpm>
                            <Value>114</Value>
                        </HeartRateBpm>
                        <SensorState>Present</SensorState>
                    </Trackpoint>
                    <Trackpoint>
                        <Time>2025-10-19T01:00:34.000Z</Time>
                        <HeartRateBpm>
                            <Value>116</Value>
                        </HeartRateBpm>
                        <SensorState>Present</SensorState>
                    </Trackpoint>
                    <Trackpoint>
                        <Time>2025-10-19T01:00:35.000Z</Time>
                        <HeartRateBpm>
                            <Value>118</Value>
                        </HeartRateBpm>
                        <SensorState>Present</SensorState>
                    </Trackpoint>
                    <Trackpoint>
                        <Time>2025-10-19T01:00:36.000Z</Time>
                        <HeartRateBpm>
                            <Value>119</Value>
                        </HeartRateBpm>
                        <SensorState>Present</SensorState>
                    </Trackpoint>
                    <Trackpoint>
                        <Time>2025-10-19T01:00:37.000Z</Time>
                        <HeartRateBpm>
                            <Value>120</Value>
                        </HeartRateBpm>
                        <SensorState>Present</SensorState>
                    </Trackpoint>
                    <Trackpoint>
                        <Time>2025-10-19T01:00:38.000Z</Time>
                        <HeartRateBpm>
                            <Value>121</Value>
                        </HeartRateBpm>
                        <SensorState>Present</SensorState>
                    </Trackpoint>
                    <Trackpoint>
                        <Time>2025-10-19T01:00:39.000Z</Time>
                        <HeartRateBpm>
                            <Value>122</Value>
                        </HeartRateBpm>
                        <SensorState>Present</SensorState>
                    </Trackpoint>
                    <Trackpoint>
                        <Time>2025-10-19T01:00:40.000Z</Time>
                        <HeartRateBpm>
                            <Value>123</Value>
                        </HeartRateBpm>
                        <SensorState>Present</SensorState>
                    </Trackpoint>
                    <Trackpoint>
                        <Time>2025-10-19T01:00:41.000Z</Time>
                        <HeartRateBpm>
                            <Value>123</Value>
                        </HeartRateBpm>
                        <SensorState>Present</SensorState>
                    </Trackpoint>
                    <Trackpoint>
                        <Time>2025-10-19T01:00:42.000Z</Time>
                        <HeartRateBpm>
                            <Value>123</Value>
                        </HeartRateBpm>
                        <SensorState>Present</SensorState>
                    </Trackpoint>
                    <Trackpoint>
                        <Time>2025-10-19T01:00:43.000Z</Time>
                        <HeartRateBpm>
                            <Value>122</Value>
                        </HeartRateBpm>
                        <SensorState>Present</SensorState>
                    </Trackpoint>
                    <Trackpoint>
                        <Time>2025-10-19T01:00:44.000Z</Time>
                        <HeartRateBpm>
                            <Value>122</Value>
                        </HeartRateBpm>
                        <SensorState>Present</SensorState>
                    </Trackpoint>
                    <Trackpoint>
                        <Time>2025-10-19T01:00:45.000Z</Time>
                        <HeartRateBpm>
                            <Value>122</Value>
                        </HeartRateBpm>
                        <SensorState>Present</SensorState>
                    </Trackpoint>
                    <Trackpoint>
                        <Time>2025-10-19T01:00:46.000Z</Time>
                        <HeartRateBpm>
                            <Value>123</Value>
                        </HeartRateBpm>
                        <SensorState>Present</SensorState>
                    </Trackpoint>
                    <Trackpoint>
                        <Time>2025-10-19T01:00:47.000Z</Time>
                        <HeartRateBpm>
                            <Value>123</Value>
                        </HeartRateBpm>
                        <SensorState>Present</SensorState>
                    </Trackpoint>
                    <Trackpoint>
                        <Time>2025-10-19T01:00:48.000Z</Time>
                        <HeartRateBpm>
                            <Value>124</Value>
                        </HeartRateBpm>
                        <SensorState>Present</SensorState>
                    </Trackpoint>
                    <Trackpoint>
                        <Time>2025-10-19T01:00:49.000Z</Time>
                        <HeartRateBpm>
                            <Value>124</Value>
                        </HeartRateBpm>
                        <SensorState>Present</SensorState>
                    </Trackpoint>
                    <Trackpoint>
                        <Time>2025-10-19T01:00:50.000Z</Time>
                        <HeartRateBpm>
                            <Value>125</Value>
                        </HeartRateBpm>
                        <SensorState>Present</SensorState>
                    </Trackpoint>
                    <Trackpoint>
                        <Time>2025-10-19T01:00:51.000Z</Time>
                        <HeartRateBpm>
                            <Value>126</Value>
                        </HeartRateBpm>
                        <SensorState>Present</SensorState>
                    </Trackpoint>
                    <Trackpoint>
                        <Time>2025-10-19T01:00:52.000Z</Time>
                        <HeartRateBpm>
                            <Value>127</Value>
                        </HeartRateBpm>
                        <SensorState>Present</SensorState>
                    </Trackpoint>
                    <Trackpoint>
                        <Time>2025-10-19T01:00:53.000Z</Time>
                        <HeartRateBpm>
                            <Value>128</Value>
                        </HeartRateBpm>
                        <SensorState>Present</SensorState>
                    </Trackpoint>
                    <Trackpoint>
                        <Time>2025-10-19T01:00:54.000Z</Time>
                        <HeartRateBpm>
                            <Value>128</Value>
                        </HeartRateBpm>
                        <SensorState>Present</SensorState>
                    </Trackpoint>
                    <Trackpoint>
                        <Time>2025-10-19T01:00:55.000Z</Time>
                        <HeartRateBpm>
                            <Value>128</Value>
                        </HeartRateBpm>
                        <SensorState>Present</SensorState>
                    </Trackpoint>
                    <Trackpoint>
                        <Time>2025-10-19T01:00:56.000Z</Time>
                        <HeartRateBpm>
                            <Value>128</Value>
                        </HeartRateBpm>
                        <SensorState>Present</SensorState>
                    </Trackpoint>
                    <Trackpoint>
                        <Time>2025-10-19T01:00:57.000Z</Time>
                        <HeartRateBpm>
                            <Value>127</Value>
                        </HeartRateBpm>
                        <SensorState>Present</SensorState>
                    </Trackpoint>
                    <Trackpoint>
                        <Time>2025-10-19T01:00:58.000Z</Time>
                        <HeartRateBpm>
                            <Value>126</Value>
                        </HeartRateBpm>
                        <SensorState>Present</SensorState>
                    </Trackpoint>
                    <Trackpoint>
                        <Time>2025-10-19T01:00:59.000Z</Time>
                        <HeartRateBpm>
                            <Value>125</Value>
                        </HeartRateBpm>
                        <SensorState>Present</SensorState>
                    </Trackpoint>
                    <Trackpoint>
                        <Time>2025-10-19T01:01:00.000Z</Time>
                        <HeartRateBpm>
                            <Value>124</Value>
                        </HeartRateBpm>
                        <SensorState>Present</SensorState>
                    </Trackpoint>
                    <Trackpoint>
                        <Time>2025-10-19T01:01:01.000Z</Time>
                        <HeartRateBpm>
                            <Value>123</Value>
                        </HeartRateBpm>
                        <SensorState>Present</SensorState>
                    </Trackpoint>
                    <Trackpoint>
                        <Time>2025-10-19T01:01:02.000Z</Time>
                        <HeartRateBpm>
                            <Value>122</Value>
                        </HeartRateBpm>
                        <SensorState>Present</SensorState>
                    </Trackpoint>
                    <Trackpoint>
                        <Time>2025-10-19T01:01:03.000Z</Time>
                        <HeartRateBpm>
                            <Value>121</Value>
                        </HeartRateBpm>
                        <SensorState>Present</SensorState>
                    </Trackpoint>
                    <Trackpoint>
                        <Time>2025-10-19T01:01:04.000Z</Time>
                        <HeartRateBpm>
                            <Value>121</Value>
                        </HeartRateBpm>
                        <SensorState>Present</SensorState>
                    </Trackpoint>
                    <Trackpoint>
                        <Time>2025-10-19T01:01:05.000Z</Time>
                        <HeartRateBpm>
                            <Value>122</Value>
                        </HeartRateBpm>
                        <SensorState>Present</SensorState>
                    </Trackpoint>
                    <Trackpoint>
                        <Time>2025-10-19T01:01:06.000Z</Time>
                        <HeartRateBpm>
                            <Value>122</Value>
                        </HeartRateBpm>
                        <SensorState>Present</SensorState>
                    </Trackpoint>
                    <Trackpoint>
                        <Time>2025-10-19T01:01:07.000Z</Time>
                        <HeartRateBpm>
                            <Value>123</Value>
                        </HeartRateBpm>
                        <SensorState>Present</SensorState>
                    </Trackpoint>
                    <Trackpoint>
                        <Time>2025-10-19T01:01:08.000Z</Time>
                        <HeartRateBpm>
                            <Value>123</Value>
                        </HeartRateBpm>
                        <SensorState>Present</SensorState>
                    </Trackpoint>
                    <Trackpoint>
                        <Time>2025-10-19T01:01:09.000Z</Time>
                        <HeartRateBpm>
                            <Value>123</Value>
                        </HeartRateBpm>
                        <SensorState>Present</SensorState>
                    </Trackpoint>
                    <Trackpoint>
                        <Time>2025-10-19T01:01:10.000Z</Time>
                        <HeartRateBpm>
                            <Value>122</Value>
                        </HeartRateBpm>
                        <SensorState>Present</SensorState>
                    </Trackpoint>
                    <Trackpoint>
                        <Time>2025-10-19T01:01:11.000Z</Time>
                        <HeartRateBpm>
                            <Value>122</Value>
                        </HeartRateBpm>
                        <SensorState>Present</SensorState>
                    </Trackpoint>
                    <Trackpoint>
                        <Time>2025-10-19T01:01:12.000Z</Time>
                        <HeartRateBpm>
                            <Value>121</Value>
                        </HeartRateBpm>
                        <SensorState>Present</SensorState>
                    </Trackpoint>
                    <Trackpoint>
                        <Time>2025-10-19T01:01:13.000Z</Time>
                        <HeartRateBpm>
                            <Value>119</Value>
                        </HeartRateBpm>
                        <SensorState>Present</SensorState>
                    </Trackpoint>
                    <Trackpoint>
                        <Time>2025-10-19T01:01:14.000Z</Time>
                        <HeartRateBpm>
                            <Value>118</Value>
                        </HeartRateBpm>
                        <SensorState>Present</SensorState>
                    </Trackpoint>
                    <Trackpoint>
                        <Time>2025-10-19T01:01:15.000Z</Time>
                        <HeartRateBpm>
                            <Value>118</Value>
                        </HeartRateBpm>
                        <SensorState>Present</SensorState>
                    </Trackpoint>
                    <Trackpoint>
                        <Time>2025-10-19T01:01:16.000Z</Time>
                        <HeartRateBpm>
                            <Value>117</Value>
                        </HeartRateBpm>
                        <SensorState>Present</SensorState>
                    </Trackpoint>
                    <Trackpoint>
                        <Time>2025-10-19T01:01:17.000Z</Time>
                        <HeartRateBpm>
                            <Value>117</Value>
                        </HeartRateBpm>
                        <SensorState>Present</SensorState>
                    </Trackpoint>
                    <Trackpoint>
                        <Time>2025-10-19T01:01:18.000Z</Time>
                        <HeartRateBpm>
                            <Value>119</Value>
                        </HeartRateBpm>
                        <SensorState>Present</SensorState>
                    </Trackpoint>
                    <Trackpoint>
                        <Time>2025-10-19T01:01:19.000Z</Time>
                        <HeartRateBpm>
                            <Value>119</Value>
                        </HeartRateBpm>
                        <SensorState>Present</SensorState>
                    </Trackpoint>
                    <Trackpoint>
                        <Time>2025-10-19T01:01:20.000Z</Time>
                        <HeartRateBpm>
                            <Value>119</Value>
                        </HeartRateBpm>
                        <SensorState>Present</SensorState>
                    </Trackpoint>
                    <Trackpoint>
                        <Time>2025-10-19T01:01:21.000Z</Time>
                        <HeartRateBpm>
                            <Value>119</Value>
                        </HeartRateBpm>
                        <SensorState>Present</SensorState>
                    </Trackpoint>
                    <Trackpoint>
                        <Time>2025-10-19T01:01:22.000Z</Time>
                        <HeartRateBpm>
                            <Value>118</Value>
                        </HeartRateBpm>
                        <SensorState>Present</SensorState>
                    </Trackpoint>
                    <Trackpoint>
                        <Time>2025-10-19T01:01:23.000Z</Time>
                        <HeartRateBpm>
                            <Value>117</Value>
                        </HeartRateBpm>
                        <SensorState>Present</SensorState>
                    </Trackpoint>
                    <Trackpoint>
                        <Time>2025-10-19T01:01:24.000Z</Time>
                        <HeartRateBpm>
                            <Value>116</Value>
                        </HeartRateBpm>
                        <SensorState>Present</SensorState>
                    </Trackpoint>
                    <Trackpoint>
                        <Time>2025-10-19T01:01:25.000Z</Time>
                        <HeartRateBpm>
                            <Value>116</Value>
                        </HeartRateBpm>
                        <SensorState>Present</SensorState>
                    </Trackpoint>
                    <Trackpoint>
                        <Time>2025-10-19T01:01:26.000Z</Time>
                        <HeartRateBpm>
                            <Value>116</Value>
                        </HeartRateBpm>
                        <SensorState>Present</SensorState>
                    </Trackpoint>
                    <Trackpoint>
                        <Time>2025-10-19T01:01:27.000Z</Time>
                        <HeartRateBpm>
                            <Value>117</Value>
                        </HeartRateBpm>
                        <SensorState>Present</SensorState>
                    </Trackpoint>
                    <Trackpoint>
                        <Time>2025-10-19T01:01:28.000Z</Time>
                        <HeartRateBpm>
                            <Value>117</Value>
                        </HeartRateBpm>
                        <SensorState>Present</SensorState>
                    </Trackpoint>
                    <Trackpoint>
                        <Time>2025-10-19T01:01:29.000Z</Time>
                        <HeartRateBpm>
                            <Value>117</Value>
                        </HeartRateBpm>
                        <SensorState>Present</SensorState>
                    </Trackpoint>
                    <Trackpoint>
                        <Time>2025-10-19T01:01:30.000Z</Time>
                        <HeartRateBpm>
                            <Value>116</Value>
                        </HeartRateBpm>
                        <SensorState>Present</SensorState>
                    </Trackpoint>
                    <Trackpoint>
                        <Time>2025-10-19T01:01:31.000Z</Time>
                        <HeartRateBpm>
                            <Value>115</Value>
                        </HeartRateBpm>
                        <SensorState>Present</SensorState>
                    </Trackpoint>
                    <Trackpoint>
                        <Time>2025-10-19T01:01:32.000Z</Time>
                        <HeartRateBpm>
                            <Value>115</Value>
                        </HeartRateBpm>
                        <SensorState>Present</SensorState>
                    </Trackpoint>
                    <Trackpoint>
                        <Time>2025-10-19T01:01:33.000Z</Time>
                        <HeartRateBpm>
                            <Value>114</Value>
                        </HeartRateBpm>
                        <SensorState>Present</SensorState>
                    </Trackpoint>
                    <Trackpoint>
                        <Time>2025-10-19T01:01:34.000Z</Time>
                        <HeartRateBpm>
                            <Value>113</Value>
                        </HeartRateBpm>
                        <SensorState>Present</SensorState>
                    </Trackpoint>
                    <Trackpoint>
                        <Time>2025-10-19T01:01:35.000Z</Time>
                        <HeartRateBpm>
                            <Value>113</Value>
                        </HeartRateBpm>
                        <SensorState>Present</SensorState>
                    </Trackpoint>
                    <Trackpoint>
                        <Time>2025-10-19T01:01:36.000Z</Time>
                        <HeartRateBpm>
                            <Value>112</Value>
                        </HeartRateBpm>
                        <SensorState>Present</SensorState>
                    </Trackpoint>
                    <Trackpoint>
                        <Time>2025-10-19T01:01:37.000Z</Time>
                        <HeartRateBpm>
                            <Value>112</Value>
                        </HeartRateBpm>
                        <SensorState>Present</SensorState>
                    </Trackpoint>
                    <Trackpoint>
                        <Time>2025-10-19T01:01:38.000Z</Time>
                        <HeartRateBpm>
                            <Value>112</Value>
                        </HeartRateBpm>
                        <SensorState>Present</SensorState>
                    </Trackpoint>
                    <Trackpoint>
                        <Time>2025-10-19T01:01:39.000Z</Time>
                        <HeartRateBpm>
                            <Value>112</Value>
                        </HeartRateBpm>
                        <SensorState>Present</SensorState>
                    </Trackpoint>
                    <Trackpoint>
                        <Time>2025-10-19T01:01:40.000Z</Time>
                        <HeartRateBpm>
                            <Value>113</Value>
                        </HeartRateBpm>
                        <SensorState>Present</SensorState>
                    </Trackpoint>
                    <Trackpoint>
                        <Time>2025-10-19T01:01:41.000Z</Time>
                        <HeartRateBpm>
                            <Value>112</Value>
                        </HeartRateBpm>
                        <SensorState>Present</SensorState>
                    </Trackpoint>
                    <Trackpoint>
                        <Time>2025-10-19T01:01:42.000Z</Time>
                        <HeartRateBpm>
                            <Value>111</Value>
                        </HeartRateBpm>
                        <SensorState>Present</SensorState>
                    </Trackpoint>
                    <Trackpoint>
                        <Time>2025-10-19T01:01:43.000Z</Time>
                        <HeartRateBpm>
                            <Value>111</Value>
                        </HeartRateBpm>
                        <SensorState>Present</SensorState>
                    </Trackpoint>
                    <Trackpoint>
                        <Time>2025-10-19T01:01:44.000Z</Time>
                        <HeartRateBpm>
                            <Value>112</Value>
                        </HeartRateBpm>
                        <SensorState>Present</SensorState>
                    </Trackpoint>
                    <Trackpoint>
                        <Time>2025-10-19T01:01:45.000Z</Time>
                        <HeartRateBpm>
                            <Value>113</Value>
                        </HeartRateBpm>
                        <SensorState>Present</SensorState>
                    </Trackpoint>
                    <Trackpoint>
                        <Time>2025-10-19T01:01:46.000Z</Time>
                        <HeartRateBpm>
                            <Value>113</Value>
                        </HeartRateBpm>
                        <SensorState>Present</SensorState>
                    </Trackpoint>
                    <Trackpoint>
                        <Time>2025-10-19T01:01:47.000Z</Time>
                        <HeartRateBpm>
                            <Value>113</Value>
                        </HeartRateBpm>
                        <SensorState>Present</SensorState>
                    </Trackpoint>
                    <Trackpoint>
                        <Time>2025-10-19T01:01:48.000Z</Time>
                        <HeartRateBpm>
                            <Value>112</Value>
                        </HeartRateBpm>
                        <SensorState>Present</SensorState>
                    </Trackpoint>
                    <Trackpoint>
                        <Time>2025-10-19T01:01:49.000Z</Time>
                        <HeartRateBpm>
                            <Value>111</Value>
                        </HeartRateBpm>
                        <SensorState>Present</SensorState>
                    </Trackpoint>
                    <Trackpoint>
                        <Time>2025-10-19T01:01:50.000Z</Time>
                        <HeartRateBpm>
                            <Value>112</Value>
                        </HeartRateBpm>
                        <SensorState>Present</SensorState>
                    </Trackpoint>
                    <Trackpoint>
                        <Time>2025-10-19T01:01:51.000Z</Time>
                        <HeartRateBpm>
                            <Value>112</Value>
                        </HeartRateBpm>
                        <SensorState>Present</SensorState>
                    </Trackpoint>
                    <Trackpoint>
                        <Time>2025-10-19T01:01:52.000Z</Time>
                        <HeartRateBpm>
                            <Value>112</Value>
                        </HeartRateBpm>
                        <SensorState>Present</SensorState>
                    </Trackpoint>
                    <Trackpoint>
                        <Time>2025-10-19T01:01:53.000Z</Time>
                        <HeartRateBpm>
                            <Value>113</Value>
                        </HeartRateBpm>
                        <SensorState>Present</SensorState>
                    </Trackpoint>
                    <Trackpoint>
                        <Time>2025-10-19T01:01:54.000Z</Time>
                        <HeartRateBpm>
                            <Value>113</Value>
                        </HeartRateBpm>
                        <SensorState>Present</SensorState>
                    </Trackpoint>
                    <Trackpoint>
                        <Time>2025-10-19T01:01:55.000Z</Time>
                        <HeartRateBpm>
                            <Value>114</Value>
                        </HeartRateBpm>
                        <SensorState>Present</SensorState>
                    </Trackpoint>
                    <Trackpoint>
                        <Time>2025-10-19T01:01:56.000Z</Time>
                        <HeartRateBpm>
                            <Value>115</Value>
                        </HeartRateBpm>
                        <SensorState>Present</SensorState>
                    </Trackpoint>
                    <Trackpoint>
                        <Time>2025-10-19T01:01:57.000Z</Time>
                        <HeartRateBpm>
                            <Value>115</Value>
                        </HeartRateBpm>
                        <SensorState>Present</SensorState>
                    </Trackpoint>
                    <Trackpoint>
                        <Time>2025-10-19T01:01:58.000Z</Time>
                        <HeartRateBpm>
                            <Value>115</Value>
                        </HeartRateBpm>
                        <SensorState>Present</SensorState>
                    </Trackpoint>
                    <Trackpoint>
                        <Time>2025-10-19T01:01:59.000Z</Time>
                        <HeartRateBpm>
                            <Value>114</Value>
                        </HeartRateBpm>
                        <SensorState>Present</SensorState>
                    </Trackpoint>
                    <Trackpoint>
                        <Time>2025-10-19T01:02:00.000Z</Time>
                        <HeartRateBpm>
                            <Value>114</Value>
                        </HeartRateBpm>
                        <SensorState>Present</SensorState>
                    </Trackpoint>
                    <Trackpoint>
                        <Time>2025-10-19T01:02:01.000Z</Time>
                        <HeartRateBpm>
                            <Value>113</Value>
                        </HeartRateBpm>
                        <SensorState>Present</SensorState>
                    </Trackpoint>
                    <Trackpoint>
                        <Time>2025-10-19T01:02:02.000Z</Time>
                        <HeartRateBpm>
                            <Value>111</Value>
                        </HeartRateBpm>
                        <SensorState>Present</SensorState>
                    </Trackpoint>
                    <Trackpoint>
                        <Time>2025-10-19T01:02:03.000Z</Time>
                        <HeartRateBpm>
                            <Value>109</Value>
                        </HeartRateBpm>
                        <SensorState>Present</SensorState>
                    </Trackpoint>
                    <Trackpoint>
                        <Time>2025-10-19T01:02:04.000Z</Time>
                        <HeartRateBpm>
                            <Value>108</Value>
                        </HeartRateBpm>
                        <SensorState>Present</SensorState>
                    </Trackpoint>
                    <Trackpoint>
                        <Time>2025-10-19T01:02:05.000Z</Time>
                        <HeartRateBpm>
                            <Value>110</Value>
                        </HeartRateBpm>
                        <SensorState>Present</SensorState>
                    </Trackpoint>
                    <Trackpoint>
                        <Time>2025-10-19T01:02:06.000Z</Time>
                        <HeartRateBpm>
                            <Value>112</Value>
                        </HeartRateBpm>
                        <SensorState>Present</SensorState>
                    </Trackpoint>
                    <Trackpoint>
                        <Time>2025-10-19T01:02:07.000Z</Time>
                        <HeartRateBpm>
                            <Value>114</Value>
                        </HeartRateBpm>
                        <SensorState>Present</SensorState>
                    </Trackpoint>
                    <Trackpoint>
                        <Time>2025-10-19T01:02:08.000Z</Time>
                        <HeartRateBpm>
                            <Value>114</Value>
                        </HeartRateBpm>
                        <SensorState>Present</SensorState>
                    </Trackpoint>
                    <Trackpoint>
                        <Time>2025-10-19T01:02:09.000Z</Time>
                        <HeartRateBpm>
                            <Value>115</Value>
                        </HeartRateBpm>
                        <SensorState>Present</SensorState>
                    </Trackpoint>
                    <Trackpoint>
                        <Time>2025-10-19T01:02:10.000Z</Time>
                        <HeartRateBpm>
                            <Value>115</Value>
                        </HeartRateBpm>
                        <SensorState>Present</SensorState>
                    </Trackpoint>
                    <Trackpoint>
                        <Time>2025-10-19T01:02:11.000Z</Time>
                        <HeartRateBpm>
                            <Value>115</Value>
                        </HeartRateBpm>
                        <SensorState>Present</SensorState>
                    </Trackpoint>
                    <Trackpoint>
                        <Time>2025-10-19T01:02:12.000Z</Time>
                        <HeartRateBpm>
                            <Value>114</Value>
                        </HeartRateBpm>
                        <SensorState>Present</SensorState>
                    </Trackpoint>
                    <Trackpoint>
                        <Time>2025-10-19T01:02:13.000Z</Time>
                        <HeartRateBpm>
                            <Value>115</Value>
                        </HeartRateBpm>
                        <SensorState>Present</SensorState>
                    </Trackpoint>
                    <Trackpoint>
                        <Time>2025-10-19T01:02:14.000Z</Time>
                        <HeartRateBpm>
                            <Value>115</Value>
                        </HeartRateBpm>
                        <SensorState>Present</SensorState>
                    </Trackpoint>
                    <Trackpoint>
                        <Time>2025-10-19T01:02:15.000Z</Time>
                        <HeartRateBpm>
                            <Value>115</Value>
                        </HeartRateBpm>
                        <SensorState>Present</SensorState>
                    </Trackpoint>
                    <Trackpoint>
                        <Time>2025-10-19T01:02:16.000Z</Time>
                        <HeartRateBpm>
                            <Value>116</Value>
                        </HeartRateBpm>
                        <SensorState>Present</SensorState>
                    </Trackpoint>
                    <Trackpoint>
                        <Time>2025-10-19T01:02:17.000Z</Time>
                        <HeartRateBpm>
                            <Value>116</Value>
                        </HeartRateBpm>
                        <SensorState>Present</SensorState>
                    </Trackpoint>
                    <Trackpoint>
                        <Time>2025-10-19T01:02:18.000Z</Time>
                        <HeartRateBpm>
                            <Value>116</Value>
                        </HeartRateBpm>
                        <SensorState>Present</SensorState>
                    </Trackpoint>
                    <Trackpoint>
                        <Time>2025-10-19T01:02:19.000Z</Time>
                        <HeartRateBpm>
                            <Value>116</Value>
                        </HeartRateBpm>
                        <SensorState>Present</SensorState>
                    </Trackpoint>
                    <Trackpoint>
                        <Time>2025-10-19T01:02:20.000Z</Time>
                        <HeartRateBpm>
                            <Value>117</Value>
                        </HeartRateBpm>
                        <SensorState>Present</SensorState>
                    </Trackpoint>
                    <Trackpoint>
                        <Time>2025-10-19T01:02:21.000Z</Time>
                        <HeartRateBpm>
                            <Value>117</Value>
                        </HeartRateBpm>
                        <SensorState>Present</SensorState>
                    </Trackpoint>
                    <Trackpoint>
                        <Time>2025-10-19T01:02:22.000Z</Time>
                        <HeartRateBpm>
                            <Value>117</Value>
                        </HeartRateBpm>
                        <SensorState>Present</SensorState>
                    </Trackpoint>
                    <Trackpoint>
                        <Time>2025-10-19T01:02:23.000Z</Time>
                        <HeartRateBpm>
                            <Value>117</Value>
                        </HeartRateBpm>
                        <SensorState>Present</SensorState>
                    </Trackpoint>
                    <Trackpoint>
                        <Time>2025-10-19T01:02:24.000Z</Time>
                        <HeartRateBpm>
                            <Value>116</Value>
                        </HeartRateBpm>
                        <SensorState>Present</SensorState>
                    </Trackpoint>
                    <Trackpoint>
                        <Time>2025-10-19T01:02:25.000Z</Time>
                        <HeartRateBpm>
                            <Value>115</Value>
                        </HeartRateBpm>
                        <SensorState>Present</SensorState>
                    </Trackpoint>
                    <Trackpoint>
                        <Time>2025-10-19T01:02:26.000Z</Time>
                        <HeartRateBpm>
                            <Value>115</Value>
                        </HeartRateBpm>
                        <SensorState>Present</SensorState>
                    </Trackpoint>
                    <Trackpoint>
                        <Time>2025-10-19T01:02:27.000Z</Time>
                        <HeartRateBpm>
                            <Value>114</Value>
                        </HeartRateBpm>
                        <SensorState>Present</SensorState>
                    </Trackpoint>
                    <Trackpoint>
                        <Time>2025-10-19T01:02:28.000Z</Time>
                        <HeartRateBpm>
                            <Value>114</Value>
                        </HeartRateBpm>
                        <SensorState>Present</SensorState>
                    </Trackpoint>
                    <Trackpoint>
                        <Time>2025-10-19T01:02:29.000Z</Time>
                        <HeartRateBpm>
                            <Value>115</Value>
                        </HeartRateBpm>
                        <SensorState>Present</SensorState>
                    </Trackpoint>
                    <Trackpoint>
                        <Time>2025-10-19T01:02:30.000Z</Time>
                        <HeartRateBpm>
                            <Value>114</Value>
                        </HeartRateBpm>
                        <SensorState>Present</SensorState>
                    </Trackpoint>
                    <Trackpoint>
                        <Time>2025-10-19T01:02:31.000Z</Time>
                        <HeartRateBpm>
                            <Value>114</Value>
                        </HeartRateBpm>
                        <SensorState>Present</SensorState>
                    </Trackpoint>
                    <Trackpoint>
                        <Time>2025-10-19T01:02:32.000Z</Time>
                        <HeartRateBpm>
                            <Value>113</Value>
                        </HeartRateBpm>
                        <SensorState>Present</SensorState>
                    </Trackpoint>
                    <Trackpoint>
                        <Time>2025-10-19T01:02:33.000Z</Time>
                        <HeartRateBpm>
                            <Value>112</Value>
                        </HeartRateBpm>
                        <SensorState>Present</SensorState>
                    </Trackpoint>
                    <Trackpoint>
                        <Time>2025-10-19T01:02:34.000Z</Time>
                        <HeartRateBpm>
                            <Value>111</Value>
                        </HeartRateBpm>
                        <SensorState>Present</SensorState>
                    </Trackpoint>
                    <Trackpoint>
                        <Time>2025-10-19T01:02:35.000Z</Time>
                        <HeartRateBpm>
                            <Value>111</Value>
                        </HeartRateBpm>
                        <SensorState>Present</SensorState>
                    </Trackpoint>
                    <Trackpoint>
                        <Time>2025-10-19T01:02:36.000Z</Time>
                        <HeartRateBpm>
                            <Value>112</Value>
                        </HeartRateBpm>
                        <SensorState>Present</SensorState>
                    </Trackpoint>
                    <Trackpoint>
                        <Time>2025-10-19T01:02:37.000Z</Time>
                        <HeartRateBpm>
                            <Value>114</Value>
                        </HeartRateBpm>
                        <SensorState>Present</SensorState>
                    </Trackpoint>
                    <Trackpoint>
                        <Time>2025-10-19T01:02:38.000Z</Time>
                        <HeartRateBpm>
                            <Value>114</Value>
                        </HeartRateBpm>
                        <SensorState>Present</SensorState>
                    </Trackpoint>
                    <Trackpoint>
                        <Time>2025-10-19T01:02:39.000Z</Time>
                        <HeartRateBpm>
                            <Value>114</Value>
                        </HeartRateBpm>
                        <SensorState>Present</SensorState>
                    </Trackpoint>
                    <Trackpoint>
                        <Time>2025-10-19T01:02:40.000Z</Time>
                        <HeartRateBpm>
                            <Value>114</Value>
                        </HeartRateBpm>
                        <SensorState>Present</SensorState>
                    </Trackpoint>
                    <Trackpoint>
                        <Time>2025-10-19T01:02:41.000Z</Time>
                        <HeartRateBpm>
                            <Value>115</Value>
                        </HeartRateBpm>
                        <SensorState>Present</SensorState>
                    </Trackpoint>
                    <Trackpoint>
                        <Time>2025-10-19T01:02:42.000Z</Time>
                        <HeartRateBpm>
                            <Value>115</Value>
                        </HeartRateBpm>
                        <SensorState>Present</SensorState>
                    </Trackpoint>
                    <Trackpoint>
                        <Time>2025-10-19T01:02:43.000Z</Time>
                        <HeartRateBpm>
                            <Value>116</Value>
                        </HeartRateBpm>
                        <SensorState>Present</SensorState>
                    </Trackpoint>
                    <Trackpoint>
                        <Time>2025-10-19T01:02:44.000Z</Time>
                        <HeartRateBpm>
                            <Value>116</Value>
                        </HeartRateBpm>
                        <SensorState>Present</SensorState>
                    </Trackpoint>
                    <Trackpoint>
                        <Time>2025-10-19T01:02:45.000Z</Time>
                        <HeartRateBpm>
                            <Value>116</Value>
                        </HeartRateBpm>
                        <SensorState>Present</SensorState>
                    </Trackpoint>
                    <Trackpoint>
                        <Time>2025-10-19T01:02:46.000Z</Time>
                        <HeartRateBpm>
                            <Value>116</Value>
                        </HeartRateBpm>
                        <SensorState>Present</SensorState>
                    </Trackpoint>
                    <Trackpoint>
                        <Time>2025-10-19T01:02:47.000Z</Time>
                        <HeartRateBpm>
                            <Value>114</Value>
                        </HeartRateBpm>
                        <SensorState>Present</SensorState>
                    </Trackpoint>
                    <Trackpoint>
                        <Time>2025-10-19T01:02:48.000Z</Time>
                        <HeartRateBpm>
                            <Value>113</Value>
                        </HeartRateBpm>
                        <SensorState>Present</SensorState>
                    </Trackpoint>
                    <Trackpoint>
                        <Time>2025-10-19T01:02:49.000Z</Time>
                        <HeartRateBpm>
                            <Value>112</Value>
                        </HeartRateBpm>
                        <SensorState>Present</SensorState>
                    </Trackpoint>
                    <Trackpoint>
                        <Time>2025-10-19T01:02:50.000Z</Time>
                        <HeartRateBpm>
                            <Value>113</Value>
                        </HeartRateBpm>
                        <SensorState>Present</SensorState>
                    </Trackpoint>
                    <Trackpoint>
                        <Time>2025-10-19T01:02:51.000Z</Time>
                        <HeartRateBpm>
                            <Value>113</Value>
                        </HeartRateBpm>
                        <SensorState>Present</SensorState>
                    </Trackpoint>
                    <Trackpoint>
                        <Time>2025-10-19T01:02:52.000Z</Time>
                        <HeartRateBpm>
                            <Value>113</Value>
                        </HeartRateBpm>
                        <SensorState>Present</SensorState>
                    </Trackpoint>
                    <Trackpoint>
                        <Time>2025-10-19T01:02:53.000Z</Time>
                        <HeartRateBpm>
                            <Value>113</Value>
                        </HeartRateBpm>
                        <SensorState>Present</SensorState>
                    </Trackpoint>
                    <Trackpoint>
                        <Time>2025-10-19T01:02:54.000Z</Time>
                        <HeartRateBpm>
                            <Value>113</Value>
                        </HeartRateBpm>
                        <SensorState>Present</SensorState>
                    </Trackpoint>
                    <Trackpoint>
                        <Time>2025-10-19T01:02:55.000Z</Time>
                        <HeartRateBpm>
                            <Value>112</Value>
                        </HeartRateBpm>
                        <SensorState>Present</SensorState>
                    </Trackpoint>
                    <Trackpoint>
                        <Time>2025-10-19T01:02:56.000Z</Time>
                        <HeartRateBpm>
                            <Value>112</Value>
                        </HeartRateBpm>
                        <SensorState>Present</SensorState>
                    </Trackpoint>
                    <Trackpoint>
                        <Time>2025-10-19T01:02:57.000Z</Time>
                        <HeartRateBpm>
                            <Value>113</Value>
                        </HeartRateBpm>
                        <SensorState>Present</SensorState>
                    </Trackpoint>
                    <Trackpoint>
                        <Time>2025-10-19T01:02:58.000Z</Time>
                        <HeartRateBpm>
                            <Value>113</Value>
                        </HeartRateBpm>
                        <SensorState>Present</SensorState>
                    </Trackpoint>
                    <Trackpoint>
                        <Time>2025-10-19T01:02:59.000Z</Time>
                        <HeartRateBpm>
                            <Value>114</Value>
                        </HeartRateBpm>
                        <SensorState>Present</SensorState>
                    </Trackpoint>
                    <Trackpoint>
                        <Time>2025-10-19T01:03:00.000Z</Time>
                        <HeartRateBpm>
                            <Value>114</Value>
                        </HeartRateBpm>
                        <SensorState>Present</SensorState>
                    </Trackpoint>
                    <Trackpoint>
                        <Time>2025-10-19T01:03:01.000Z</Time>
                        <HeartRateBpm>
                            <Value>115</Value>
                        </HeartRateBpm>
                        <SensorState>Present</SensorState>
                    </Trackpoint>
                    <Trackpoint>
                        <Time>2025-10-19T01:03:02.000Z</Time>
                        <HeartRateBpm>
                            <Value>115</Value>
                        </HeartRateBpm>
                        <SensorState>Present</SensorState>
                    </Trackpoint>
                    <Trackpoint>
                        <Time>2025-10-19T01:03:03.000Z</Time>
                        <HeartRateBpm>
                            <Value>116</Value>
                        </HeartRateBpm>
                        <SensorState>Present</SensorState>
                    </Trackpoint>
                    <Trackpoint>
                        <Time>2025-10-19T01:03:04.000Z</Time>
                        <HeartRateBpm>
                            <Value>116</Value>
                        </HeartRateBpm>
                        <SensorState>Present</SensorState>
                    </Trackpoint>
                    <Trackpoint>
                        <Time>2025-10-19T01:03:05.000Z</Time>
                        <HeartRateBpm>
                            <Value>116</Value>
                        </HeartRateBpm>
                        <SensorState>Present</SensorState>
                    </Trackpoint>
                    <Trackpoint>
                        <Time>2025-10-19T01:03:06.000Z</Time>
                        <HeartRateBpm>
                            <Value>117</Value>
                        </HeartRateBpm>
                        <SensorState>Present</SensorState>
                    </Trackpoint>
                    <Trackpoint>
                        <Time>2025-10-19T01:03:07.000Z</Time>
                        <HeartRateBpm>
                            <Value>117</Value>
                        </HeartRateBpm>
                        <SensorState>Present</SensorState>
                    </Trackpoint>
                    <Trackpoint>
                        <Time>2025-10-19T01:03:08.000Z</Time>
                        <HeartRateBpm>
                            <Value>118</Value>
                        </HeartRateBpm>
                        <SensorState>Present</SensorState>
                    </Trackpoint>
                    <Trackpoint>
                        <Time>2025-10-19T01:03:09.000Z</Time>
                        <HeartRateBpm>
                            <Value>118</Value>
                        </HeartRateBpm>
                        <SensorState>Present</SensorState>
                    </Trackpoint>
                    <Trackpoint>
                        <Time>2025-10-19T01:03:10.000Z</Time>
                        <HeartRateBpm>
                            <Value>118</Value>
                        </HeartRateBpm>
                        <SensorState>Present</SensorState>
                    </Trackpoint>
                    <Trackpoint>
                        <Time>2025-10-19T01:03:11.000Z</Time>
                        <HeartRateBpm>
                            <Value>117</Value>
                        </HeartRateBpm>
                        <SensorState>Present</SensorState>
                    </Trackpoint>
                    <Trackpoint>
                        <Time>2025-10-19T01:03:12.000Z</Time>
                        <HeartRateBpm>
                            <Value>117</Value>
                        </HeartRateBpm>
                        <SensorState>Present</SensorState>
                    </Trackpoint>
                    <Trackpoint>
                        <Time>2025-10-19T01:03:13.000Z</Time>
                        <HeartRateBpm>
                            <Value>117</Value>
                        </HeartRateBpm>
                        <SensorState>Present</SensorState>
                    </Trackpoint>
                    <Trackpoint>
                        <Time>2025-10-19T01:03:14.000Z</Time>
                        <HeartRateBpm>
                            <Value>117</Value>
                        </HeartRateBpm>
                        <SensorState>Present</SensorState>
                    </Trackpoint>
                    <Trackpoint>
                        <Time>2025-10-19T01:03:15.000Z</Time>
                        <HeartRateBpm>
                            <Value>118</Value>
                        </HeartRateBpm>
                        <SensorState>Present</SensorState>
                    </Trackpoint>
                    <Trackpoint>
                        <Time>2025-10-19T01:03:16.000Z</Time>
                        <HeartRateBpm>
                            <Value>118</Value>
                        </HeartRateBpm>
                        <SensorState>Present</SensorState>
                    </Trackpoint>
                    <Trackpoint>
                        <Time>2025-10-19T01:03:17.000Z</Time>
                        <HeartRateBpm>
                            <Value>118</Value>
                        </HeartRateBpm>
                        <SensorState>Present</SensorState>
                    </Trackpoint>
                    <Trackpoint>
                        <Time>2025-10-19T01:03:18.000Z</Time>
                        <HeartRateBpm>
                            <Value>118</Value>
                        </HeartRateBpm>
                        <SensorState>Present</SensorState>
                    </Trackpoint>
                    <Trackpoint>
                        <Time>2025-10-19T01:03:19.000Z</Time>
                        <HeartRateBpm>
                            <Value>118</Value>
                        </HeartRateBpm>
                        <SensorState>Present</SensorState>
                    </Trackpoint>
                    <Trackpoint>
                        <Time>2025-10-19T01:03:20.000Z</Time>
                        <HeartRateBpm>
                            <Value>118</Value>
                        </HeartRateBpm>
                        <SensorState>Present</SensorState>
                    </Trackpoint>
                    <Trackpoint>
                        <Time>2025-10-19T01:03:21.000Z</Time>
                        <HeartRateBpm>
                            <Value>117</Value>
                        </HeartRateBpm>
                        <SensorState>Present</SensorState>
                    </Trackpoint>
                    <Trackpoint>
                        <Time>2025-10-19T01:03:22.000Z</Time>
                        <HeartRateBpm>
                            <Value>117</Value>
                        </HeartRateBpm>
                        <SensorState>Present</SensorState>
                    </Trackpoint>
                    <Trackpoint>
                        <Time>2025-10-19T01:03:23.000Z</Time>
                        <HeartRateBpm>
                            <Value>116</Value>
                        </HeartRateBpm>
                        <SensorState>Present</SensorState>
                    </Trackpoint>
                    <Trackpoint>
                        <Time>2025-10-19T01:03:24.000Z</Time>
                        <HeartRateBpm>
                            <Value>116</Value>
                        </HeartRateBpm>
                        <SensorState>Present</SensorState>
                    </Trackpoint>
                    <Trackpoint>
                        <Time>2025-10-19T01:03:25.000Z</Time>
                        <HeartRateBpm>
                            <Value>116</Value>
                        </HeartRateBpm>
                        <SensorState>Present</SensorState>
                    </Trackpoint>
                    <Trackpoint>
                        <Time>2025-10-19T01:03:26.000Z</Time>
                        <HeartRateBpm>
                            <Value>116</Value>
                        </HeartRateBpm>
                        <SensorState>Present</SensorState>
                    </Trackpoint>
                    <Trackpoint>
                        <Time>2025-10-19T01:03:27.000Z</Time>
                        <HeartRateBpm>
                            <Value>116</Value>
                        </HeartRateBpm>
                        <SensorState>Present</SensorState>
                    </Trackpoint>
                    <Trackpoint>
                        <Time>2025-10-19T01:03:28.000Z</Time>
                        <HeartRateBpm>
                            <Value>117</Value>
                        </HeartRateBpm>
                        <SensorState>Present</SensorState>
                    </Trackpoint>
                    <Trackpoint>
                        <Time>2025-10-19T01:03:29.000Z</Time>
                        <HeartRateBpm>
                            <Value>117</Value>
                        </HeartRateBpm>
                        <SensorState>Present</SensorState>
                    </Trackpoint>
                    <Trackpoint>
                        <Time>2025-10-19T01:03:30.000Z</Time>
                        <HeartRateBpm>
                            <Value>117</Value>
                        </HeartRateBpm>
                        <SensorState>Present</SensorState>
                    </Trackpoint>
                    <Trackpoint>
                        <Time>2025-10-19T01:03:31.000Z</Time>
                        <HeartRateBpm>
                            <Value>117</Value>
                        </HeartRateBpm>
                        <SensorState>Present</SensorState>
                    </Trackpoint>
                    <Trackpoint>
                        <Time>2025-10-19T01:03:32.000Z</Time>
                        <HeartRateBpm>
                            <Value>117</Value>
                        </HeartRateBpm>
                        <SensorState>Present</SensorState>
                    </Trackpoint>
                    <Trackpoint>
                        <Time>2025-10-19T01:03:33.000Z</Time>
                        <HeartRateBpm>
                            <Value>117</Value>
                        </HeartRateBpm>
                        <SensorState>Present</SensorState>
                    </Trackpoint>
                    <Trackpoint>
                        <Time>2025-10-19T01:03:34.000Z</Time>
                        <HeartRateBpm>
                            <Value>117</Value>
                        </HeartRateBpm>
                        <SensorState>Present</SensorState>
                    </Trackpoint>
                    <Trackpoint>
                        <Time>2025-10-19T01:03:35.000Z</Time>
                        <HeartRateBpm>
                            <Value>117</Value>
                        </HeartRateBpm>
                        <SensorState>Present</SensorState>
                    </Trackpoint>
                    <Trackpoint>
                        <Time>2025-10-19T01:03:36.000Z</Time>
                        <HeartRateBpm>
                            <Value>117</Value>
                        </HeartRateBpm>
                        <SensorState>Present</SensorState>
                    </Trackpoint>
                    <Trackpoint>
                        <Time>2025-10-19T01:03:37.000Z</Time>
                        <HeartRateBpm>
                            <Value>117</Value>
                        </HeartRateBpm>
                        <SensorState>Present</SensorState>
                    </Trackpoint>
                    <Trackpoint>
                        <Time>2025-10-19T01:03:38.000Z</Time>
                        <HeartRateBpm>
                            <Value>117</Value>
                        </HeartRateBpm>
                        <SensorState>Present</SensorState>
                    </Trackpoint>
                    <Trackpoint>
                        <Time>2025-10-19T01:03:39.000Z</Time>
                        <HeartRateBpm>
                            <Value>117</Value>
                        </HeartRateBpm>
                        <SensorState>Present</SensorState>
                    </Trackpoint>
                    <Trackpoint>
                        <Time>2025-10-19T01:03:40.000Z</Time>
                        <HeartRateBpm>
                            <Value>117</Value>
                        </HeartRateBpm>
                        <SensorState>Present</SensorState>
                    </Trackpoint>
                    <Trackpoint>
                        <Time>2025-10-19T01:03:41.000Z</Time>
                        <HeartRateBpm>
                            <Value>116</Value>
                        </HeartRateBpm>
                        <SensorState>Present</SensorState>
                    </Trackpoint>
                    <Trackpoint>
                        <Time>2025-10-19T01:03:42.000Z</Time>
                        <HeartRateBpm>
                            <Value>116</Value>
                        </HeartRateBpm>
                        <SensorState>Present</SensorState>
                    </Trackpoint>
                    <Trackpoint>
                        <Time>2025-10-19T01:03:43.000Z</Time>
                        <HeartRateBpm>
                            <Value>116</Value>
                        </HeartRateBpm>
                        <SensorState>Present</SensorState>
                    </Trackpoint>
                    <Trackpoint>
                        <Time>2025-10-19T01:03:44.000Z</Time>
                        <HeartRateBpm>
                            <Value>116</Value>
                        </HeartRateBpm>
                        <SensorState>Present</SensorState>
                    </Trackpoint>
                    <Trackpoint>
                        <Time>2025-10-19T01:03:45.000Z</Time>
                        <HeartRateBpm>
                            <Value>116</Value>
                        </HeartRateBpm>
                        <SensorState>Present</SensorState>
                    </Trackpoint>
                    <Trackpoint>
                        <Time>2025-10-19T01:03:46.000Z</Time>
                        <HeartRateBpm>
                            <Value>116</Value>
                        </HeartRateBpm>
                        <SensorState>Present</SensorState>
                    </Trackpoint>
                    <Trackpoint>
                        <Time>2025-10-19T01:03:47.000Z</Time>
                        <HeartRateBpm>
                            <Value>116</Value>
                        </HeartRateBpm>
                        <SensorState>Present</SensorState>
                    </Trackpoint>
                    <Trackpoint>
                        <Time>2025-10-19T01:03:48.000Z</Time>
                        <HeartRateBpm>
                            <Value>115</Value>
                        </HeartRateBpm>
                        <SensorState>Present</SensorState>
                    </Trackpoint>
                    <Trackpoint>
                        <Time>2025-10-19T01:03:49.000Z</Time>
                        <HeartRateBpm>
                            <Value>115</Value>
                        </HeartRateBpm>
                        <SensorState>Present</SensorState>
                    </Trackpoint>
                    <Trackpoint>
                        <Time>2025-10-19T01:03:50.000Z</Time>
                        <HeartRateBpm>
                            <Value>114</Value>
                        </HeartRateBpm>
                        <SensorState>Present</SensorState>
                    </Trackpoint>
                    <Trackpoint>
                        <Time>2025-10-19T01:03:51.000Z</Time>
                        <HeartRateBpm>
                            <Value>114</Value>
                        </HeartRateBpm>
                        <SensorState>Present</SensorState>
                    </Trackpoint>
                    <Trackpoint>
                        <Time>2025-10-19T01:03:52.000Z</Time>
                        <HeartRateBpm>
                            <Value>114</Value>
                        </HeartRateBpm>
                        <SensorState>Present</SensorState>
                    </Trackpoint>
                    <Trackpoint>
                        <Time>2025-10-19T01:03:53.000Z</Time>
                        <HeartRateBpm>
                            <Value>114</Value>
                        </HeartRateBpm>
                        <SensorState>Present</SensorState>
                    </Trackpoint>
                    <Trackpoint>
                        <Time>2025-10-19T01:03:54.000Z</Time>
                        <HeartRateBpm>
                            <Value>113</Value>
                        </HeartRateBpm>
                        <SensorState>Present</SensorState>
                    </Trackpoint>
                    <Trackpoint>
                        <Time>2025-10-19T01:03:55.000Z</Time>
                        <HeartRateBpm>
                            <Value>113</Value>
                        </HeartRateBpm>
                        <SensorState>Present</SensorState>
                    </Trackpoint>
                    <Trackpoint>
                        <Time>2025-10-19T01:03:56.000Z</Time>
                        <HeartRateBpm>
                            <Value>113</Value>
                        </HeartRateBpm>
                        <SensorState>Present</SensorState>
                    </Trackpoint>
                    <Trackpoint>
                        <Time>2025-10-19T01:03:57.000Z</Time>
                        <HeartRateBpm>
                            <Value>114</Value>
                        </HeartRateBpm>
                        <SensorState>Present</SensorState>
                    </Trackpoint>
                    <Trackpoint>
                        <Time>2025-10-19T01:03:58.000Z</Time>
                        <HeartRateBpm>
                            <Value>114</Value>
                        </HeartRateBpm>
                        <SensorState>Present</SensorState>
                    </Trackpoint>
                    <Trackpoint>
                        <Time>2025-10-19T01:03:59.000Z</Time>
                        <HeartRateBpm>
                            <Value>114</Value>
                        </HeartRateBpm>
                        <SensorState>Present</SensorState>
                    </Trackpoint>
                    <Trackpoint>
                        <Time>2025-10-19T01:04:00.000Z</Time>
                        <HeartRateBpm>
                            <Value>114</Value>
                        </HeartRateBpm>
                        <SensorState>Present</SensorState>
                    </Trackpoint>
                    <Trackpoint>
                        <Time>2025-10-19T01:04:01.000Z</Time>
                        <HeartRateBpm>
                            <Value>114</Value>
                        </HeartRateBpm>
                        <SensorState>Present</SensorState>
                    </Trackpoint>
                    <Trackpoint>
                        <Time>2025-10-19T01:04:02.000Z</Time>
                        <HeartRateBpm>
                            <Value>114</Value>
                        </HeartRateBpm>
                        <SensorState>Present</SensorState>
                    </Trackpoint>
                    <Trackpoint>
                        <Time>2025-10-19T01:04:03.000Z</Time>
                        <HeartRateBpm>
                            <Value>113</Value>
                        </HeartRateBpm>
                        <SensorState>Present</SensorState>
                    </Trackpoint>
                    <Trackpoint>
                        <Time>2025-10-19T01:04:04.000Z</Time>
                        <HeartRateBpm>
                            <Value>113</Value>
                        </HeartRateBpm>
                        <SensorState>Present</SensorState>
                    </Trackpoint>
                    <Trackpoint>
                        <Time>2025-10-19T01:04:05.000Z</Time>
                        <HeartRateBpm>
                            <Value>113</Value>
                        </HeartRateBpm>
                        <SensorState>Present</SensorState>
                    </Trackpoint>
                    <Trackpoint>
                        <Time>2025-10-19T01:04:06.000Z</Time>
                        <HeartRateBpm>
                            <Value>113</Value>
                        </HeartRateBpm>
                        <SensorState>Present</SensorState>
                    </Trackpoint>
                    <Trackpoint>
                        <Time>2025-10-19T01:04:07.000Z</Time>
                        <HeartRateBpm>
                            <Value>113</Value>
                        </HeartRateBpm>
                        <SensorState>Present</SensorState>
                    </Trackpoint>
                    <Trackpoint>
                        <Time>2025-10-19T01:04:08.000Z</Time>
                        <HeartRateBpm>
                            <Value>115</Value>
                        </HeartRateBpm>
                        <SensorState>Present</SensorState>
                    </Trackpoint>
                    <Trackpoint>
                        <Time>2025-10-19T01:04:09.000Z</Time>
                        <HeartRateBpm>
                            <Value>116</Value>
                        </HeartRateBpm>
                        <SensorState>Present</SensorState>
                    </Trackpoint>
                    <Trackpoint>
                        <Time>2025-10-19T01:04:10.000Z</Time>
                        <HeartRateBpm>
                            <Value>116</Value>
                        </HeartRateBpm>
                        <SensorState>Present</SensorState>
                    </Trackpoint>
                    <Trackpoint>
                        <Time>2025-10-19T01:04:11.000Z</Time>
                        <HeartRateBpm>
                            <Value>116</Value>
                        </HeartRateBpm>
                        <SensorState>Present</SensorState>
                    </Trackpoint>
                    <Trackpoint>
                        <Time>2025-10-19T01:04:12.000Z</Time>
                        <HeartRateBpm>
                            <Value>115</Value>
                        </HeartRateBpm>
                        <SensorState>Present</SensorState>
                    </Trackpoint>
                    <Trackpoint>
                        <Time>2025-10-19T01:04:13.000Z</Time>
                        <HeartRateBpm>
                            <Value>114</Value>
                        </HeartRateBpm>
                        <SensorState>Present</SensorState>
                    </Trackpoint>
                    <Trackpoint>
                        <Time>2025-10-19T01:04:14.000Z</Time>
                        <HeartRateBpm>
                            <Value>114</Value>
                        </HeartRateBpm>
                        <SensorState>Present</SensorState>
                    </Trackpoint>
                    <Trackpoint>
                        <Time>2025-10-19T01:04:15.000Z</Time>
                        <HeartRateBpm>
                            <Value>114</Value>
                        </HeartRateBpm>
                        <SensorState>Present</SensorState>
                    </Trackpoint>
                    <Trackpoint>
                        <Time>2025-10-19T01:04:16.000Z</Time>
                        <HeartRateBpm>
                            <Value>114</Value>
                        </HeartRateBpm>
                        <SensorState>Present</SensorState>
                    </Trackpoint>
                    <Trackpoint>
                        <Time>2025-10-19T01:04:17.000Z</Time>
                        <HeartRateBpm>
                            <Value>115</Value>
                        </HeartRateBpm>
                        <SensorState>Present</SensorState>
                    </Trackpoint>
                    <Trackpoint>
                        <Time>2025-10-19T01:04:18.000Z</Time>
                        <HeartRateBpm>
                            <Value>115</Value>
                        </HeartRateBpm>
                        <SensorState>Present</SensorState>
                    </Trackpoint>
                    <Trackpoint>
                        <Time>2025-10-19T01:04:19.000Z</Time>
                        <HeartRateBpm>
                            <Value>115</Value>
                        </HeartRateBpm>
                        <SensorState>Present</SensorState>
                    </Trackpoint>
                    <Trackpoint>
                        <Time>2025-10-19T01:04:20.000Z</Time>
                        <HeartRateBpm>
                            <Value>114</Value>
                        </HeartRateBpm>
                        <SensorState>Present</SensorState>
                    </Trackpoint>
                    <Trackpoint>
                        <Time>2025-10-19T01:04:21.000Z</Time>
                        <HeartRateBpm>
                            <Value>114</Value>
                        </HeartRateBpm>
                        <SensorState>Present</SensorState>
                    </Trackpoint>
                    <Trackpoint>
                        <Time>2025-10-19T01:04:22.000Z</Time>
                        <HeartRateBpm>
                            <Value>113</Value>
                        </HeartRateBpm>
                        <SensorState>Present</SensorState>
                    </Trackpoint>
                    <Trackpoint>
                        <Time>2025-10-19T01:04:23.000Z</Time>
                        <HeartRateBpm>
                            <Value>113</Value>
                        </HeartRateBpm>
                        <SensorState>Present</SensorState>
                    </Trackpoint>
                    <Trackpoint>
                        <Time>2025-10-19T01:04:24.000Z</Time>
                        <HeartRateBpm>
                            <Value>113</Value>
                        </HeartRateBpm>
                        <SensorState>Present</SensorState>
                    </Trackpoint>
                    <Trackpoint>
                        <Time>2025-10-19T01:04:25.000Z</Time>
                        <HeartRateBpm>
                            <Value>113</Value>
                        </HeartRateBpm>
                        <SensorState>Present</SensorState>
                    </Trackpoint>
                    <Trackpoint>
                        <Time>2025-10-19T01:04:26.000Z</Time>
                        <HeartRateBpm>
                            <Value>113</Value>
                        </HeartRateBpm>
                        <SensorState>Present</SensorState>
                    </Trackpoint>
                    <Trackpoint>
                        <Time>2025-10-19T01:04:27.000Z</Time>
                        <HeartRateBpm>
                            <Value>112</Value>
                        </HeartRateBpm>
                        <SensorState>Present</SensorState>
                    </Trackpoint>
                    <Trackpoint>
                        <Time>2025-10-19T01:04:28.000Z</Time>
                        <HeartRateBpm>
                            <Value>112</Value>
                        </HeartRateBpm>
                        <SensorState>Present</SensorState>
                    </Trackpoint>
                    <Trackpoint>
                        <Time>2025-10-19T01:04:29.000Z</Time>
                        <HeartRateBpm>
                            <Value>111</Value>
                        </HeartRateBpm>
                        <SensorState>Present</SensorState>
                    </Trackpoint>
                    <Trackpoint>
                        <Time>2025-10-19T01:04:30.000Z</Time>
                        <HeartRateBpm>
                            <Value>111</Value>
                        </HeartRateBpm>
                        <SensorState>Present</SensorState>
                    </Trackpoint>
                    <Trackpoint>
                        <Time>2025-10-19T01:04:31.000Z</Time>
                        <HeartRateBpm>
                            <Value>111</Value>
                        </HeartRateBpm>
                        <SensorState>Present</SensorState>
                    </Trackpoint>
                    <Trackpoint>
                        <Time>2025-10-19T01:04:32.000Z</Time>
                        <HeartRateBpm>
                            <Value>112</Value>
                        </HeartRateBpm>
                        <SensorState>Present</SensorState>
                    </Trackpoint>
                    <Trackpoint>
                        <Time>2025-10-19T01:04:33.000Z</Time>
                        <HeartRateBpm>
                            <Value>113</Value>
                        </HeartRateBpm>
                        <SensorState>Present</SensorState>
                    </Trackpoint>
                    <Trackpoint>
                        <Time>2025-10-19T01:04:34.000Z</Time>
                        <HeartRateBpm>
                            <Value>113</Value>
                        </HeartRateBpm>
                        <SensorState>Present</SensorState>
                    </Trackpoint>
                    <Trackpoint>
                        <Time>2025-10-19T01:04:35.000Z</Time>
                        <HeartRateBpm>
                            <Value>114</Value>
                        </HeartRateBpm>
                        <SensorState>Present</SensorState>
                    </Trackpoint>
                    <Trackpoint>
                        <Time>2025-10-19T01:04:36.000Z</Time>
                        <HeartRateBpm>
                            <Value>114</Value>
                        </HeartRateBpm>
                        <SensorState>Present</SensorState>
                    </Trackpoint>
                    <Trackpoint>
                        <Time>2025-10-19T01:04:37.000Z</Time>
                        <HeartRateBpm>
                            <Value>115</Value>
                        </HeartRateBpm>
                        <SensorState>Present</SensorState>
                    </Trackpoint>
                    <Trackpoint>
                        <Time>2025-10-19T01:04:38.000Z</Time>
                        <HeartRateBpm>
                            <Value>115</Value>
                        </HeartRateBpm>
                        <SensorState>Present</SensorState>
                    </Trackpoint>
                    <Trackpoint>
                        <Time>2025-10-19T01:04:39.000Z</Time>
                        <HeartRateBpm>
                            <Value>115</Value>
                        </HeartRateBpm>
                        <SensorState>Present</SensorState>
                    </Trackpoint>
                    <Trackpoint>
                        <Time>2025-10-19T01:04:40.000Z</Time>
                        <HeartRateBpm>
                            <Value>115</Value>
                        </HeartRateBpm>
                        <SensorState>Present</SensorState>
                    </Trackpoint>
                    <Trackpoint>
                        <Time>2025-10-19T01:04:41.000Z</Time>
                        <HeartRateBpm>
                            <Value>115</Value>
                        </HeartRateBpm>
                        <SensorState>Present</SensorState>
                    </Trackpoint>
                    <Trackpoint>
                        <Time>2025-10-19T01:04:42.000Z</Time>
                        <HeartRateBpm>
                            <Value>114</Value>
                        </HeartRateBpm>
                        <SensorState>Present</SensorState>
                    </Trackpoint>
                    <Trackpoint>
                        <Time>2025-10-19T01:04:43.000Z</Time>
                        <HeartRateBpm>
                            <Value>113</Value>
                        </HeartRateBpm>
                        <SensorState>Present</SensorState>
                    </Trackpoint>
                    <Trackpoint>
                        <Time>2025-10-19T01:04:44.000Z</Time>
                        <HeartRateBpm>
                            <Value>111</Value>
                        </HeartRateBpm>
                        <SensorState>Present</SensorState>
                    </Trackpoint>
                    <Trackpoint>
                        <Time>2025-10-19T01:04:45.000Z</Time>
                        <HeartRateBpm>
                            <Value>111</Value>
                        </HeartRateBpm>
                        <SensorState>Present</SensorState>
                    </Trackpoint>
                    <Trackpoint>
                        <Time>2025-10-19T01:04:46.000Z</Time>
                        <HeartRateBpm>
                            <Value>111</Value>
                        </HeartRateBpm>
                        <SensorState>Present</SensorState>
                    </Trackpoint>
                    <Trackpoint>
                        <Time>2025-10-19T01:04:47.000Z</Time>
                        <HeartRateBpm>
                            <Value>111</Value>
                        </HeartRateBpm>
                        <SensorState>Present</SensorState>
                    </Trackpoint>
                    <Trackpoint>
                        <Time>2025-10-19T01:04:48.000Z</Time>
                        <HeartRateBpm>
                            <Value>112</Value>
                        </HeartRateBpm>
                        <SensorState>Present</SensorState>
                    </Trackpoint>
                    <Trackpoint>
                        <Time>2025-10-19T01:04:49.000Z</Time>
                        <HeartRateBpm>
                            <Value>112</Value>
                        </HeartRateBpm>
                        <SensorState>Present</SensorState>
                    </Trackpoint>
                    <Trackpoint>
                        <Time>2025-10-19T01:04:50.000Z</Time>
                        <HeartRateBpm>
                            <Value>112</Value>
                        </HeartRateBpm>
                        <SensorState>Present</SensorState>
                    </Trackpoint>
                    <Trackpoint>
                        <Time>2025-10-19T01:04:51.000Z</Time>
                        <HeartRateBpm>
                            <Value>112</Value>
                        </HeartRateBpm>
                        <SensorState>Present</SensorState>
                    </Trackpoint>
                    <Trackpoint>
                        <Time>2025-10-19T01:04:52.000Z</Time>
                        <HeartRateBpm>
                            <Value>111</Value>
                        </HeartRateBpm>
                        <SensorState>Present</SensorState>
                    </Trackpoint>
                    <Trackpoint>
                        <Time>2025-10-19T01:04:53.000Z</Time>
                        <HeartRateBpm>
                            <Value>111</Value>
                        </HeartRateBpm>
                        <SensorState>Present</SensorState>
                    </Trackpoint>
                    <Trackpoint>
                        <Time>2025-10-19T01:04:54.000Z</Time>
                        <HeartRateBpm>
                            <Value>110</Value>
                        </HeartRateBpm>
                        <SensorState>Present</SensorState>
                    </Trackpoint>
                    <Trackpoint>
                        <Time>2025-10-19T01:04:55.000Z</Time>
                        <HeartRateBpm>
                            <Value>110</Value>
                        </HeartRateBpm>
                        <SensorState>Present</SensorState>
                    </Trackpoint>
                    <Trackpoint>
                        <Time>2025-10-19T01:04:56.000Z</Time>
                        <HeartRateBpm>
                            <Value>110</Value>
                        </HeartRateBpm>
                        <SensorState>Present</SensorState>
                    </Trackpoint>
                    <Trackpoint>
                        <Time>2025-10-19T01:04:57.000Z</Time>
                        <HeartRateBpm>
                            <Value>110</Value>
                        </HeartRateBpm>
                        <SensorState>Present</SensorState>
                    </Trackpoint>
                    <Trackpoint>
                        <Time>2025-10-19T01:04:58.000Z</Time>
                        <HeartRateBpm>
                            <Value>110</Value>
                        </HeartRateBpm>
                        <SensorState>Present</SensorState>
                    </Trackpoint>
                    <Trackpoint>
                        <Time>2025-10-19T01:04:59.000Z</Time>
                        <HeartRateBpm>
                            <Value>110</Value>
                        </HeartRateBpm>
                        <SensorState>Present</SensorState>
                    </Trackpoint>
                    <Trackpoint>
                        <Time>2025-10-19T01:05:00.000Z</Time>
                        <HeartRateBpm>
                            <Value>111</Value>
                        </HeartRateBpm>
                        <SensorState>Present</SensorState>
                    </Trackpoint>
                    <Trackpoint>
                        <Time>2025-10-19T01:05:01.000Z</Time>
                        <HeartRateBpm>
                            <Value>111</Value>
                        </HeartRateBpm>
                        <SensorState>Present</SensorState>
                    </Trackpoint>
                    <Trackpoint>
                        <Time>2025-10-19T01:05:02.000Z</Time>
                        <HeartRateBpm>
                            <Value>112</Value>
                        </HeartRateBpm>
                        <SensorState>Present</SensorState>
                    </Trackpoint>
                    <Trackpoint>
                        <Time>2025-10-19T01:05:03.000Z</Time>
                        <HeartRateBpm>
                            <Value>112</Value>
                        </HeartRateBpm>
                        <SensorState>Present</SensorState>
                    </Trackpoint>
                    <Trackpoint>
                        <Time>2025-10-19T01:05:04.000Z</Time>
                        <HeartRateBpm>
                            <Value>112</Value>
                        </HeartRateBpm>
                        <SensorState>Present</SensorState>
                    </Trackpoint>
                    <Trackpoint>
                        <Time>2025-10-19T01:05:05.000Z</Time>
                        <HeartRateBpm>
                            <Value>112</Value>
                        </HeartRateBpm>
                        <SensorState>Present</SensorState>
                    </Trackpoint>
                    <Trackpoint>
                        <Time>2025-10-19T01:05:06.000Z</Time>
                        <HeartRateBpm>
                            <Value>112</Value>
                        </HeartRateBpm>
                        <SensorState>Present</SensorState>
                    </Trackpoint>
                    <Trackpoint>
                        <Time>2025-10-19T01:05:07.000Z</Time>
                        <HeartRateBpm>
                            <Value>111</Value>
                        </HeartRateBpm>
                        <SensorState>Present</SensorState>
                    </Trackpoint>
                    <Trackpoint>
                        <Time>2025-10-19T01:05:08.000Z</Time>
                        <HeartRateBpm>
                            <Value>112</Value>
                        </HeartRateBpm>
                        <SensorState>Present</SensorState>
                    </Trackpoint>
                    <Trackpoint>
                        <Time>2025-10-19T01:05:09.000Z</Time>
                        <HeartRateBpm>
                            <Value>113</Value>
                        </HeartRateBpm>
                        <SensorState>Present</SensorState>
                    </Trackpoint>
                    <Trackpoint>
                        <Time>2025-10-19T01:05:10.000Z</Time>
                        <HeartRateBpm>
                            <Value>115</Value>
                        </HeartRateBpm>
                        <SensorState>Present</SensorState>
                    </Trackpoint>
                    <Trackpoint>
                        <Time>2025-10-19T01:05:11.000Z</Time>
                        <HeartRateBpm>
                            <Value>117</Value>
                        </HeartRateBpm>
                        <SensorState>Present</SensorState>
                    </Trackpoint>
                    <Trackpoint>
                        <Time>2025-10-19T01:05:12.000Z</Time>
                        <HeartRateBpm>
                            <Value>117</Value>
                        </HeartRateBpm>
                        <SensorState>Present</SensorState>
                    </Trackpoint>
                    <Trackpoint>
                        <Time>2025-10-19T01:05:13.000Z</Time>
                        <HeartRateBpm>
                            <Value>117</Value>
                        </HeartRateBpm>
                        <SensorState>Present</SensorState>
                    </Trackpoint>
                    <Trackpoint>
                        <Time>2025-10-19T01:05:14.000Z</Time>
                        <HeartRateBpm>
                            <Value>117</Value>
                        </HeartRateBpm>
                        <SensorState>Present</SensorState>
                    </Trackpoint>
                    <Trackpoint>
                        <Time>2025-10-19T01:05:15.000Z</Time>
                        <HeartRateBpm>
                            <Value>116</Value>
                        </HeartRateBpm>
                        <SensorState>Present</SensorState>
                    </Trackpoint>
                    <Trackpoint>
                        <Time>2025-10-19T01:05:16.000Z</Time>
                        <HeartRateBpm>
                            <Value>116</Value>
                        </HeartRateBpm>
                        <SensorState>Present</SensorState>
                    </Trackpoint>
                    <Trackpoint>
                        <Time>2025-10-19T01:05:17.000Z</Time>
                        <HeartRateBpm>
                            <Value>116</Value>
                        </HeartRateBpm>
                        <SensorState>Present</SensorState>
                    </Trackpoint>
                    <Trackpoint>
                        <Time>2025-10-19T01:05:18.000Z</Time>
                        <HeartRateBpm>
                            <Value>116</Value>
                        </HeartRateBpm>
                        <SensorState>Present</SensorState>
                    </Trackpoint>
                    <Trackpoint>
                        <Time>2025-10-19T01:05:19.000Z</Time>
                        <HeartRateBpm>
                            <Value>115</Value>
                        </HeartRateBpm>
                        <SensorState>Present</SensorState>
                    </Trackpoint>
                    <Trackpoint>
                        <Time>2025-10-19T01:05:20.000Z</Time>
                        <HeartRateBpm>
                            <Value>115</Value>
                        </HeartRateBpm>
                        <SensorState>Present</SensorState>
                    </Trackpoint>
                    <Trackpoint>
                        <Time>2025-10-19T01:05:21.000Z</Time>
                        <HeartRateBpm>
                            <Value>114</Value>
                        </HeartRateBpm>
                        <SensorState>Present</SensorState>
                    </Trackpoint>
                    <Trackpoint>
                        <Time>2025-10-19T01:05:22.000Z</Time>
                        <HeartRateBpm>
                            <Value>113</Value>
                        </HeartRateBpm>
                        <SensorState>Present</SensorState>
                    </Trackpoint>
                    <Trackpoint>
                        <Time>2025-10-19T01:05:23.000Z</Time>
                        <HeartRateBpm>
                            <Value>112</Value>
                        </HeartRateBpm>
                        <SensorState>Present</SensorState>
                    </Trackpoint>
                    <Trackpoint>
                        <Time>2025-10-19T01:05:24.000Z</Time>
                        <HeartRateBpm>
                            <Value>111</Value>
                        </HeartRateBpm>
                        <SensorState>Present</SensorState>
                    </Trackpoint>
                    <Trackpoint>
                        <Time>2025-10-19T01:05:25.000Z</Time>
                        <HeartRateBpm>
                            <Value>111</Value>
                        </HeartRateBpm>
                        <SensorState>Present</SensorState>
                    </Trackpoint>
                    <Trackpoint>
                        <Time>2025-10-19T01:05:26.000Z</Time>
                        <HeartRateBpm>
                            <Value>111</Value>
                        </HeartRateBpm>
                        <SensorState>Present</SensorState>
                    </Trackpoint>
                    <Trackpoint>
                        <Time>2025-10-19T01:05:27.000Z</Time>
                        <HeartRateBpm>
                            <Value>112</Value>
                        </HeartRateBpm>
                        <SensorState>Present</SensorState>
                    </Trackpoint>
                    <Trackpoint>
                        <Time>2025-10-19T01:05:28.000Z</Time>
                        <HeartRateBpm>
                            <Value>113</Value>
                        </HeartRateBpm>
                        <SensorState>Present</SensorState>
                    </Trackpoint>
                    <Trackpoint>
                        <Time>2025-10-19T01:05:29.000Z</Time>
                        <HeartRateBpm>
                            <Value>114</Value>
                        </HeartRateBpm>
                        <SensorState>Present</SensorState>
                    </Trackpoint>
                    <Trackpoint>
                        <Time>2025-10-19T01:05:30.000Z</Time>
                        <HeartRateBpm>
                            <Value>114</Value>
                        </HeartRateBpm>
                        <SensorState>Present</SensorState>
                    </Trackpoint>
                    <Trackpoint>
                        <Time>2025-10-19T01:05:31.000Z</Time>
                        <HeartRateBpm>
                            <Value>113</Value>
                        </HeartRateBpm>
                        <SensorState>Present</SensorState>
                    </Trackpoint>
                    <Trackpoint>
                        <Time>2025-10-19T01:05:32.000Z</Time>
                        <HeartRateBpm>
                            <Value>113</Value>
                        </HeartRateBpm>
                        <SensorState>Present</SensorState>
                    </Trackpoint>
                    <Trackpoint>
                        <Time>2025-10-19T01:05:33.000Z</Time>
                        <HeartRateBpm>
                            <Value>112</Value>
                        </HeartRateBpm>
                        <SensorState>Present</SensorState>
                    </Trackpoint>
                    <Trackpoint>
                        <Time>2025-10-19T01:05:34.000Z</Time>
                        <HeartRateBpm>
                            <Value>112</Value>
                        </HeartRateBpm>
                        <SensorState>Present</SensorState>
                    </Trackpoint>
                    <Trackpoint>
                        <Time>2025-10-19T01:05:35.000Z</Time>
                        <HeartRateBpm>
                            <Value>113</Value>
                        </HeartRateBpm>
                        <SensorState>Present</SensorState>
                    </Trackpoint>
                    <Trackpoint>
                        <Time>2025-10-19T01:05:36.000Z</Time>
                        <HeartRateBpm>
                            <Value>113</Value>
                        </HeartRateBpm>
                        <SensorState>Present</SensorState>
                    </Trackpoint>
                    <Trackpoint>
                        <Time>2025-10-19T01:05:37.000Z</Time>
                        <HeartRateBpm>
                            <Value>114</Value>
                        </HeartRateBpm>
                        <SensorState>Present</SensorState>
                    </Trackpoint>
                    <Trackpoint>
                        <Time>2025-10-19T01:05:38.000Z</Time>
                        <HeartRateBpm>
                            <Value>113</Value>
                        </HeartRateBpm>
                        <SensorState>Present</SensorState>
                    </Trackpoint>
                    <Trackpoint>
                        <Time>2025-10-19T01:05:39.000Z</Time>
                        <HeartRateBpm>
                            <Value>112</Value>
                        </HeartRateBpm>
                        <SensorState>Present</SensorState>
                    </Trackpoint>
                    <Trackpoint>
                        <Time>2025-10-19T01:05:40.000Z</Time>
                        <HeartRateBpm>
                            <Value>112</Value>
                        </HeartRateBpm>
                        <SensorState>Present</SensorState>
                    </Trackpoint>
                    <Trackpoint>
                        <Time>2025-10-19T01:05:41.000Z</Time>
                        <HeartRateBpm>
                            <Value>111</Value>
                        </HeartRateBpm>
                        <SensorState>Present</SensorState>
                    </Trackpoint>
                    <Trackpoint>
                        <Time>2025-10-19T01:05:42.000Z</Time>
                        <HeartRateBpm>
                            <Value>111</Value>
                        </HeartRateBpm>
                        <SensorState>Present</SensorState>
                    </Trackpoint>
                    <Trackpoint>
                        <Time>2025-10-19T01:05:43.000Z</Time>
                        <HeartRateBpm>
                            <Value>111</Value>
                        </HeartRateBpm>
                        <SensorState>Present</SensorState>
                    </Trackpoint>
                    <Trackpoint>
                        <Time>2025-10-19T01:05:44.000Z</Time>
                        <HeartRateBpm>
                            <Value>111</Value>
                        </HeartRateBpm>
                        <SensorState>Present</SensorState>
                    </Trackpoint>
                    <Trackpoint>
                        <Time>2025-10-19T01:05:45.000Z</Time>
                        <HeartRateBpm>
                            <Value>110</Value>
                        </HeartRateBpm>
                        <SensorState>Present</SensorState>
                    </Trackpoint>
                    <Trackpoint>
                        <Time>2025-10-19T01:05:46.000Z</Time>
                        <HeartRateBpm>
                            <Value>109</Value>
                        </HeartRateBpm>
                        <SensorState>Present</SensorState>
                    </Trackpoint>
                    <Trackpoint>
                        <Time>2025-10-19T01:05:47.000Z</Time>
                        <HeartRateBpm>
                            <Value>109</Value>
                        </HeartRateBpm>
                        <SensorState>Present</SensorState>
                    </Trackpoint>
                    <Trackpoint>
                        <Time>2025-10-19T01:05:48.000Z</Time>
                        <HeartRateBpm>
                            <Value>109</Value>
                        </HeartRateBpm>
                        <SensorState>Present</SensorState>
                    </Trackpoint>
                    <Trackpoint>
                        <Time>2025-10-19T01:05:49.000Z</Time>
                        <HeartRateBpm>
                            <Value>109</Value>
                        </HeartRateBpm>
                        <SensorState>Present</SensorState>
                    </Trackpoint>
                    <Trackpoint>
                        <Time>2025-10-19T01:05:50.000Z</Time>
                        <HeartRateBpm>
                            <Value>110</Value>
                        </HeartRateBpm>
                        <SensorState>Present</SensorState>
                    </Trackpoint>
                    <Trackpoint>
                        <Time>2025-10-19T01:05:51.000Z</Time>
                        <HeartRateBpm>
                            <Value>110</Value>
                        </HeartRateBpm>
                        <SensorState>Present</SensorState>
                    </Trackpoint>
                    <Trackpoint>
                        <Time>2025-10-19T01:05:52.000Z</Time>
                        <HeartRateBpm>
                            <Value>110</Value>
                        </HeartRateBpm>
                        <SensorState>Present</SensorState>
                    </Trackpoint>
                    <Trackpoint>
                        <Time>2025-10-19T01:05:53.000Z</Time>
                        <HeartRateBpm>
                            <Value>109</Value>
                        </HeartRateBpm>
                        <SensorState>Present</SensorState>
                    </Trackpoint>
                    <Trackpoint>
                        <Time>2025-10-19T01:05:54.000Z</Time>
                        <HeartRateBpm>
                            <Value>109</Value>
                        </HeartRateBpm>
                        <SensorState>Present</SensorState>
                    </Trackpoint>
                    <Trackpoint>
                        <Time>2025-10-19T01:05:55.000Z</Time>
                        <HeartRateBpm>
                            <Value>108</Value>
                        </HeartRateBpm>
                        <SensorState>Present</SensorState>
                    </Trackpoint>
                    <Trackpoint>
                        <Time>2025-10-19T01:05:56.000Z</Time>
                        <HeartRateBpm>
                            <Value>108</Value>
                        </HeartRateBpm>
                        <SensorState>Present</SensorState>
                    </Trackpoint>
                    <Trackpoint>
                        <Time>2025-10-19T01:05:57.000Z</Time>
                        <HeartRateBpm>
                            <Value>108</Value>
                        </HeartRateBpm>
                        <SensorState>Present</SensorState>
                    </Trackpoint>
                    <Trackpoint>
                        <Time>2025-10-19T01:05:58.000Z</Time>
                        <HeartRateBpm>
                            <Value>109</Value>
                        </HeartRateBpm>
                        <SensorState>Present</SensorState>
                    </Trackpoint>
                    <Trackpoint>
                        <Time>2025-10-19T01:05:59.000Z</Time>
                        <HeartRateBpm>
                            <Value>109</Value>
                        </HeartRateBpm>
                        <SensorState>Present</SensorState>
                    </Trackpoint>
                    <Trackpoint>
                        <Time>2025-10-19T01:06:00.000Z</Time>
                        <HeartRateBpm>
                            <Value>109</Value>
                        </HeartRateBpm>
                        <SensorState>Present</SensorState>
                    </Trackpoint>
                    <Trackpoint>
                        <Time>2025-10-19T01:06:01.000Z</Time>
                        <HeartRateBpm>
                            <Value>109</Value>
                        </HeartRateBpm>
                        <SensorState>Present</SensorState>
                    </Trackpoint>
                    <Trackpoint>
                        <Time>2025-10-19T01:06:02.000Z</Time>
                        <HeartRateBpm>
                            <Value>109</Value>
                        </HeartRateBpm>
                        <SensorState>Present</SensorState>
                    </Trackpoint>
                    <Trackpoint>
                        <Time>2025-10-19T01:06:03.000Z</Time>
                        <HeartRateBpm>
                            <Value>109</Value>
                        </HeartRateBpm>
                        <SensorState>Present</SensorState>
                    </Trackpoint>
                    <Trackpoint>
                        <Time>2025-10-19T01:06:04.000Z</Time>
                        <HeartRateBpm>
                            <Value>110</Value>
                        </HeartRateBpm>
                        <SensorState>Present</SensorState>
                    </Trackpoint>
                    <Trackpoint>
                        <Time>2025-10-19T01:06:05.000Z</Time>
                        <HeartRateBpm>
                            <Value>111</Value>
                        </HeartRateBpm>
                        <SensorState>Present</SensorState>
                    </Trackpoint>
                    <Trackpoint>
                        <Time>2025-10-19T01:06:06.000Z</Time>
                        <HeartRateBpm>
                            <Value>112</Value>
                        </HeartRateBpm>
                        <SensorState>Present</SensorState>
                    </Trackpoint>
                    <Trackpoint>
                        <Time>2025-10-19T01:06:07.000Z</Time>
                        <HeartRateBpm>
                            <Value>112</Value>
                        </HeartRateBpm>
                        <SensorState>Present</SensorState>
                    </Trackpoint>
                    <Trackpoint>
                        <Time>2025-10-19T01:06:08.000Z</Time>
                        <HeartRateBpm>
                            <Value>111</Value>
                        </HeartRateBpm>
                        <SensorState>Present</SensorState>
                    </Trackpoint>
                    <Trackpoint>
                        <Time>2025-10-19T01:06:09.000Z</Time>
                        <HeartRateBpm>
                            <Value>110</Value>
                        </HeartRateBpm>
                        <SensorState>Present</SensorState>
                    </Trackpoint>
                    <Trackpoint>
                        <Time>2025-10-19T01:06:10.000Z</Time>
                        <HeartRateBpm>
                            <Value>109</Value>
                        </HeartRateBpm>
                        <SensorState>Present</SensorState>
                    </Trackpoint>
                    <Trackpoint>
                        <Time>2025-10-19T01:06:11.000Z</Time>
                        <HeartRateBpm>
                            <Value>108</Value>
                        </HeartRateBpm>
                        <SensorState>Present</SensorState>
                    </Trackpoint>
                    <Trackpoint>
                        <Time>2025-10-19T01:06:12.000Z</Time>
                        <HeartRateBpm>
                            <Value>108</Value>
                        </HeartRateBpm>
                        <SensorState>Present</SensorState>
                    </Trackpoint>
                    <Trackpoint>
                        <Time>2025-10-19T01:06:13.000Z</Time>
                        <HeartRateBpm>
                            <Value>108</Value>
                        </HeartRateBpm>
                        <SensorState>Present</SensorState>
                    </Trackpoint>
                    <Trackpoint>
                        <Time>2025-10-19T01:06:14.000Z</Time>
                        <HeartRateBpm>
                            <Value>109</Value>
                        </HeartRateBpm>
                        <SensorState>Present</SensorState>
                    </Trackpoint>
                    <Trackpoint>
                        <Time>2025-10-19T01:06:15.000Z</Time>
                        <HeartRateBpm>
                            <Value>110</Value>
                        </HeartRateBpm>
                        <SensorState>Present</SensorState>
                    </Trackpoint>
                    <Trackpoint>
                        <Time>2025-10-19T01:06:16.000Z</Time>
                        <HeartRateBpm>
                            <Value>110</Value>
                        </HeartRateBpm>
                        <SensorState>Present</SensorState>
                    </Trackpoint>
                    <Trackpoint>
                        <Time>2025-10-19T01:06:17.000Z</Time>
                        <HeartRateBpm>
                            <Value>110</Value>
                        </HeartRateBpm>
                        <SensorState>Present</SensorState>
                    </Trackpoint>
                    <Trackpoint>
                        <Time>2025-10-19T01:06:18.000Z</Time>
                        <HeartRateBpm>
                            <Value>108</Value>
                        </HeartRateBpm>
                        <SensorState>Present</SensorState>
                    </Trackpoint>
                    <Trackpoint>
                        <Time>2025-10-19T01:06:19.000Z</Time>
                        <HeartRateBpm>
                            <Value>107</Value>
                        </HeartRateBpm>
                        <SensorState>Present</SensorState>
                    </Trackpoint>
                    <Trackpoint>
                        <Time>2025-10-19T01:06:20.000Z</Time>
                        <HeartRateBpm>
                            <Value>106</Value>
                        </HeartRateBpm>
                        <SensorState>Present</SensorState>
                    </Trackpoint>
                    <Trackpoint>
                        <Time>2025-10-19T01:06:21.000Z</Time>
                        <HeartRateBpm>
                            <Value>105</Value>
                        </HeartRateBpm>
                        <SensorState>Present</SensorState>
                    </Trackpoint>
                    <Trackpoint>
                        <Time>2025-10-19T01:06:22.000Z</Time>
                        <HeartRateBpm>
                            <Value>104</Value>
                        </HeartRateBpm>
                        <SensorState>Present</SensorState>
                    </Trackpoint>
                    <Trackpoint>
                        <Time>2025-10-19T01:06:23.000Z</Time>
                        <HeartRateBpm>
                            <Value>104</Value>
                        </HeartRateBpm>
                        <SensorState>Present</SensorState>
                    </Trackpoint>
                    <Trackpoint>
                        <Time>2025-10-19T01:06:24.000Z</Time>
                        <HeartRateBpm>
                            <Value>104</Value>
                        </HeartRateBpm>
                        <SensorState>Present</SensorState>
                    </Trackpoint>
                    <Trackpoint>
                        <Time>2025-10-19T01:06:25.000Z</Time>
                        <HeartRateBpm>
                            <Value>105</Value>
                        </HeartRateBpm>
                        <SensorState>Present</SensorState>
                    </Trackpoint>
                    <Trackpoint>
                        <Time>2025-10-19T01:06:26.000Z</Time>
                        <HeartRateBpm>
                            <Value>107</Value>
                        </HeartRateBpm>
                        <SensorState>Present</SensorState>
                    </Trackpoint>
                    <Trackpoint>
                        <Time>2025-10-19T01:06:27.000Z</Time>
                        <HeartRateBpm>
                            <Value>108</Value>
                        </HeartRateBpm>
                        <SensorState>Present</SensorState>
                    </Trackpoint>
                    <Trackpoint>
                        <Time>2025-10-19T01:06:28.000Z</Time>
                        <HeartRateBpm>
                            <Value>108</Value>
                        </HeartRateBpm>
                        <SensorState>Present</SensorState>
                    </Trackpoint>
                    <Trackpoint>
                        <Time>2025-10-19T01:06:29.000Z</Time>
                        <HeartRateBpm>
                            <Value>107</Value>
                        </HeartRateBpm>
                        <SensorState>Present</SensorState>
                    </Trackpoint>
                    <Trackpoint>
                        <Time>2025-10-19T01:06:30.000Z</Time>
                        <HeartRateBpm>
                            <Value>106</Value>
                        </HeartRateBpm>
                        <SensorState>Present</SensorState>
                    </Trackpoint>
                    <Trackpoint>
                        <Time>2025-10-19T01:06:31.000Z</Time>
                        <HeartRateBpm>
                            <Value>106</Value>
                        </HeartRateBpm>
                        <SensorState>Present</SensorState>
                    </Trackpoint>
                    <Trackpoint>
                        <Time>2025-10-19T01:06:32.000Z</Time>
                        <HeartRateBpm>
                            <Value>106</Value>
                        </HeartRateBpm>
                        <SensorState>Present</SensorState>
                    </Trackpoint>
                    <Trackpoint>
                        <Time>2025-10-19T01:06:33.000Z</Time>
                        <HeartRateBpm>
                            <Value>105</Value>
                        </HeartRateBpm>
                        <SensorState>Present</SensorState>
                    </Trackpoint>
                    <Trackpoint>
                        <Time>2025-10-19T01:06:34.000Z</Time>
                        <HeartRateBpm>
                            <Value>105</Value>
                        </HeartRateBpm>
                        <SensorState>Present</SensorState>
                    </Trackpoint>
                    <Trackpoint>
                        <Time>2025-10-19T01:06:35.000Z</Time>
                        <HeartRateBpm>
                            <Value>105</Value>
                        </HeartRateBpm>
                        <SensorState>Present</SensorState>
                    </Trackpoint>
                    <Trackpoint>
                        <Time>2025-10-19T01:06:36.000Z</Time>
                        <HeartRateBpm>
                            <Value>105</Value>
                        </HeartRateBpm>
                        <SensorState>Present</SensorState>
                    </Trackpoint>
                    <Trackpoint>
                        <Time>2025-10-19T01:06:37.000Z</Time>
                        <HeartRateBpm>
                            <Value>105</Value>
                        </HeartRateBpm>
                        <SensorState>Present</SensorState>
                    </Trackpoint>
                    <Trackpoint>
                        <Time>2025-10-19T01:06:38.000Z</Time>
                        <HeartRateBpm>
                            <Value>105</Value>
                        </HeartRateBpm>
                        <SensorState>Present</SensorState>
                    </Trackpoint>
                    <Trackpoint>
                        <Time>2025-10-19T01:06:39.000Z</Time>
                        <HeartRateBpm>
                            <Value>106</Value>
                        </HeartRateBpm>
                        <SensorState>Present</SensorState>
                    </Trackpoint>
                    <Trackpoint>
                        <Time>2025-10-19T01:06:40.000Z</Time>
                        <HeartRateBpm>
                            <Value>106</Value>
                        </HeartRateBpm>
                        <SensorState>Present</SensorState>
                    </Trackpoint>
                    <Trackpoint>
                        <Time>2025-10-19T01:06:41.000Z</Time>
                        <HeartRateBpm>
                            <Value>106</Value>
                        </HeartRateBpm>
                        <SensorState>Present</SensorState>
                    </Trackpoint>
                    <Trackpoint>
                        <Time>2025-10-19T01:06:42.000Z</Time>
                        <HeartRateBpm>
                            <Value>106</Value>
                        </HeartRateBpm>
                        <SensorState>Present</SensorState>
                    </Trackpoint>
                    <Trackpoint>
                        <Time>2025-10-19T01:06:43.000Z</Time>
                        <HeartRateBpm>
                            <Value>106</Value>
                        </HeartRateBpm>
                        <SensorState>Present</SensorState>
                    </Trackpoint>
                    <Trackpoint>
                        <Time>2025-10-19T01:06:44.000Z</Time>
                        <HeartRateBpm>
                            <Value>105</Value>
                        </HeartRateBpm>
                        <SensorState>Present</SensorState>
                    </Trackpoint>
                    <Trackpoint>
                        <Time>2025-10-19T01:06:45.000Z</Time>
                        <HeartRateBpm>
                            <Value>105</Value>
                        </HeartRateBpm>
                        <SensorState>Present</SensorState>
                    </Trackpoint>
                    <Trackpoint>
                        <Time>2025-10-19T01:06:46.000Z</Time>
                        <HeartRateBpm>
                            <Value>105</Value>
                        </HeartRateBpm>
                        <SensorState>Present</SensorState>
                    </Trackpoint>
                    <Trackpoint>
                        <Time>2025-10-19T01:06:47.000Z</Time>
                        <HeartRateBpm>
                            <Value>107</Value>
                        </HeartRateBpm>
                        <SensorState>Present</SensorState>
                    </Trackpoint>
                    <Trackpoint>
                        <Time>2025-10-19T01:06:48.000Z</Time>
                        <HeartRateBpm>
                            <Value>109</Value>
                        </HeartRateBpm>
                        <SensorState>Present</SensorState>
                    </Trackpoint>
                    <Trackpoint>
                        <Time>2025-10-19T01:06:49.000Z</Time>
                        <HeartRateBpm>
                            <Value>110</Value>
                        </HeartRateBpm>
                        <SensorState>Present</SensorState>
                    </Trackpoint>
                    <Trackpoint>
                        <Time>2025-10-19T01:06:50.000Z</Time>
                        <HeartRateBpm>
                            <Value>111</Value>
                        </HeartRateBpm>
                        <SensorState>Present</SensorState>
                    </Trackpoint>
                    <Trackpoint>
                        <Time>2025-10-19T01:06:51.000Z</Time>
                        <HeartRateBpm>
                            <Value>111</Value>
                        </HeartRateBpm>
                        <SensorState>Present</SensorState>
                    </Trackpoint>
                    <Trackpoint>
                        <Time>2025-10-19T01:06:52.000Z</Time>
                        <HeartRateBpm>
                            <Value>111</Value>
                        </HeartRateBpm>
                        <SensorState>Present</SensorState>
                    </Trackpoint>
                    <Trackpoint>
                        <Time>2025-10-19T01:06:53.000Z</Time>
                        <HeartRateBpm>
                            <Value>108</Value>
                        </HeartRateBpm>
                        <SensorState>Present</SensorState>
                    </Trackpoint>
                    <Trackpoint>
                        <Time>2025-10-19T01:06:54.000Z</Time>
                        <HeartRateBpm>
                            <Value>106</Value>
                        </HeartRateBpm>
                        <SensorState>Present</SensorState>
                    </Trackpoint>
                    <Trackpoint>
                        <Time>2025-10-19T01:06:55.000Z</Time>
                        <HeartRateBpm>
                            <Value>104</Value>
                        </HeartRateBpm>
                        <SensorState>Present</SensorState>
                    </Trackpoint>
                    <Trackpoint>
                        <Time>2025-10-19T01:06:56.000Z</Time>
                        <HeartRateBpm>
                            <Value>103</Value>
                        </HeartRateBpm>
                        <SensorState>Present</SensorState>
                    </Trackpoint>
                    <Trackpoint>
                        <Time>2025-10-19T01:06:57.000Z</Time>
                        <HeartRateBpm>
                            <Value>103</Value>
                        </HeartRateBpm>
                        <SensorState>Present</SensorState>
                    </Trackpoint>
                    <Trackpoint>
                        <Time>2025-10-19T01:06:58.000Z</Time>
                        <HeartRateBpm>
                            <Value>103</Value>
                        </HeartRateBpm>
                        <SensorState>Present</SensorState>
                    </Trackpoint>
                    <Trackpoint>
                        <Time>2025-10-19T01:06:59.000Z</Time>
                        <HeartRateBpm>
                            <Value>105</Value>
                        </HeartRateBpm>
                        <SensorState>Present</SensorState>
                    </Trackpoint>
                    <Trackpoint>
                        <Time>2025-10-19T01:07:00.000Z</Time>
                        <HeartRateBpm>
                            <Value>108</Value>
                        </HeartRateBpm>
                        <SensorState>Present</SensorState>
                    </Trackpoint>
                    <Trackpoint>
                        <Time>2025-10-19T01:07:01.000Z</Time>
                        <HeartRateBpm>
                            <Value>109</Value>
                        </HeartRateBpm>
                        <SensorState>Present</SensorState>
                    </Trackpoint>
                    <Trackpoint>
                        <Time>2025-10-19T01:07:02.000Z</Time>
                        <HeartRateBpm>
                            <Value>110</Value>
                        </HeartRateBpm>
                        <SensorState>Present</SensorState>
                    </Trackpoint>
                    <Trackpoint>
                        <Time>2025-10-19T01:07:03.000Z</Time>
                        <HeartRateBpm>
                            <Value>110</Value>
                        </HeartRateBpm>
                        <SensorState>Present</SensorState>
                    </Trackpoint>
                    <Trackpoint>
                        <Time>2025-10-19T01:07:04.000Z</Time>
                        <HeartRateBpm>
                            <Value>111</Value>
                        </HeartRateBpm>
                        <SensorState>Present</SensorState>
                    </Trackpoint>
                    <Trackpoint>
                        <Time>2025-10-19T01:07:05.000Z</Time>
                        <HeartRateBpm>
                            <Value>112</Value>
                        </HeartRateBpm>
                        <SensorState>Present</SensorState>
                    </Trackpoint>
                    <Trackpoint>
                        <Time>2025-10-19T01:07:06.000Z</Time>
                        <HeartRateBpm>
                            <Value>112</Value>
                        </HeartRateBpm>
                        <SensorState>Present</SensorState>
                    </Trackpoint>
                    <Trackpoint>
                        <Time>2025-10-19T01:07:07.000Z</Time>
                        <HeartRateBpm>
                            <Value>111</Value>
                        </HeartRateBpm>
                        <SensorState>Present</SensorState>
                    </Trackpoint>
                    <Trackpoint>
                        <Time>2025-10-19T01:07:08.000Z</Time>
                        <HeartRateBpm>
                            <Value>108</Value>
                        </HeartRateBpm>
                        <SensorState>Present</SensorState>
                    </Trackpoint>
                    <Trackpoint>
                        <Time>2025-10-19T01:07:09.000Z</Time>
                        <HeartRateBpm>
                            <Value>107</Value>
                        </HeartRateBpm>
                        <SensorState>Present</SensorState>
                    </Trackpoint>
                    <Trackpoint>
                        <Time>2025-10-19T01:07:10.000Z</Time>
                        <HeartRateBpm>
                            <Value>106</Value>
                        </HeartRateBpm>
                        <SensorState>Present</SensorState>
                    </Trackpoint>
                    <Trackpoint>
                        <Time>2025-10-19T01:07:11.000Z</Time>
                        <HeartRateBpm>
                            <Value>106</Value>
                        </HeartRateBpm>
                        <SensorState>Present</SensorState>
                    </Trackpoint>
                    <Trackpoint>
                        <Time>2025-10-19T01:07:12.000Z</Time>
                        <HeartRateBpm>
                            <Value>108</Value>
                        </HeartRateBpm>
                        <SensorState>Present</SensorState>
                    </Trackpoint>
                    <Trackpoint>
                        <Time>2025-10-19T01:07:13.000Z</Time>
                        <HeartRateBpm>
                            <Value>110</Value>
                        </HeartRateBpm>
                        <SensorState>Present</SensorState>
                    </Trackpoint>
                    <Trackpoint>
                        <Time>2025-10-19T01:07:14.000Z</Time>
                        <HeartRateBpm>
                            <Value>111</Value>
                        </HeartRateBpm>
                        <SensorState>Present</SensorState>
                    </Trackpoint>
                    <Trackpoint>
                        <Time>2025-10-19T01:07:15.000Z</Time>
                        <HeartRateBpm>
                            <Value>111</Value>
                        </HeartRateBpm>
                        <SensorState>Present</SensorState>
                    </Trackpoint>
                    <Trackpoint>
                        <Time>2025-10-19T01:07:16.000Z</Time>
                        <HeartRateBpm>
                            <Value>111</Value>
                        </HeartRateBpm>
                        <SensorState>Present</SensorState>
                    </Trackpoint>
                    <Trackpoint>
                        <Time>2025-10-19T01:07:17.000Z</Time>
                        <HeartRateBpm>
                            <Value>110</Value>
                        </HeartRateBpm>
                        <SensorState>Present</SensorState>
                    </Trackpoint>
                    <Trackpoint>
                        <Time>2025-10-19T01:07:18.000Z</Time>
                        <HeartRateBpm>
                            <Value>110</Value>
                        </HeartRateBpm>
                        <SensorState>Present</SensorState>
                    </Trackpoint>
                    <Trackpoint>
                        <Time>2025-10-19T01:07:19.000Z</Time>
                        <HeartRateBpm>
                            <Value>109</Value>
                        </HeartRateBpm>
                        <SensorState>Present</SensorState>
                    </Trackpoint>
                    <Trackpoint>
                        <Time>2025-10-19T01:07:20.000Z</Time>
                        <HeartRateBpm>
                            <Value>108</Value>
                        </HeartRateBpm>
                        <SensorState>Present</SensorState>
                    </Trackpoint>
                    <Trackpoint>
                        <Time>2025-10-19T01:07:21.000Z</Time>
                        <HeartRateBpm>
                            <Value>108</Value>
                        </HeartRateBpm>
                        <SensorState>Present</SensorState>
                    </Trackpoint>
                    <Trackpoint>
                        <Time>2025-10-19T01:07:22.000Z</Time>
                        <HeartRateBpm>
                            <Value>108</Value>
                        </HeartRateBpm>
                        <SensorState>Present</SensorState>
                    </Trackpoint>
                    <Trackpoint>
                        <Time>2025-10-19T01:07:23.000Z</Time>
                        <HeartRateBpm>
                            <Value>109</Value>
                        </HeartRateBpm>
                        <SensorState>Present</SensorState>
                    </Trackpoint>
                    <Trackpoint>
                        <Time>2025-10-19T01:07:24.000Z</Time>
                        <HeartRateBpm>
                            <Value>109</Value>
                        </HeartRateBpm>
                        <SensorState>Present</SensorState>
                    </Trackpoint>
                    <Trackpoint>
                        <Time>2025-10-19T01:07:25.000Z</Time>
                        <HeartRateBpm>
                            <Value>110</Value>
                        </HeartRateBpm>
                        <SensorState>Present</SensorState>
                    </Trackpoint>
                    <Trackpoint>
                        <Time>2025-10-19T01:07:26.000Z</Time>
                        <HeartRateBpm>
                            <Value>110</Value>
                        </HeartRateBpm>
                        <SensorState>Present</SensorState>
                    </Trackpoint>
                    <Trackpoint>
                        <Time>2025-10-19T01:07:27.000Z</Time>
                        <HeartRateBpm>
                            <Value>110</Value>
                        </HeartRateBpm>
                        <SensorState>Present</SensorState>
                    </Trackpoint>
                    <Trackpoint>
                        <Time>2025-10-19T01:07:28.000Z</Time>
                        <HeartRateBpm>
                            <Value>110</Value>
                        </HeartRateBpm>
                        <SensorState>Present</SensorState>
                    </Trackpoint>
                    <Trackpoint>
                        <Time>2025-10-19T01:07:29.000Z</Time>
                        <HeartRateBpm>
                            <Value>110</Value>
                        </HeartRateBpm>
                        <SensorState>Present</SensorState>
                    </Trackpoint>
                    <Trackpoint>
                        <Time>2025-10-19T01:07:30.000Z</Time>
                        <HeartRateBpm>
                            <Value>111</Value>
                        </HeartRateBpm>
                        <SensorState>Present</SensorState>
                    </Trackpoint>
                    <Trackpoint>
                        <Time>2025-10-19T01:07:31.000Z</Time>
                        <HeartRateBpm>
                            <Value>112</Value>
                        </HeartRateBpm>
                        <SensorState>Present</SensorState>
                    </Trackpoint>
                    <Trackpoint>
                        <Time>2025-10-19T01:07:32.000Z</Time>
                        <HeartRateBpm>
                            <Value>113</Value>
                        </HeartRateBpm>
                        <SensorState>Present</SensorState>
                    </Trackpoint>
                    <Trackpoint>
                        <Time>2025-10-19T01:07:33.000Z</Time>
                        <HeartRateBpm>
                            <Value>113</Value>
                        </HeartRateBpm>
                        <SensorState>Present</SensorState>
                    </Trackpoint>
                    <Trackpoint>
                        <Time>2025-10-19T01:07:34.000Z</Time>
                        <HeartRateBpm>
                            <Value>113</Value>
                        </HeartRateBpm>
                        <SensorState>Present</SensorState>
                    </Trackpoint>
                    <Trackpoint>
                        <Time>2025-10-19T01:07:35.000Z</Time>
                        <HeartRateBpm>
                            <Value>113</Value>
                        </HeartRateBpm>
                        <SensorState>Present</SensorState>
                    </Trackpoint>
                    <Trackpoint>
                        <Time>2025-10-19T01:07:36.000Z</Time>
                        <HeartRateBpm>
                            <Value>112</Value>
                        </HeartRateBpm>
                        <SensorState>Present</SensorState>
                    </Trackpoint>
                    <Trackpoint>
                        <Time>2025-10-19T01:07:37.000Z</Time>
                        <HeartRateBpm>
                            <Value>112</Value>
                        </HeartRateBpm>
                        <SensorState>Present</SensorState>
                    </Trackpoint>
                    <Trackpoint>
                        <Time>2025-10-19T01:07:38.000Z</Time>
                        <HeartRateBpm>
                            <Value>112</Value>
                        </HeartRateBpm>
                        <SensorState>Present</SensorState>
                    </Trackpoint>
                    <Trackpoint>
                        <Time>2025-10-19T01:07:39.000Z</Time>
                        <HeartRateBpm>
                            <Value>112</Value>
                        </HeartRateBpm>
                        <SensorState>Present</SensorState>
                    </Trackpoint>
                    <Trackpoint>
                        <Time>2025-10-19T01:07:40.000Z</Time>
                        <HeartRateBpm>
                            <Value>112</Value>
                        </HeartRateBpm>
                        <SensorState>Present</SensorState>
                    </Trackpoint>
                    <Trackpoint>
                        <Time>2025-10-19T01:07:41.000Z</Time>
                        <HeartRateBpm>
                            <Value>112</Value>
                        </HeartRateBpm>
                        <SensorState>Present</SensorState>
                    </Trackpoint>
                    <Trackpoint>
                        <Time>2025-10-19T01:07:42.000Z</Time>
                        <HeartRateBpm>
                            <Value>112</Value>
                        </HeartRateBpm>
                        <SensorState>Present</SensorState>
                    </Trackpoint>
                    <Trackpoint>
                        <Time>2025-10-19T01:07:43.000Z</Time>
                        <HeartRateBpm>
                            <Value>111</Value>
                        </HeartRateBpm>
                        <SensorState>Present</SensorState>
                    </Trackpoint>
                    <Trackpoint>
                        <Time>2025-10-19T01:07:44.000Z</Time>
                        <HeartRateBpm>
                            <Value>111</Value>
                        </HeartRateBpm>
                        <SensorState>Present</SensorState>
                    </Trackpoint>
                    <Trackpoint>
                        <Time>2025-10-19T01:07:45.000Z</Time>
                        <HeartRateBpm>
                            <Value>111</Value>
                        </HeartRateBpm>
                        <SensorState>Present</SensorState>
                    </Trackpoint>
                    <Trackpoint>
                        <Time>2025-10-19T01:07:46.000Z</Time>
                        <HeartRateBpm>
                            <Value>110</Value>
                        </HeartRateBpm>
                        <SensorState>Present</SensorState>
                    </Trackpoint>
                    <Trackpoint>
                        <Time>2025-10-19T01:07:47.000Z</Time>
                        <HeartRateBpm>
                            <Value>110</Value>
                        </HeartRateBpm>
                        <SensorState>Present</SensorState>
                    </Trackpoint>
                    <Trackpoint>
                        <Time>2025-10-19T01:07:48.000Z</Time>
                        <HeartRateBpm>
                            <Value>109</Value>
                        </HeartRateBpm>
                        <SensorState>Present</SensorState>
                    </Trackpoint>
                    <Trackpoint>
                        <Time>2025-10-19T01:07:49.000Z</Time>
                        <HeartRateBpm>
                            <Value>109</Value>
                        </HeartRateBpm>
                        <SensorState>Present</SensorState>
                    </Trackpoint>
                    <Trackpoint>
                        <Time>2025-10-19T01:07:50.000Z</Time>
                        <HeartRateBpm>
                            <Value>108</Value>
                        </HeartRateBpm>
                        <SensorState>Present</SensorState>
                    </Trackpoint>
                    <Trackpoint>
                        <Time>2025-10-19T01:07:51.000Z</Time>
                        <HeartRateBpm>
                            <Value>109</Value>
                        </HeartRateBpm>
                        <SensorState>Present</SensorState>
                    </Trackpoint>
                    <Trackpoint>
                        <Time>2025-10-19T01:07:52.000Z</Time>
                        <HeartRateBpm>
                            <Value>109</Value>
                        </HeartRateBpm>
                        <SensorState>Present</SensorState>
                    </Trackpoint>
                    <Trackpoint>
                        <Time>2025-10-19T01:07:53.000Z</Time>
                        <HeartRateBpm>
                            <Value>108</Value>
                        </HeartRateBpm>
                        <SensorState>Present</SensorState>
                    </Trackpoint>
                    <Trackpoint>
                        <Time>2025-10-19T01:07:54.000Z</Time>
                        <HeartRateBpm>
                            <Value>108</Value>
                        </HeartRateBpm>
                        <SensorState>Present</SensorState>
                    </Trackpoint>
                    <Trackpoint>
                        <Time>2025-10-19T01:07:55.000Z</Time>
                        <HeartRateBpm>
                            <Value>108</Value>
                        </HeartRateBpm>
                        <SensorState>Present</SensorState>
                    </Trackpoint>
                    <Trackpoint>
                        <Time>2025-10-19T01:07:56.000Z</Time>
                        <HeartRateBpm>
                            <Value>108</Value>
                        </HeartRateBpm>
                        <SensorState>Present</SensorState>
                    </Trackpoint>
                    <Trackpoint>
                        <Time>2025-10-19T01:07:57.000Z</Time>
                        <HeartRateBpm>
                            <Value>110</Value>
                        </HeartRateBpm>
                        <SensorState>Present</SensorState>
                    </Trackpoint>
                    <Trackpoint>
                        <Time>2025-10-19T01:07:58.000Z</Time>
                        <HeartRateBpm>
                            <Value>112</Value>
                        </HeartRateBpm>
                        <SensorState>Present</SensorState>
                    </Trackpoint>
                    <Trackpoint>
                        <Time>2025-10-19T01:07:59.000Z</Time>
                        <HeartRateBpm>
                            <Value>112</Value>
                        </HeartRateBpm>
                        <SensorState>Present</SensorState>
                    </Trackpoint>
                    <Trackpoint>
                        <Time>2025-10-19T01:08:00.000Z</Time>
                        <HeartRateBpm>
                            <Value>112</Value>
                        </HeartRateBpm>
                        <SensorState>Present</SensorState>
                    </Trackpoint>
                    <Trackpoint>
                        <Time>2025-10-19T01:08:01.000Z</Time>
                        <HeartRateBpm>
                            <Value>112</Value>
                        </HeartRateBpm>
                        <SensorState>Present</SensorState>
                    </Trackpoint>
                    <Trackpoint>
                        <Time>2025-10-19T01:08:02.000Z</Time>
                        <HeartRateBpm>
                            <Value>111</Value>
                        </HeartRateBpm>
                        <SensorState>Present</SensorState>
                    </Trackpoint>
                    <Trackpoint>
                        <Time>2025-10-19T01:08:03.000Z</Time>
                        <HeartRateBpm>
                            <Value>110</Value>
                        </HeartRateBpm>
                        <SensorState>Present</SensorState>
                    </Trackpoint>
                    <Trackpoint>
                        <Time>2025-10-19T01:08:04.000Z</Time>
                        <HeartRateBpm>
                            <Value>108</Value>
                        </HeartRateBpm>
                        <SensorState>Present</SensorState>
                    </Trackpoint>
                    <Trackpoint>
                        <Time>2025-10-19T01:08:05.000Z</Time>
                        <HeartRateBpm>
                            <Value>108</Value>
                        </HeartRateBpm>
                        <SensorState>Present</SensorState>
                    </Trackpoint>
                    <Trackpoint>
                        <Time>2025-10-19T01:08:06.000Z</Time>
                        <HeartRateBpm>
                            <Value>106</Value>
                        </HeartRateBpm>
                        <SensorState>Present</SensorState>
                    </Trackpoint>
                    <Trackpoint>
                        <Time>2025-10-19T01:08:07.000Z</Time>
                        <HeartRateBpm>
                            <Value>105</Value>
                        </HeartRateBpm>
                        <SensorState>Present</SensorState>
                    </Trackpoint>
                    <Trackpoint>
                        <Time>2025-10-19T01:08:08.000Z</Time>
                        <HeartRateBpm>
                            <Value>104</Value>
                        </HeartRateBpm>
                        <SensorState>Present</SensorState>
                    </Trackpoint>
                    <Trackpoint>
                        <Time>2025-10-19T01:08:09.000Z</Time>
                        <HeartRateBpm>
                            <Value>103</Value>
                        </HeartRateBpm>
                        <SensorState>Present</SensorState>
                    </Trackpoint>
                    <Trackpoint>
                        <Time>2025-10-19T01:08:10.000Z</Time>
                        <HeartRateBpm>
                            <Value>103</Value>
                        </HeartRateBpm>
                        <SensorState>Present</SensorState>
                    </Trackpoint>
                    <Trackpoint>
                        <Time>2025-10-19T01:08:11.000Z</Time>
                        <HeartRateBpm>
                            <Value>106</Value>
                        </HeartRateBpm>
                        <SensorState>Present</SensorState>
                    </Trackpoint>
                    <Trackpoint>
                        <Time>2025-10-19T01:08:12.000Z</Time>
                        <HeartRateBpm>
                            <Value>110</Value>
                        </HeartRateBpm>
                        <SensorState>Present</SensorState>
                    </Trackpoint>
                    <Trackpoint>
                        <Time>2025-10-19T01:08:13.000Z</Time>
                        <HeartRateBpm>
                            <Value>112</Value>
                        </HeartRateBpm>
                        <SensorState>Present</SensorState>
                    </Trackpoint>
                    <Trackpoint>
                        <Time>2025-10-19T01:08:14.000Z</Time>
                        <HeartRateBpm>
                            <Value>113</Value>
                        </HeartRateBpm>
                        <SensorState>Present</SensorState>
                    </Trackpoint>
                    <Trackpoint>
                        <Time>2025-10-19T01:08:15.000Z</Time>
                        <HeartRateBpm>
                            <Value>113</Value>
                        </HeartRateBpm>
                        <SensorState>Present</SensorState>
                    </Trackpoint>
                    <Trackpoint>
                        <Time>2025-10-19T01:08:16.000Z</Time>
                        <HeartRateBpm>
                            <Value>113</Value>
                        </HeartRateBpm>
                        <SensorState>Present</SensorState>
                    </Trackpoint>
                    <Trackpoint>
                        <Time>2025-10-19T01:08:17.000Z</Time>
                        <HeartRateBpm>
                            <Value>112</Value>
                        </HeartRateBpm>
                        <SensorState>Present</SensorState>
                    </Trackpoint>
                    <Trackpoint>
                        <Time>2025-10-19T01:08:18.000Z</Time>
                        <HeartRateBpm>
                            <Value>111</Value>
                        </HeartRateBpm>
                        <SensorState>Present</SensorState>
                    </Trackpoint>
                    <Trackpoint>
                        <Time>2025-10-19T01:08:19.000Z</Time>
                        <HeartRateBpm>
                            <Value>110</Value>
                        </HeartRateBpm>
                        <SensorState>Present</SensorState>
                    </Trackpoint>
                    <Trackpoint>
                        <Time>2025-10-19T01:08:20.000Z</Time>
                        <HeartRateBpm>
                            <Value>109</Value>
                        </HeartRateBpm>
                        <SensorState>Present</SensorState>
                    </Trackpoint>
                    <Trackpoint>
                        <Time>2025-10-19T01:08:21.000Z</Time>
                        <HeartRateBpm>
                            <Value>107</Value>
                        </HeartRateBpm>
                        <SensorState>Present</SensorState>
                    </Trackpoint>
                    <Trackpoint>
                        <Time>2025-10-19T01:08:22.000Z</Time>
                        <HeartRateBpm>
                            <Value>106</Value>
                        </HeartRateBpm>
                        <SensorState>Present</SensorState>
                    </Trackpoint>
                    <Trackpoint>
                        <Time>2025-10-19T01:08:23.000Z</Time>
                        <HeartRateBpm>
                            <Value>106</Value>
                        </HeartRateBpm>
                        <SensorState>Present</SensorState>
                    </Trackpoint>
                    <Trackpoint>
                        <Time>2025-10-19T01:08:24.000Z</Time>
                        <HeartRateBpm>
                            <Value>106</Value>
                        </HeartRateBpm>
                        <SensorState>Present</SensorState>
                    </Trackpoint>
                    <Trackpoint>
                        <Time>2025-10-19T01:08:25.000Z</Time>
                        <HeartRateBpm>
                            <Value>106</Value>
                        </HeartRateBpm>
                        <SensorState>Present</SensorState>
                    </Trackpoint>
                    <Trackpoint>
                        <Time>2025-10-19T01:08:26.000Z</Time>
                        <HeartRateBpm>
                            <Value>105</Value>
                        </HeartRateBpm>
                        <SensorState>Present</SensorState>
                    </Trackpoint>
                    <Trackpoint>
                        <Time>2025-10-19T01:08:27.000Z</Time>
                        <HeartRateBpm>
                            <Value>105</Value>
                        </HeartRateBpm>
                        <SensorState>Present</SensorState>
                    </Trackpoint>
                    <Trackpoint>
                        <Time>2025-10-19T01:08:28.000Z</Time>
                        <HeartRateBpm>
                            <Value>105</Value>
                        </HeartRateBpm>
                        <SensorState>Present</SensorState>
                    </Trackpoint>
                    <Trackpoint>
                        <Time>2025-10-19T01:08:29.000Z</Time>
                        <HeartRateBpm>
                            <Value>106</Value>
                        </HeartRateBpm>
                        <SensorState>Present</SensorState>
                    </Trackpoint>
                    <Trackpoint>
                        <Time>2025-10-19T01:08:30.000Z</Time>
                        <HeartRateBpm>
                            <Value>107</Value>
                        </HeartRateBpm>
                        <SensorState>Present</SensorState>
                    </Trackpoint>
                    <Trackpoint>
                        <Time>2025-10-19T01:08:31.000Z</Time>
                        <HeartRateBpm>
                            <Value>109</Value>
                        </HeartRateBpm>
                        <SensorState>Present</SensorState>
                    </Trackpoint>
                    <Trackpoint>
                        <Time>2025-10-19T01:08:32.000Z</Time>
                        <HeartRateBpm>
                            <Value>109</Value>
                        </HeartRateBpm>
                        <SensorState>Present</SensorState>
                    </Trackpoint>
                    <Trackpoint>
                        <Time>2025-10-19T01:08:33.000Z</Time>
                        <HeartRateBpm>
                            <Value>108</Value>
                        </HeartRateBpm>
                        <SensorState>Present</SensorState>
                    </Trackpoint>
                    <Trackpoint>
                        <Time>2025-10-19T01:08:34.000Z</Time>
                        <HeartRateBpm>
                            <Value>107</Value>
                        </HeartRateBpm>
                        <SensorState>Present</SensorState>
                    </Trackpoint>
                    <Trackpoint>
                        <Time>2025-10-19T01:08:35.000Z</Time>
                        <HeartRateBpm>
                            <Value>106</Value>
                        </HeartRateBpm>
                        <SensorState>Present</SensorState>
                    </Trackpoint>
                    <Trackpoint>
                        <Time>2025-10-19T01:08:36.000Z</Time>
                        <HeartRateBpm>
                            <Value>105</Value>
                        </HeartRateBpm>
                        <SensorState>Present</SensorState>
                    </Trackpoint>
                    <Trackpoint>
                        <Time>2025-10-19T01:08:37.000Z</Time>
                        <HeartRateBpm>
                            <Value>105</Value>
                        </HeartRateBpm>
                        <SensorState>Present</SensorState>
                    </Trackpoint>
                    <Trackpoint>
                        <Time>2025-10-19T01:08:38.000Z</Time>
                        <HeartRateBpm>
                            <Value>105</Value>
                        </HeartRateBpm>
                        <SensorState>Present</SensorState>
                    </Trackpoint>
                    <Trackpoint>
                        <Time>2025-10-19T01:08:39.000Z</Time>
                        <HeartRateBpm>
                            <Value>105</Value>
                        </HeartRateBpm>
                        <SensorState>Present</SensorState>
                    </Trackpoint>
                    <Trackpoint>
                        <Time>2025-10-19T01:08:40.000Z</Time>
                        <HeartRateBpm>
                            <Value>106</Value>
                        </HeartRateBpm>
                        <SensorState>Present</SensorState>
                    </Trackpoint>
                    <Trackpoint>
                        <Time>2025-10-19T01:08:41.000Z</Time>
                        <HeartRateBpm>
                            <Value>106</Value>
                        </HeartRateBpm>
                        <SensorState>Present</SensorState>
                    </Trackpoint>
                    <Trackpoint>
                        <Time>2025-10-19T01:08:42.000Z</Time>
                        <HeartRateBpm>
                            <Value>106</Value>
                        </HeartRateBpm>
                        <SensorState>Present</SensorState>
                    </Trackpoint>
                    <Trackpoint>
                        <Time>2025-10-19T01:08:43.000Z</Time>
                        <HeartRateBpm>
                            <Value>106</Value>
                        </HeartRateBpm>
                        <SensorState>Present</SensorState>
                    </Trackpoint>
                    <Trackpoint>
                        <Time>2025-10-19T01:08:44.000Z</Time>
                        <HeartRateBpm>
                            <Value>106</Value>
                        </HeartRateBpm>
                        <SensorState>Present</SensorState>
                    </Trackpoint>
                    <Trackpoint>
                        <Time>2025-10-19T01:08:45.000Z</Time>
                        <HeartRateBpm>
                            <Value>107</Value>
                        </HeartRateBpm>
                        <SensorState>Present</SensorState>
                    </Trackpoint>
                    <Trackpoint>
                        <Time>2025-10-19T01:08:46.000Z</Time>
                        <HeartRateBpm>
                            <Value>107</Value>
                        </HeartRateBpm>
                        <SensorState>Present</SensorState>
                    </Trackpoint>
                    <Trackpoint>
                        <Time>2025-10-19T01:08:47.000Z</Time>
                        <HeartRateBpm>
                            <Value>107</Value>
                        </HeartRateBpm>
                        <SensorState>Present</SensorState>
                    </Trackpoint>
                    <Trackpoint>
                        <Time>2025-10-19T01:08:48.000Z</Time>
                        <HeartRateBpm>
                            <Value>107</Value>
                        </HeartRateBpm>
                        <SensorState>Present</SensorState>
                    </Trackpoint>
                    <Trackpoint>
                        <Time>2025-10-19T01:08:49.000Z</Time>
                        <HeartRateBpm>
                            <Value>107</Value>
                        </HeartRateBpm>
                        <SensorState>Present</SensorState>
                    </Trackpoint>
                    <Trackpoint>
                        <Time>2025-10-19T01:08:50.000Z</Time>
                        <HeartRateBpm>
                            <Value>107</Value>
                        </HeartRateBpm>
                        <SensorState>Present</SensorState>
                    </Trackpoint>
                    <Trackpoint>
                        <Time>2025-10-19T01:08:51.000Z</Time>
                        <HeartRateBpm>
                            <Value>106</Value>
                        </HeartRateBpm>
                        <SensorState>Present</SensorState>
                    </Trackpoint>
                    <Trackpoint>
                        <Time>2025-10-19T01:08:52.000Z</Time>
                        <HeartRateBpm>
                            <Value>106</Value>
                        </HeartRateBpm>
                        <SensorState>Present</SensorState>
                    </Trackpoint>
                    <Trackpoint>
                        <Time>2025-10-19T01:08:53.000Z</Time>
                        <HeartRateBpm>
                            <Value>107</Value>
                        </HeartRateBpm>
                        <SensorState>Present</SensorState>
                    </Trackpoint>
                    <Trackpoint>
                        <Time>2025-10-19T01:08:54.000Z</Time>
                        <HeartRateBpm>
                            <Value>107</Value>
                        </HeartRateBpm>
                        <SensorState>Present</SensorState>
                    </Trackpoint>
                    <Trackpoint>
                        <Time>2025-10-19T01:08:55.000Z</Time>
                        <HeartRateBpm>
                            <Value>107</Value>
                        </HeartRateBpm>
                        <SensorState>Present</SensorState>
                    </Trackpoint>
                    <Trackpoint>
                        <Time>2025-10-19T01:08:56.000Z</Time>
                        <HeartRateBpm>
                            <Value>108</Value>
                        </HeartRateBpm>
                        <SensorState>Present</SensorState>
                    </Trackpoint>
                    <Trackpoint>
                        <Time>2025-10-19T01:08:57.000Z</Time>
                        <HeartRateBpm>
                            <Value>109</Value>
                        </HeartRateBpm>
                        <SensorState>Present</SensorState>
                    </Trackpoint>
                    <Trackpoint>
                        <Time>2025-10-19T01:08:58.000Z</Time>
                        <HeartRateBpm>
                            <Value>110</Value>
                        </HeartRateBpm>
                        <SensorState>Present</SensorState>
                    </Trackpoint>
                    <Trackpoint>
                        <Time>2025-10-19T01:08:59.000Z</Time>
                        <HeartRateBpm>
                            <Value>111</Value>
                        </HeartRateBpm>
                        <SensorState>Present</SensorState>
                    </Trackpoint>
                    <Trackpoint>
                        <Time>2025-10-19T01:09:00.000Z</Time>
                        <HeartRateBpm>
                            <Value>111</Value>
                        </HeartRateBpm>
                        <SensorState>Present</SensorState>
                    </Trackpoint>
                    <Trackpoint>
                        <Time>2025-10-19T01:09:01.000Z</Time>
                        <HeartRateBpm>
                            <Value>111</Value>
                        </HeartRateBpm>
                        <SensorState>Present</SensorState>
                    </Trackpoint>
                    <Trackpoint>
                        <Time>2025-10-19T01:09:02.000Z</Time>
                        <HeartRateBpm>
                            <Value>110</Value>
                        </HeartRateBpm>
                        <SensorState>Present</SensorState>
                    </Trackpoint>
                    <Trackpoint>
                        <Time>2025-10-19T01:09:03.000Z</Time>
                        <HeartRateBpm>
                            <Value>110</Value>
                        </HeartRateBpm>
                        <SensorState>Present</SensorState>
                    </Trackpoint>
                    <Trackpoint>
                        <Time>2025-10-19T01:09:04.000Z</Time>
                        <HeartRateBpm>
                            <Value>109</Value>
                        </HeartRateBpm>
                        <SensorState>Present</SensorState>
                    </Trackpoint>
                    <Trackpoint>
                        <Time>2025-10-19T01:09:05.000Z</Time>
                        <HeartRateBpm>
                            <Value>109</Value>
                        </HeartRateBpm>
                        <SensorState>Present</SensorState>
                    </Trackpoint>
                    <Trackpoint>
                        <Time>2025-10-19T01:09:06.000Z</Time>
                        <HeartRateBpm>
                            <Value>110</Value>
                        </HeartRateBpm>
                        <SensorState>Present</SensorState>
                    </Trackpoint>
                    <Trackpoint>
                        <Time>2025-10-19T01:09:07.000Z</Time>
                        <HeartRateBpm>
                            <Value>111</Value>
                        </HeartRateBpm>
                        <SensorState>Present</SensorState>
                    </Trackpoint>
                    <Trackpoint>
                        <Time>2025-10-19T01:09:08.000Z</Time>
                        <HeartRateBpm>
                            <Value>111</Value>
                        </HeartRateBpm>
                        <SensorState>Present</SensorState>
                    </Trackpoint>
                    <Trackpoint>
                        <Time>2025-10-19T01:09:09.000Z</Time>
                        <HeartRateBpm>
                            <Value>112</Value>
                        </HeartRateBpm>
                        <SensorState>Present</SensorState>
                    </Trackpoint>
                    <Trackpoint>
                        <Time>2025-10-19T01:09:10.000Z</Time>
                        <HeartRateBpm>
                            <Value>111</Value>
                        </HeartRateBpm>
                        <SensorState>Present</SensorState>
                    </Trackpoint>
                    <Trackpoint>
                        <Time>2025-10-19T01:09:11.000Z</Time>
                        <HeartRateBpm>
                            <Value>111</Value>
                        </HeartRateBpm>
                        <SensorState>Present</SensorState>
                    </Trackpoint>
                    <Trackpoint>
                        <Time>2025-10-19T01:09:12.000Z</Time>
                        <HeartRateBpm>
                            <Value>112</Value>
                        </HeartRateBpm>
                        <SensorState>Present</SensorState>
                    </Trackpoint>
                    <Trackpoint>
                        <Time>2025-10-19T01:09:13.000Z</Time>
                        <HeartRateBpm>
                            <Value>113</Value>
                        </HeartRateBpm>
                        <SensorState>Present</SensorState>
                    </Trackpoint>
                    <Trackpoint>
                        <Time>2025-10-19T01:09:14.000Z</Time>
                        <HeartRateBpm>
                            <Value>114</Value>
                        </HeartRateBpm>
                        <SensorState>Present</SensorState>
                    </Trackpoint>
                    <Trackpoint>
                        <Time>2025-10-19T01:09:15.000Z</Time>
                        <HeartRateBpm>
                            <Value>114</Value>
                        </HeartRateBpm>
                        <SensorState>Present</SensorState>
                    </Trackpoint>
                    <Trackpoint>
                        <Time>2025-10-19T01:09:16.000Z</Time>
                        <HeartRateBpm>
                            <Value>114</Value>
                        </HeartRateBpm>
                        <SensorState>Present</SensorState>
                    </Trackpoint>
                    <Trackpoint>
                        <Time>2025-10-19T01:09:17.000Z</Time>
                        <HeartRateBpm>
                            <Value>113</Value>
                        </HeartRateBpm>
                        <SensorState>Present</SensorState>
                    </Trackpoint>
                    <Trackpoint>
                        <Time>2025-10-19T01:09:18.000Z</Time>
                        <HeartRateBpm>
                            <Value>113</Value>
                        </HeartRateBpm>
                        <SensorState>Present</SensorState>
                    </Trackpoint>
                    <Trackpoint>
                        <Time>2025-10-19T01:09:19.000Z</Time>
                        <HeartRateBpm>
                            <Value>113</Value>
                        </HeartRateBpm>
                        <SensorState>Present</SensorState>
                    </Trackpoint>
                    <Trackpoint>
                        <Time>2025-10-19T01:09:20.000Z</Time>
                        <HeartRateBpm>
                            <Value>113</Value>
                        </HeartRateBpm>
                        <SensorState>Present</SensorState>
                    </Trackpoint>
                    <Trackpoint>
                        <Time>2025-10-19T01:09:21.000Z</Time>
                        <HeartRateBpm>
                            <Value>114</Value>
                        </HeartRateBpm>
                        <SensorState>Present</SensorState>
                    </Trackpoint>
                    <Trackpoint>
                        <Time>2025-10-19T01:09:22.000Z</Time>
                        <HeartRateBpm>
                            <Value>114</Value>
                        </HeartRateBpm>
                        <SensorState>Present</SensorState>
                    </Trackpoint>
                    <Trackpoint>
                        <Time>2025-10-19T01:09:23.000Z</Time>
                        <HeartRateBpm>
                            <Value>114</Value>
                        </HeartRateBpm>
                        <SensorState>Present</SensorState>
                    </Trackpoint>
                    <Trackpoint>
                        <Time>2025-10-19T01:09:24.000Z</Time>
                        <HeartRateBpm>
                            <Value>114</Value>
                        </HeartRateBpm>
                        <SensorState>Present</SensorState>
                    </Trackpoint>
                    <Trackpoint>
                        <Time>2025-10-19T01:09:25.000Z</Time>
                        <HeartRateBpm>
                            <Value>114</Value>
                        </HeartRateBpm>
                        <SensorState>Present</SensorState>
                    </Trackpoint>
                    <Trackpoint>
                        <Time>2025-10-19T01:09:26.000Z</Time>
                        <HeartRateBpm>
                            <Value>115</Value>
                        </HeartRateBpm>
                        <SensorState>Present</SensorState>
                    </Trackpoint>
                    <Trackpoint>
                        <Time>2025-10-19T01:09:27.000Z</Time>
                        <HeartRateBpm>
                            <Value>115</Value>
                        </HeartRateBpm>
                        <SensorState>Present</SensorState>
                    </Trackpoint>
                    <Trackpoint>
                        <Time>2025-10-19T01:09:28.000Z</Time>
                        <HeartRateBpm>
                            <Value>115</Value>
                        </HeartRateBpm>
                        <SensorState>Present</SensorState>
                    </Trackpoint>
                    <Trackpoint>
                        <Time>2025-10-19T01:09:29.000Z</Time>
                        <HeartRateBpm>
                            <Value>115</Value>
                        </HeartRateBpm>
                        <SensorState>Present</SensorState>
                    </Trackpoint>
                    <Trackpoint>
                        <Time>2025-10-19T01:09:30.000Z</Time>
                        <HeartRateBpm>
                            <Value>115</Value>
                        </HeartRateBpm>
                        <SensorState>Present</SensorState>
                    </Trackpoint>
                    <Trackpoint>
                        <Time>2025-10-19T01:09:31.000Z</Time>
                        <HeartRateBpm>
                            <Value>115</Value>
                        </HeartRateBpm>
                        <SensorState>Present</SensorState>
                    </Trackpoint>
                    <Trackpoint>
                        <Time>2025-10-19T01:09:32.000Z</Time>
                        <HeartRateBpm>
                            <Value>115</Value>
                        </HeartRateBpm>
                        <SensorState>Present</SensorState>
                    </Trackpoint>
                    <Trackpoint>
                        <Time>2025-10-19T01:09:33.000Z</Time>
                        <HeartRateBpm>
                            <Value>116</Value>
                        </HeartRateBpm>
                        <SensorState>Present</SensorState>
                    </Trackpoint>
                    <Trackpoint>
                        <Time>2025-10-19T01:09:34.000Z</Time>
                        <HeartRateBpm>
                            <Value>116</Value>
                        </HeartRateBpm>
                        <SensorState>Present</SensorState>
                    </Trackpoint>
                    <Trackpoint>
                        <Time>2025-10-19T01:09:35.000Z</Time>
                        <HeartRateBpm>
                            <Value>118</Value>
                        </HeartRateBpm>
                        <SensorState>Present</SensorState>
                    </Trackpoint>
                    <Trackpoint>
                        <Time>2025-10-19T01:09:36.000Z</Time>
                        <HeartRateBpm>
                            <Value>118</Value>
                        </HeartRateBpm>
                        <SensorState>Present</SensorState>
                    </Trackpoint>
                    <Trackpoint>
                        <Time>2025-10-19T01:09:37.000Z</Time>
                        <HeartRateBpm>
                            <Value>117</Value>
                        </HeartRateBpm>
                        <SensorState>Present</SensorState>
                    </Trackpoint>
                    <Trackpoint>
                        <Time>2025-10-19T01:09:38.000Z</Time>
                        <HeartRateBpm>
                            <Value>117</Value>
                        </HeartRateBpm>
                        <SensorState>Present</SensorState>
                    </Trackpoint>
                    <Trackpoint>
                        <Time>2025-10-19T01:09:39.000Z</Time>
                        <HeartRateBpm>
                            <Value>116</Value>
                        </HeartRateBpm>
                        <SensorState>Present</SensorState>
                    </Trackpoint>
                    <Trackpoint>
                        <Time>2025-10-19T01:09:40.000Z</Time>
                        <HeartRateBpm>
                            <Value>116</Value>
                        </HeartRateBpm>
                        <SensorState>Present</SensorState>
                    </Trackpoint>
                    <Trackpoint>
                        <Time>2025-10-19T01:09:41.000Z</Time>
                        <HeartRateBpm>
                            <Value>116</Value>
                        </HeartRateBpm>
                        <SensorState>Present</SensorState>
                    </Trackpoint>
                    <Trackpoint>
                        <Time>2025-10-19T01:09:42.000Z</Time>
                        <HeartRateBpm>
                            <Value>116</Value>
                        </HeartRateBpm>
                        <SensorState>Present</SensorState>
                    </Trackpoint>
                    <Trackpoint>
                        <Time>2025-10-19T01:09:43.000Z</Time>
                        <HeartRateBpm>
                            <Value>117</Value>
                        </HeartRateBpm>
                        <SensorState>Present</SensorState>
                    </Trackpoint>
                    <Trackpoint>
                        <Time>2025-10-19T01:09:44.000Z</Time>
                        <HeartRateBpm>
                            <Value>117</Value>
                        </HeartRateBpm>
                        <SensorState>Present</SensorState>
                    </Trackpoint>
                    <Trackpoint>
                        <Time>2025-10-19T01:09:45.000Z</Time>
                        <HeartRateBpm>
                            <Value>118</Value>
                        </HeartRateBpm>
                        <SensorState>Present</SensorState>
                    </Trackpoint>
                    <Trackpoint>
                        <Time>2025-10-19T01:09:46.000Z</Time>
                        <HeartRateBpm>
                            <Value>119</Value>
                        </HeartRateBpm>
                        <SensorState>Present</SensorState>
                    </Trackpoint>
                    <Trackpoint>
                        <Time>2025-10-19T01:09:47.000Z</Time>
                        <HeartRateBpm>
                            <Value>119</Value>
                        </HeartRateBpm>
                        <SensorState>Present</SensorState>
                    </Trackpoint>
                    <Trackpoint>
                        <Time>2025-10-19T01:09:48.000Z</Time>
                        <HeartRateBpm>
                            <Value>119</Value>
                        </HeartRateBpm>
                        <SensorState>Present</SensorState>
                    </Trackpoint>
                    <Trackpoint>
                        <Time>2025-10-19T01:09:49.000Z</Time>
                        <HeartRateBpm>
                            <Value>118</Value>
                        </HeartRateBpm>
                        <SensorState>Present</SensorState>
                    </Trackpoint>
                    <Trackpoint>
                        <Time>2025-10-19T01:09:50.000Z</Time>
                        <HeartRateBpm>
                            <Value>118</Value>
                        </HeartRateBpm>
                        <SensorState>Present</SensorState>
                    </Trackpoint>
                    <Trackpoint>
                        <Time>2025-10-19T01:09:51.000Z</Time>
                        <HeartRateBpm>
                            <Value>117</Value>
                        </HeartRateBpm>
                        <SensorState>Present</SensorState>
                    </Trackpoint>
                    <Trackpoint>
                        <Time>2025-10-19T01:09:52.000Z</Time>
                        <HeartRateBpm>
                            <Value>116</Value>
                        </HeartRateBpm>
                        <SensorState>Present</SensorState>
                    </Trackpoint>
                    <Trackpoint>
                        <Time>2025-10-19T01:09:53.000Z</Time>
                        <HeartRateBpm>
                            <Value>114</Value>
                        </HeartRateBpm>
                        <SensorState>Present</SensorState>
                    </Trackpoint>
                    <Trackpoint>
                        <Time>2025-10-19T01:09:54.000Z</Time>
                        <HeartRateBpm>
                            <Value>113</Value>
                        </HeartRateBpm>
                        <SensorState>Present</SensorState>
                    </Trackpoint>
                    <Trackpoint>
                        <Time>2025-10-19T01:09:55.000Z</Time>
                        <HeartRateBpm>
                            <Value>112</Value>
                        </HeartRateBpm>
                        <SensorState>Present</SensorState>
                    </Trackpoint>
                    <Trackpoint>
                        <Time>2025-10-19T01:09:56.000Z</Time>
                        <HeartRateBpm>
                            <Value>111</Value>
                        </HeartRateBpm>
                        <SensorState>Present</SensorState>
                    </Trackpoint>
                    <Trackpoint>
                        <Time>2025-10-19T01:09:57.000Z</Time>
                        <HeartRateBpm>
                            <Value>111</Value>
                        </HeartRateBpm>
                        <SensorState>Present</SensorState>
                    </Trackpoint>
                    <Trackpoint>
                        <Time>2025-10-19T01:09:58.000Z</Time>
                        <HeartRateBpm>
                            <Value>111</Value>
                        </HeartRateBpm>
                        <SensorState>Present</SensorState>
                    </Trackpoint>
                    <Trackpoint>
                        <Time>2025-10-19T01:09:59.000Z</Time>
                        <HeartRateBpm>
                            <Value>111</Value>
                        </HeartRateBpm>
                        <SensorState>Present</SensorState>
                    </Trackpoint>
                    <Trackpoint>
                        <Time>2025-10-19T01:10:00.000Z</Time>
                        <HeartRateBpm>
                            <Value>111</Value>
                        </HeartRateBpm>
                        <SensorState>Present</SensorState>
                    </Trackpoint>
                    <Trackpoint>
                        <Time>2025-10-19T01:10:01.000Z</Time>
                        <HeartRateBpm>
                            <Value>111</Value>
                        </HeartRateBpm>
                        <SensorState>Present</SensorState>
                    </Trackpoint>
                    <Trackpoint>
                        <Time>2025-10-19T01:10:02.000Z</Time>
                        <HeartRateBpm>
                            <Value>110</Value>
                        </HeartRateBpm>
                        <SensorState>Present</SensorState>
                    </Trackpoint>
                    <Trackpoint>
                        <Time>2025-10-19T01:10:03.000Z</Time>
                        <HeartRateBpm>
                            <Value>110</Value>
                        </HeartRateBpm>
                        <SensorState>Present</SensorState>
                    </Trackpoint>
                    <Trackpoint>
                        <Time>2025-10-19T01:10:04.000Z</Time>
                        <HeartRateBpm>
                            <Value>109</Value>
                        </HeartRateBpm>
                        <SensorState>Present</SensorState>
                    </Trackpoint>
                    <Trackpoint>
                        <Time>2025-10-19T01:10:05.000Z</Time>
                        <HeartRateBpm>
                            <Value>110</Value>
                        </HeartRateBpm>
                        <SensorState>Present</SensorState>
                    </Trackpoint>
                    <Trackpoint>
                        <Time>2025-10-19T01:10:06.000Z</Time>
                        <HeartRateBpm>
                            <Value>111</Value>
                        </HeartRateBpm>
                        <SensorState>Present</SensorState>
                    </Trackpoint>
                    <Trackpoint>
                        <Time>2025-10-19T01:10:07.000Z</Time>
                        <HeartRateBpm>
                            <Value>111</Value>
                        </HeartRateBpm>
                        <SensorState>Present</SensorState>
                    </Trackpoint>
                    <Trackpoint>
                        <Time>2025-10-19T01:10:08.000Z</Time>
                        <HeartRateBpm>
                            <Value>111</Value>
                        </HeartRateBpm>
                        <SensorState>Present</SensorState>
                    </Trackpoint>
                    <Trackpoint>
                        <Time>2025-10-19T01:10:09.000Z</Time>
                        <HeartRateBpm>
                            <Value>112</Value>
                        </HeartRateBpm>
                        <SensorState>Present</SensorState>
                    </Trackpoint>
                    <Trackpoint>
                        <Time>2025-10-19T01:10:10.000Z</Time>
                        <HeartRateBpm>
                            <Value>112</Value>
                        </HeartRateBpm>
                        <SensorState>Present</SensorState>
                    </Trackpoint>
                    <Trackpoint>
                        <Time>2025-10-19T01:10:11.000Z</Time>
                        <HeartRateBpm>
                            <Value>112</Value>
                        </HeartRateBpm>
                        <SensorState>Present</SensorState>
                    </Trackpoint>
                    <Trackpoint>
                        <Time>2025-10-19T01:10:12.000Z</Time>
                        <HeartRateBpm>
                            <Value>112</Value>
                        </HeartRateBpm>
                        <SensorState>Present</SensorState>
                    </Trackpoint>
                    <Trackpoint>
                        <Time>2025-10-19T01:10:13.000Z</Time>
                        <HeartRateBpm>
                            <Value>111</Value>
                        </HeartRateBpm>
                        <SensorState>Present</SensorState>
                    </Trackpoint>
                    <Trackpoint>
                        <Time>2025-10-19T01:10:14.000Z</Time>
                        <HeartRateBpm>
                            <Value>109</Value>
                        </HeartRateBpm>
                        <SensorState>Present</SensorState>
                    </Trackpoint>
                    <Trackpoint>
                        <Time>2025-10-19T01:10:15.000Z</Time>
                        <HeartRateBpm>
                            <Value>109</Value>
                        </HeartRateBpm>
                        <SensorState>Present</SensorState>
                    </Trackpoint>
                    <Trackpoint>
                        <Time>2025-10-19T01:10:16.000Z</Time>
                        <HeartRateBpm>
                            <Value>109</Value>
                        </HeartRateBpm>
                        <SensorState>Present</SensorState>
                    </Trackpoint>
                    <Trackpoint>
                        <Time>2025-10-19T01:10:17.000Z</Time>
                        <HeartRateBpm>
                            <Value>111</Value>
                        </HeartRateBpm>
                        <SensorState>Present</SensorState>
                    </Trackpoint>
                    <Trackpoint>
                        <Time>2025-10-19T01:10:18.000Z</Time>
                        <HeartRateBpm>
                            <Value>112</Value>
                        </HeartRateBpm>
                        <SensorState>Present</SensorState>
                    </Trackpoint>
                    <Trackpoint>
                        <Time>2025-10-19T01:10:19.000Z</Time>
                        <HeartRateBpm>
                            <Value>113</Value>
                        </HeartRateBpm>
                        <SensorState>Present</SensorState>
                    </Trackpoint>
                    <Trackpoint>
                        <Time>2025-10-19T01:10:20.000Z</Time>
                        <HeartRateBpm>
                            <Value>111</Value>
                        </HeartRateBpm>
                        <SensorState>Present</SensorState>
                    </Trackpoint>
                    <Trackpoint>
                        <Time>2025-10-19T01:10:21.000Z</Time>
                        <HeartRateBpm>
                            <Value>110</Value>
                        </HeartRateBpm>
                        <SensorState>Present</SensorState>
                    </Trackpoint>
                    <Trackpoint>
                        <Time>2025-10-19T01:10:22.000Z</Time>
                        <HeartRateBpm>
                            <Value>108</Value>
                        </HeartRateBpm>
                        <SensorState>Present</SensorState>
                    </Trackpoint>
                    <Trackpoint>
                        <Time>2025-10-19T01:10:23.000Z</Time>
                        <HeartRateBpm>
                            <Value>107</Value>
                        </HeartRateBpm>
                        <SensorState>Present</SensorState>
                    </Trackpoint>
                    <Trackpoint>
                        <Time>2025-10-19T01:10:24.000Z</Time>
                        <HeartRateBpm>
                            <Value>108</Value>
                        </HeartRateBpm>
                        <SensorState>Present</SensorState>
                    </Trackpoint>
                    <Trackpoint>
                        <Time>2025-10-19T01:10:25.000Z</Time>
                        <HeartRateBpm>
                            <Value>109</Value>
                        </HeartRateBpm>
                        <SensorState>Present</SensorState>
                    </Trackpoint>
                    <Trackpoint>
                        <Time>2025-10-19T01:10:26.000Z</Time>
                        <HeartRateBpm>
                            <Value>110</Value>
                        </HeartRateBpm>
                        <SensorState>Present</SensorState>
                    </Trackpoint>
                    <Trackpoint>
                        <Time>2025-10-19T01:10:27.000Z</Time>
                        <HeartRateBpm>
                            <Value>110</Value>
                        </HeartRateBpm>
                        <SensorState>Present</SensorState>
                    </Trackpoint>
                    <Trackpoint>
                        <Time>2025-10-19T01:10:28.000Z</Time>
                        <HeartRateBpm>
                            <Value>110</Value>
                        </HeartRateBpm>
                        <SensorState>Present</SensorState>
                    </Trackpoint>
                    <Trackpoint>
                        <Time>2025-10-19T01:10:29.000Z</Time>
                        <HeartRateBpm>
                            <Value>110</Value>
                        </HeartRateBpm>
                        <SensorState>Present</SensorState>
                    </Trackpoint>
                    <Trackpoint>
                        <Time>2025-10-19T01:10:30.000Z</Time>
                        <HeartRateBpm>
                            <Value>110</Value>
                        </HeartRateBpm>
                        <SensorState>Present</SensorState>
                    </Trackpoint>
                    <Trackpoint>
                        <Time>2025-10-19T01:10:31.000Z</Time>
                        <HeartRateBpm>
                            <Value>111</Value>
                        </HeartRateBpm>
                        <SensorState>Present</SensorState>
                    </Trackpoint>
                    <Trackpoint>
                        <Time>2025-10-19T01:10:32.000Z</Time>
                        <HeartRateBpm>
                            <Value>111</Value>
                        </HeartRateBpm>
                        <SensorState>Present</SensorState>
                    </Trackpoint>
                    <Trackpoint>
                        <Time>2025-10-19T01:10:33.000Z</Time>
                        <HeartRateBpm>
                            <Value>111</Value>
                        </HeartRateBpm>
                        <SensorState>Present</SensorState>
                    </Trackpoint>
                    <Trackpoint>
                        <Time>2025-10-19T01:10:34.000Z</Time>
                        <HeartRateBpm>
                            <Value>111</Value>
                        </HeartRateBpm>
                        <SensorState>Present</SensorState>
                    </Trackpoint>
                    <Trackpoint>
                        <Time>2025-10-19T01:10:35.000Z</Time>
                        <HeartRateBpm>
                            <Value>111</Value>
                        </HeartRateBpm>
                        <SensorState>Present</SensorState>
                    </Trackpoint>
                    <Trackpoint>
                        <Time>2025-10-19T01:10:36.000Z</Time>
                        <HeartRateBpm>
                            <Value>111</Value>
                        </HeartRateBpm>
                        <SensorState>Present</SensorState>
                    </Trackpoint>
                    <Trackpoint>
                        <Time>2025-10-19T01:10:37.000Z</Time>
                        <HeartRateBpm>
                            <Value>112</Value>
                        </HeartRateBpm>
                        <SensorState>Present</SensorState>
                    </Trackpoint>
                    <Trackpoint>
                        <Time>2025-10-19T01:10:38.000Z</Time>
                        <HeartRateBpm>
                            <Value>112</Value>
                        </HeartRateBpm>
                        <SensorState>Present</SensorState>
                    </Trackpoint>
                    <Trackpoint>
                        <Time>2025-10-19T01:10:39.000Z</Time>
                        <HeartRateBpm>
                            <Value>112</Value>
                        </HeartRateBpm>
                        <SensorState>Present</SensorState>
                    </Trackpoint>
                    <Trackpoint>
                        <Time>2025-10-19T01:10:40.000Z</Time>
                        <HeartRateBpm>
                            <Value>111</Value>
                        </HeartRateBpm>
                        <SensorState>Present</SensorState>
                    </Trackpoint>
                    <Trackpoint>
                        <Time>2025-10-19T01:10:41.000Z</Time>
                        <HeartRateBpm>
                            <Value>111</Value>
                        </HeartRateBpm>
                        <SensorState>Present</SensorState>
                    </Trackpoint>
                    <Trackpoint>
                        <Time>2025-10-19T01:10:42.000Z</Time>
                        <HeartRateBpm>
                            <Value>111</Value>
                        </HeartRateBpm>
                        <SensorState>Present</SensorState>
                    </Trackpoint>
                    <Trackpoint>
                        <Time>2025-10-19T01:10:43.000Z</Time>
                        <HeartRateBpm>
                            <Value>112</Value>
                        </HeartRateBpm>
                        <SensorState>Present</SensorState>
                    </Trackpoint>
                    <Trackpoint>
                        <Time>2025-10-19T01:10:44.000Z</Time>
                        <HeartRateBpm>
                            <Value>112</Value>
                        </HeartRateBpm>
                        <SensorState>Present</SensorState>
                    </Trackpoint>
                    <Trackpoint>
                        <Time>2025-10-19T01:10:45.000Z</Time>
                        <HeartRateBpm>
                            <Value>112</Value>
                        </HeartRateBpm>
                        <SensorState>Present</SensorState>
                    </Trackpoint>
                    <Trackpoint>
                        <Time>2025-10-19T01:10:46.000Z</Time>
                        <HeartRateBpm>
                            <Value>113</Value>
                        </HeartRateBpm>
                        <SensorState>Present</SensorState>
                    </Trackpoint>
                    <Trackpoint>
                        <Time>2025-10-19T01:10:47.000Z</Time>
                        <HeartRateBpm>
                            <Value>113</Value>
                        </HeartRateBpm>
                        <SensorState>Present</SensorState>
                    </Trackpoint>
                    <Trackpoint>
                        <Time>2025-10-19T01:10:48.000Z</Time>
                        <HeartRateBpm>
                            <Value>114</Value>
                        </HeartRateBpm>
                        <SensorState>Present</SensorState>
                    </Trackpoint>
                    <Trackpoint>
                        <Time>2025-10-19T01:10:49.000Z</Time>
                        <HeartRateBpm>
                            <Value>114</Value>
                        </HeartRateBpm>
                        <SensorState>Present</SensorState>
                    </Trackpoint>
                    <Trackpoint>
                        <Time>2025-10-19T01:10:50.000Z</Time>
                        <HeartRateBpm>
                            <Value>115</Value>
                        </HeartRateBpm>
                        <SensorState>Present</SensorState>
                    </Trackpoint>
                    <Trackpoint>
                        <Time>2025-10-19T01:10:51.000Z</Time>
                        <HeartRateBpm>
                            <Value>114</Value>
                        </HeartRateBpm>
                        <SensorState>Present</SensorState>
                    </Trackpoint>
                    <Trackpoint>
                        <Time>2025-10-19T01:10:52.000Z</Time>
                        <HeartRateBpm>
                            <Value>114</Value>
                        </HeartRateBpm>
                        <SensorState>Present</SensorState>
                    </Trackpoint>
                    <Trackpoint>
                        <Time>2025-10-19T01:10:53.000Z</Time>
                        <HeartRateBpm>
                            <Value>114</Value>
                        </HeartRateBpm>
                        <SensorState>Present</SensorState>
                    </Trackpoint>
                    <Trackpoint>
                        <Time>2025-10-19T01:10:54.000Z</Time>
                        <HeartRateBpm>
                            <Value>114</Value>
                        </HeartRateBpm>
                        <SensorState>Present</SensorState>
                    </Trackpoint>
                    <Trackpoint>
                        <Time>2025-10-19T01:10:55.000Z</Time>
                        <HeartRateBpm>
                            <Value>115</Value>
                        </HeartRateBpm>
                        <SensorState>Present</SensorState>
                    </Trackpoint>
                    <Trackpoint>
                        <Time>2025-10-19T01:10:56.000Z</Time>
                        <HeartRateBpm>
                            <Value>115</Value>
                        </HeartRateBpm>
                        <SensorState>Present</SensorState>
                    </Trackpoint>
                    <Trackpoint>
                        <Time>2025-10-19T01:10:57.000Z</Time>
                        <HeartRateBpm>
                            <Value>116</Value>
                        </HeartRateBpm>
                        <SensorState>Present</SensorState>
                    </Trackpoint>
                    <Trackpoint>
                        <Time>2025-10-19T01:10:58.000Z</Time>
                        <HeartRateBpm>
                            <Value>116</Value>
                        </HeartRateBpm>
                        <SensorState>Present</SensorState>
                    </Trackpoint>
                    <Trackpoint>
                        <Time>2025-10-19T01:10:59.000Z</Time>
                        <HeartRateBpm>
                            <Value>116</Value>
                        </HeartRateBpm>
                        <SensorState>Present</SensorState>
                    </Trackpoint>
                    <Trackpoint>
                        <Time>2025-10-19T01:11:00.000Z</Time>
                        <HeartRateBpm>
                            <Value>116</Value>
                        </HeartRateBpm>
                        <SensorState>Present</SensorState>
                    </Trackpoint>
                    <Trackpoint>
                        <Time>2025-10-19T01:11:01.000Z</Time>
                        <HeartRateBpm>
                            <Value>115</Value>
                        </HeartRateBpm>
                        <SensorState>Present</SensorState>
                    </Trackpoint>
                    <Trackpoint>
                        <Time>2025-10-19T01:11:02.000Z</Time>
                        <HeartRateBpm>
                            <Value>115</Value>
                        </HeartRateBpm>
                        <SensorState>Present</SensorState>
                    </Trackpoint>
                    <Trackpoint>
                        <Time>2025-10-19T01:11:03.000Z</Time>
                        <HeartRateBpm>
                            <Value>114</Value>
                        </HeartRateBpm>
                        <SensorState>Present</SensorState>
                    </Trackpoint>
                    <Trackpoint>
                        <Time>2025-10-19T01:11:04.000Z</Time>
                        <HeartRateBpm>
                            <Value>113</Value>
                        </HeartRateBpm>
                        <SensorState>Present</SensorState>
                    </Trackpoint>
                    <Trackpoint>
                        <Time>2025-10-19T01:11:05.000Z</Time>
                        <HeartRateBpm>
                            <Value>113</Value>
                        </HeartRateBpm>
                        <SensorState>Present</SensorState>
                    </Trackpoint>
                    <Trackpoint>
                        <Time>2025-10-19T01:11:06.000Z</Time>
                        <HeartRateBpm>
                            <Value>113</Value>
                        </HeartRateBpm>
                        <SensorState>Present</SensorState>
                    </Trackpoint>
                    <Trackpoint>
                        <Time>2025-10-19T01:11:07.000Z</Time>
                        <HeartRateBpm>
                            <Value>113</Value>
                        </HeartRateBpm>
                        <SensorState>Present</SensorState>
                    </Trackpoint>
                    <Trackpoint>
                        <Time>2025-10-19T01:11:08.000Z</Time>
                        <HeartRateBpm>
                            <Value>113</Value>
                        </HeartRateBpm>
                        <SensorState>Present</SensorState>
                    </Trackpoint>
                    <Trackpoint>
                        <Time>2025-10-19T01:11:09.000Z</Time>
                        <HeartRateBpm>
                            <Value>113</Value>
                        </HeartRateBpm>
                        <SensorState>Present</SensorState>
                    </Trackpoint>
                    <Trackpoint>
                        <Time>2025-10-19T01:11:10.000Z</Time>
                        <HeartRateBpm>
                            <Value>113</Value>
                        </HeartRateBpm>
                        <SensorState>Present</SensorState>
                    </Trackpoint>
                    <Trackpoint>
                        <Time>2025-10-19T01:11:11.000Z</Time>
                        <HeartRateBpm>
                            <Value>112</Value>
                        </HeartRateBpm>
                        <SensorState>Present</SensorState>
                    </Trackpoint>
                    <Trackpoint>
                        <Time>2025-10-19T01:11:12.000Z</Time>
                        <HeartRateBpm>
                            <Value>112</Value>
                        </HeartRateBpm>
                        <SensorState>Present</SensorState>
                    </Trackpoint>
                    <Trackpoint>
                        <Time>2025-10-19T01:11:13.000Z</Time>
                        <HeartRateBpm>
                            <Value>112</Value>
                        </HeartRateBpm>
                        <SensorState>Present</SensorState>
                    </Trackpoint>
                    <Trackpoint>
                        <Time>2025-10-19T01:11:14.000Z</Time>
                        <HeartRateBpm>
                            <Value>113</Value>
                        </HeartRateBpm>
                        <SensorState>Present</SensorState>
                    </Trackpoint>
                    <Trackpoint>
                        <Time>2025-10-19T01:11:15.000Z</Time>
                        <HeartRateBpm>
                            <Value>115</Value>
                        </HeartRateBpm>
                        <SensorState>Present</SensorState>
                    </Trackpoint>
                    <Trackpoint>
                        <Time>2025-10-19T01:11:16.000Z</Time>
                        <HeartRateBpm>
                            <Value>116</Value>
                        </HeartRateBpm>
                        <SensorState>Present</SensorState>
                    </Trackpoint>
                    <Trackpoint>
                        <Time>2025-10-19T01:11:17.000Z</Time>
                        <HeartRateBpm>
                            <Value>116</Value>
                        </HeartRateBpm>
                        <SensorState>Present</SensorState>
                    </Trackpoint>
                    <Trackpoint>
                        <Time>2025-10-19T01:11:18.000Z</Time>
                        <HeartRateBpm>
                            <Value>116</Value>
                        </HeartRateBpm>
                        <SensorState>Present</SensorState>
                    </Trackpoint>
                    <Trackpoint>
                        <Time>2025-10-19T01:11:19.000Z</Time>
                        <HeartRateBpm>
                            <Value>116</Value>
                        </HeartRateBpm>
                        <SensorState>Present</SensorState>
                    </Trackpoint>
                    <Trackpoint>
                        <Time>2025-10-19T01:11:20.000Z</Time>
                        <HeartRateBpm>
                            <Value>116</Value>
                        </HeartRateBpm>
                        <SensorState>Present</SensorState>
                    </Trackpoint>
                    <Trackpoint>
                        <Time>2025-10-19T01:11:21.000Z</Time>
                        <HeartRateBpm>
                            <Value>117</Value>
                        </HeartRateBpm>
                        <SensorState>Present</SensorState>
                    </Trackpoint>
                    <Trackpoint>
                        <Time>2025-10-19T01:11:22.000Z</Time>
                        <HeartRateBpm>
                            <Value>117</Value>
                        </HeartRateBpm>
                        <SensorState>Present</SensorState>
                    </Trackpoint>
                    <Trackpoint>
                        <Time>2025-10-19T01:11:23.000Z</Time>
                        <HeartRateBpm>
                            <Value>117</Value>
                        </HeartRateBpm>
                        <SensorState>Present</SensorState>
                    </Trackpoint>
                    <Trackpoint>
                        <Time>2025-10-19T01:11:24.000Z</Time>
                        <HeartRateBpm>
                            <Value>117</Value>
                        </HeartRateBpm>
                        <SensorState>Present</SensorState>
                    </Trackpoint>
                    <Trackpoint>
                        <Time>2025-10-19T01:11:25.000Z</Time>
                        <HeartRateBpm>
                            <Value>117</Value>
                        </HeartRateBpm>
                        <SensorState>Present</SensorState>
                    </Trackpoint>
                    <Trackpoint>
                        <Time>2025-10-19T01:11:26.000Z</Time>
                        <HeartRateBpm>
                            <Value>118</Value>
                        </HeartRateBpm>
                        <SensorState>Present</SensorState>
                    </Trackpoint>
                    <Trackpoint>
                        <Time>2025-10-19T01:11:27.000Z</Time>
                        <HeartRateBpm>
                            <Value>119</Value>
                        </HeartRateBpm>
                        <SensorState>Present</SensorState>
                    </Trackpoint>
                    <Trackpoint>
                        <Time>2025-10-19T01:11:28.000Z</Time>
                        <HeartRateBpm>
                            <Value>119</Value>
                        </HeartRateBpm>
                        <SensorState>Present</SensorState>
                    </Trackpoint>
                    <Trackpoint>
                        <Time>2025-10-19T01:11:29.000Z</Time>
                        <HeartRateBpm>
                            <Value>121</Value>
                        </HeartRateBpm>
                        <SensorState>Present</SensorState>
                    </Trackpoint>
                    <Trackpoint>
                        <Time>2025-10-19T01:11:30.000Z</Time>
                        <HeartRateBpm>
                            <Value>122</Value>
                        </HeartRateBpm>
                        <SensorState>Present</SensorState>
                    </Trackpoint>
                    <Trackpoint>
                        <Time>2025-10-19T01:11:31.000Z</Time>
                        <HeartRateBpm>
                            <Value>124</Value>
                        </HeartRateBpm>
                        <SensorState>Present</SensorState>
                    </Trackpoint>
                    <Trackpoint>
                        <Time>2025-10-19T01:11:32.000Z</Time>
                        <HeartRateBpm>
                            <Value>125</Value>
                        </HeartRateBpm>
                        <SensorState>Present</SensorState>
                    </Trackpoint>
                    <Trackpoint>
                        <Time>2025-10-19T01:11:33.000Z</Time>
                        <HeartRateBpm>
                            <Value>126</Value>
                        </HeartRateBpm>
                        <SensorState>Present</SensorState>
                    </Trackpoint>
                    <Trackpoint>
                        <Time>2025-10-19T01:11:34.000Z</Time>
                        <HeartRateBpm>
                            <Value>126</Value>
                        </HeartRateBpm>
                        <SensorState>Present</SensorState>
                    </Trackpoint>
                    <Trackpoint>
                        <Time>2025-10-19T01:11:35.000Z</Time>
                        <HeartRateBpm>
                            <Value>126</Value>
                        </HeartRateBpm>
                        <SensorState>Present</SensorState>
                    </Trackpoint>
                    <Trackpoint>
                        <Time>2025-10-19T01:11:36.000Z</Time>
                        <HeartRateBpm>
                            <Value>126</Value>
                        </HeartRateBpm>
                        <SensorState>Present</SensorState>
                    </Trackpoint>
                    <Trackpoint>
                        <Time>2025-10-19T01:11:37.000Z</Time>
                        <HeartRateBpm>
                            <Value>125</Value>
                        </HeartRateBpm>
                        <SensorState>Present</SensorState>
                    </Trackpoint>
                    <Trackpoint>
                        <Time>2025-10-19T01:11:38.000Z</Time>
                        <HeartRateBpm>
                            <Value>125</Value>
                        </HeartRateBpm>
                        <SensorState>Present</SensorState>
                    </Trackpoint>
                    <Trackpoint>
                        <Time>2025-10-19T01:11:39.000Z</Time>
                        <HeartRateBpm>
                            <Value>125</Value>
                        </HeartRateBpm>
                        <SensorState>Present</SensorState>
                    </Trackpoint>
                    <Trackpoint>
                        <Time>2025-10-19T01:11:40.000Z</Time>
                        <HeartRateBpm>
                            <Value>125</Value>
                        </HeartRateBpm>
                        <SensorState>Present</SensorState>
                    </Trackpoint>
                    <Trackpoint>
                        <Time>2025-10-19T01:11:41.000Z</Time>
                        <HeartRateBpm>
                            <Value>125</Value>
                        </HeartRateBpm>
                        <SensorState>Present</SensorState>
                    </Trackpoint>
                    <Trackpoint>
                        <Time>2025-10-19T01:11:42.000Z</Time>
                        <HeartRateBpm>
                            <Value>126</Value>
                        </HeartRateBpm>
                        <SensorState>Present</SensorState>
                    </Trackpoint>
                    <Trackpoint>
                        <Time>2025-10-19T01:11:43.000Z</Time>
                        <HeartRateBpm>
                            <Value>126</Value>
                        </HeartRateBpm>
                        <SensorState>Present</SensorState>
                    </Trackpoint>
                    <Trackpoint>
                        <Time>2025-10-19T01:11:44.000Z</Time>
                        <HeartRateBpm>
                            <Value>127</Value>
                        </HeartRateBpm>
                        <SensorState>Present</SensorState>
                    </Trackpoint>
                    <Trackpoint>
                        <Time>2025-10-19T01:11:45.000Z</Time>
                        <HeartRateBpm>
                            <Value>128</Value>
                        </HeartRateBpm>
                        <SensorState>Present</SensorState>
                    </Trackpoint>
                    <Trackpoint>
                        <Time>2025-10-19T01:11:46.000Z</Time>
                        <HeartRateBpm>
                            <Value>128</Value>
                        </HeartRateBpm>
                        <SensorState>Present</SensorState>
                    </Trackpoint>
                    <Trackpoint>
                        <Time>2025-10-19T01:11:47.000Z</Time>
                        <HeartRateBpm>
                            <Value>128</Value>
                        </HeartRateBpm>
                        <SensorState>Present</SensorState>
                    </Trackpoint>
                    <Trackpoint>
                        <Time>2025-10-19T01:11:48.000Z</Time>
                        <HeartRateBpm>
                            <Value>129</Value>
                        </HeartRateBpm>
                        <SensorState>Present</SensorState>
                    </Trackpoint>
                    <Trackpoint>
                        <Time>2025-10-19T01:11:49.000Z</Time>
                        <HeartRateBpm>
                            <Value>129</Value>
                        </HeartRateBpm>
                        <SensorState>Present</SensorState>
                    </Trackpoint>
                    <Trackpoint>
                        <Time>2025-10-19T01:11:50.000Z</Time>
                        <HeartRateBpm>
                            <Value>129</Value>
                        </HeartRateBpm>
                        <SensorState>Present</SensorState>
                    </Trackpoint>
                    <Trackpoint>
                        <Time>2025-10-19T01:11:51.000Z</Time>
                        <HeartRateBpm>
                            <Value>129</Value>
                        </HeartRateBpm>
                        <SensorState>Present</SensorState>
                    </Trackpoint>
                    <Trackpoint>
                        <Time>2025-10-19T01:11:52.000Z</Time>
                        <HeartRateBpm>
                            <Value>129</Value>
                        </HeartRateBpm>
                        <SensorState>Present</SensorState>
                    </Trackpoint>
                    <Trackpoint>
                        <Time>2025-10-19T01:11:53.000Z</Time>
                        <HeartRateBpm>
                            <Value>128</Value>
                        </HeartRateBpm>
                        <SensorState>Present</SensorState>
                    </Trackpoint>
                    <Trackpoint>
                        <Time>2025-10-19T01:11:54.000Z</Time>
                        <HeartRateBpm>
                            <Value>128</Value>
                        </HeartRateBpm>
                        <SensorState>Present</SensorState>
                    </Trackpoint>
                    <Trackpoint>
                        <Time>2025-10-19T01:11:55.000Z</Time>
                        <HeartRateBpm>
                            <Value>127</Value>
                        </HeartRateBpm>
                        <SensorState>Present</SensorState>
                    </Trackpoint>
                    <Trackpoint>
                        <Time>2025-10-19T01:11:56.000Z</Time>
                        <HeartRateBpm>
                            <Value>127</Value>
                        </HeartRateBpm>
                        <SensorState>Present</SensorState>
                    </Trackpoint>
                    <Trackpoint>
                        <Time>2025-10-19T01:11:57.000Z</Time>
                        <HeartRateBpm>
                            <Value>128</Value>
                        </HeartRateBpm>
                        <SensorState>Present</SensorState>
                    </Trackpoint>
                    <Trackpoint>
                        <Time>2025-10-19T01:11:58.000Z</Time>
                        <HeartRateBpm>
                            <Value>129</Value>
                        </HeartRateBpm>
                        <SensorState>Present</SensorState>
                    </Trackpoint>
                    <Trackpoint>
                        <Time>2025-10-19T01:11:59.000Z</Time>
                        <HeartRateBpm>
                            <Value>130</Value>
                        </HeartRateBpm>
                        <SensorState>Present</SensorState>
                    </Trackpoint>
                    <Trackpoint>
                        <Time>2025-10-19T01:12:00.000Z</Time>
                        <HeartRateBpm>
                            <Value>131</Value>
                        </HeartRateBpm>
                        <SensorState>Present</SensorState>
                    </Trackpoint>
                    <Trackpoint>
                        <Time>2025-10-19T01:12:01.000Z</Time>
                        <HeartRateBpm>
                            <Value>132</Value>
                        </HeartRateBpm>
                        <SensorState>Present</SensorState>
                    </Trackpoint>
                    <Trackpoint>
                        <Time>2025-10-19T01:12:02.000Z</Time>
                        <HeartRateBpm>
                            <Value>132</Value>
                        </HeartRateBpm>
                        <SensorState>Present</SensorState>
                    </Trackpoint>
                    <Trackpoint>
                        <Time>2025-10-19T01:12:03.000Z</Time>
                        <HeartRateBpm>
                            <Value>131</Value>
                        </HeartRateBpm>
                        <SensorState>Present</SensorState>
                    </Trackpoint>
                    <Trackpoint>
                        <Time>2025-10-19T01:12:04.000Z</Time>
                        <HeartRateBpm>
                            <Value>130</Value>
                        </HeartRateBpm>
                        <SensorState>Present</SensorState>
                    </Trackpoint>
                    <Trackpoint>
                        <Time>2025-10-19T01:12:05.000Z</Time>
                        <HeartRateBpm>
                            <Value>130</Value>
                        </HeartRateBpm>
                        <SensorState>Present</SensorState>
                    </Trackpoint>
                    <Trackpoint>
                        <Time>2025-10-19T01:12:06.000Z</Time>
                        <HeartRateBpm>
                            <Value>129</Value>
                        </HeartRateBpm>
                        <SensorState>Present</SensorState>
                    </Trackpoint>
                    <Trackpoint>
                        <Time>2025-10-19T01:12:07.000Z</Time>
                        <HeartRateBpm>
                            <Value>128</Value>
                        </HeartRateBpm>
                        <SensorState>Present</SensorState>
                    </Trackpoint>
                    <Trackpoint>
                        <Time>2025-10-19T01:12:08.000Z</Time>
                        <HeartRateBpm>
                            <Value>128</Value>
                        </HeartRateBpm>
                        <SensorState>Present</SensorState>
                    </Trackpoint>
                    <Trackpoint>
                        <Time>2025-10-19T01:12:09.000Z</Time>
                        <HeartRateBpm>
                            <Value>128</Value>
                        </HeartRateBpm>
                        <SensorState>Present</SensorState>
                    </Trackpoint>
                    <Trackpoint>
                        <Time>2025-10-19T01:12:10.000Z</Time>
                        <HeartRateBpm>
                            <Value>129</Value>
                        </HeartRateBpm>
                        <SensorState>Present</SensorState>
                    </Trackpoint>
                    <Trackpoint>
                        <Time>2025-10-19T01:12:11.000Z</Time>
                        <HeartRateBpm>
                            <Value>129</Value>
                        </HeartRateBpm>
                        <SensorState>Present</SensorState>
                    </Trackpoint>
                    <Trackpoint>
                        <Time>2025-10-19T01:12:12.000Z</Time>
                        <HeartRateBpm>
                            <Value>130</Value>
                        </HeartRateBpm>
                        <SensorState>Present</SensorState>
                    </Trackpoint>
                    <Trackpoint>
                        <Time>2025-10-19T01:12:13.000Z</Time>
                        <HeartRateBpm>
                            <Value>130</Value>
                        </HeartRateBpm>
                        <SensorState>Present</SensorState>
                    </Trackpoint>
                    <Trackpoint>
                        <Time>2025-10-19T01:12:14.000Z</Time>
                        <HeartRateBpm>
                            <Value>132</Value>
                        </HeartRateBpm>
                        <SensorState>Present</SensorState>
                    </Trackpoint>
                    <Trackpoint>
                        <Time>2025-10-19T01:12:15.000Z</Time>
                        <HeartRateBpm>
                            <Value>132</Value>
                        </HeartRateBpm>
                        <SensorState>Present</SensorState>
                    </Trackpoint>
                    <Trackpoint>
                        <Time>2025-10-19T01:12:16.000Z</Time>
                        <HeartRateBpm>
                            <Value>132</Value>
                        </HeartRateBpm>
                        <SensorState>Present</SensorState>
                    </Trackpoint>
                    <Trackpoint>
                        <Time>2025-10-19T01:12:17.000Z</Time>
                        <HeartRateBpm>
                            <Value>133</Value>
                        </HeartRateBpm>
                        <SensorState>Present</SensorState>
                    </Trackpoint>
                    <Trackpoint>
                        <Time>2025-10-19T01:12:18.000Z</Time>
                        <HeartRateBpm>
                            <Value>133</Value>
                        </HeartRateBpm>
                        <SensorState>Present</SensorState>
                    </Trackpoint>
                    <Trackpoint>
                        <Time>2025-10-19T01:12:19.000Z</Time>
                        <HeartRateBpm>
                            <Value>133</Value>
                        </HeartRateBpm>
                        <SensorState>Present</SensorState>
                    </Trackpoint>
                    <Trackpoint>
                        <Time>2025-10-19T01:12:20.000Z</Time>
                        <HeartRateBpm>
                            <Value>132</Value>
                        </HeartRateBpm>
                        <SensorState>Present</SensorState>
                    </Trackpoint>
                    <Trackpoint>
                        <Time>2025-10-19T01:12:21.000Z</Time>
                        <HeartRateBpm>
                            <Value>131</Value>
                        </HeartRateBpm>
                        <SensorState>Present</SensorState>
                    </Trackpoint>
                    <Trackpoint>
                        <Time>2025-10-19T01:12:22.000Z</Time>
                        <HeartRateBpm>
                            <Value>130</Value>
                        </HeartRateBpm>
                        <SensorState>Present</SensorState>
                    </Trackpoint>
                    <Trackpoint>
                        <Time>2025-10-19T01:12:23.000Z</Time>
                        <HeartRateBpm>
                            <Value>129</Value>
                        </HeartRateBpm>
                        <SensorState>Present</SensorState>
                    </Trackpoint>
                    <Trackpoint>
                        <Time>2025-10-19T01:12:24.000Z</Time>
                        <HeartRateBpm>
                            <Value>127</Value>
                        </HeartRateBpm>
                        <SensorState>Present</SensorState>
                    </Trackpoint>
                    <Trackpoint>
                        <Time>2025-10-19T01:12:25.000Z</Time>
                        <HeartRateBpm>
                            <Value>126</Value>
                        </HeartRateBpm>
                        <SensorState>Present</SensorState>
                    </Trackpoint>
                    <Trackpoint>
                        <Time>2025-10-19T01:12:26.000Z</Time>
                        <HeartRateBpm>
                            <Value>126</Value>
                        </HeartRateBpm>
                        <SensorState>Present</SensorState>
                    </Trackpoint>
                    <Trackpoint>
                        <Time>2025-10-19T01:12:27.000Z</Time>
                        <HeartRateBpm>
                            <Value>125</Value>
                        </HeartRateBpm>
                        <SensorState>Present</SensorState>
                    </Trackpoint>
                    <Trackpoint>
                        <Time>2025-10-19T01:12:28.000Z</Time>
                        <HeartRateBpm>
                            <Value>124</Value>
                        </HeartRateBpm>
                        <SensorState>Present</SensorState>
                    </Trackpoint>
                    <Trackpoint>
                        <Time>2025-10-19T01:12:29.000Z</Time>
                        <HeartRateBpm>
                            <Value>124</Value>
                        </HeartRateBpm>
                        <SensorState>Present</SensorState>
                    </Trackpoint>
                    <Trackpoint>
                        <Time>2025-10-19T01:12:30.000Z</Time>
                        <HeartRateBpm>
                            <Value>124</Value>
                        </HeartRateBpm>
                        <SensorState>Present</SensorState>
                    </Trackpoint>
                    <Trackpoint>
                        <Time>2025-10-19T01:12:31.000Z</Time>
                        <HeartRateBpm>
                            <Value>125</Value>
                        </HeartRateBpm>
                        <SensorState>Present</SensorState>
                    </Trackpoint>
                    <Trackpoint>
                        <Time>2025-10-19T01:12:32.000Z</Time>
                        <HeartRateBpm>
                            <Value>125</Value>
                        </HeartRateBpm>
                        <SensorState>Present</SensorState>
                    </Trackpoint>
                    <Trackpoint>
                        <Time>2025-10-19T01:12:33.000Z</Time>
                        <HeartRateBpm>
                            <Value>125</Value>
                        </HeartRateBpm>
                        <SensorState>Present</SensorState>
                    </Trackpoint>
                    <Trackpoint>
                        <Time>2025-10-19T01:12:34.000Z</Time>
                        <HeartRateBpm>
                            <Value>125</Value>
                        </HeartRateBpm>
                        <SensorState>Present</SensorState>
                    </Trackpoint>
                    <Trackpoint>
                        <Time>2025-10-19T01:12:35.000Z</Time>
                        <HeartRateBpm>
                            <Value>126</Value>
                        </HeartRateBpm>
                        <SensorState>Present</SensorState>
                    </Trackpoint>
                    <Trackpoint>
                        <Time>2025-10-19T01:12:36.000Z</Time>
                        <HeartRateBpm>
                            <Value>126</Value>
                        </HeartRateBpm>
                        <SensorState>Present</SensorState>
                    </Trackpoint>
                    <Trackpoint>
                        <Time>2025-10-19T01:12:37.000Z</Time>
                        <HeartRateBpm>
                            <Value>127</Value>
                        </HeartRateBpm>
                        <SensorState>Present</SensorState>
                    </Trackpoint>
                    <Trackpoint>
                        <Time>2025-10-19T01:12:38.000Z</Time>
                        <HeartRateBpm>
                            <Value>127</Value>
                        </HeartRateBpm>
                        <SensorState>Present</SensorState>
                    </Trackpoint>
                    <Trackpoint>
                        <Time>2025-10-19T01:12:39.000Z</Time>
                        <HeartRateBpm>
                            <Value>127</Value>
                        </HeartRateBpm>
                        <SensorState>Present</SensorState>
                    </Trackpoint>
                    <Trackpoint>
                        <Time>2025-10-19T01:12:40.000Z</Time>
                        <HeartRateBpm>
                            <Value>127</Value>
                        </HeartRateBpm>
                        <SensorState>Present</SensorState>
                    </Trackpoint>
                    <Trackpoint>
                        <Time>2025-10-19T01:12:41.000Z</Time>
                        <HeartRateBpm>
                            <Value>125</Value>
                        </HeartRateBpm>
                        <SensorState>Present</SensorState>
                    </Trackpoint>
                    <Trackpoint>
                        <Time>2025-10-19T01:12:42.000Z</Time>
                        <HeartRateBpm>
                            <Value>124</Value>
                        </HeartRateBpm>
                        <SensorState>Present</SensorState>
                    </Trackpoint>
                    <Trackpoint>
                        <Time>2025-10-19T01:12:43.000Z</Time>
                        <HeartRateBpm>
                            <Value>123</Value>
                        </HeartRateBpm>
                        <SensorState>Present</SensorState>
                    </Trackpoint>
                    <Trackpoint>
                        <Time>2025-10-19T01:12:44.000Z</Time>
                        <HeartRateBpm>
                            <Value>123</Value>
                        </HeartRateBpm>
                        <SensorState>Present</SensorState>
                    </Trackpoint>
                    <Trackpoint>
                        <Time>2025-10-19T01:12:45.000Z</Time>
                        <HeartRateBpm>
                            <Value>123</Value>
                        </HeartRateBpm>
                        <SensorState>Present</SensorState>
                    </Trackpoint>
                    <Trackpoint>
                        <Time>2025-10-19T01:12:46.000Z</Time>
                        <HeartRateBpm>
                            <Value>123</Value>
                        </HeartRateBpm>
                        <SensorState>Present</SensorState>
                    </Trackpoint>
                    <Trackpoint>
                        <Time>2025-10-19T01:12:47.000Z</Time>
                        <HeartRateBpm>
                            <Value>124</Value>
                        </HeartRateBpm>
                        <SensorState>Present</SensorState>
                    </Trackpoint>
                    <Trackpoint>
                        <Time>2025-10-19T01:12:48.000Z</Time>
                        <HeartRateBpm>
                            <Value>124</Value>
                        </HeartRateBpm>
                        <SensorState>Present</SensorState>
                    </Trackpoint>
                    <Trackpoint>
                        <Time>2025-10-19T01:12:49.000Z</Time>
                        <HeartRateBpm>
                            <Value>125</Value>
                        </HeartRateBpm>
                        <SensorState>Present</SensorState>
                    </Trackpoint>
                    <Trackpoint>
                        <Time>2025-10-19T01:12:50.000Z</Time>
                        <HeartRateBpm>
                            <Value>125</Value>
                        </HeartRateBpm>
                        <SensorState>Present</SensorState>
                    </Trackpoint>
                    <Trackpoint>
                        <Time>2025-10-19T01:12:51.000Z</Time>
                        <HeartRateBpm>
                            <Value>125</Value>
                        </HeartRateBpm>
                        <SensorState>Present</SensorState>
                    </Trackpoint>
                    <Trackpoint>
                        <Time>2025-10-19T01:12:52.000Z</Time>
                        <HeartRateBpm>
                            <Value>125</Value>
                        </HeartRateBpm>
                        <SensorState>Present</SensorState>
                    </Trackpoint>
                    <Trackpoint>
                        <Time>2025-10-19T01:12:53.000Z</Time>
                        <HeartRateBpm>
                            <Value>125</Value>
                        </HeartRateBpm>
                        <SensorState>Present</SensorState>
                    </Trackpoint>
                    <Trackpoint>
                        <Time>2025-10-19T01:12:54.000Z</Time>
                        <HeartRateBpm>
                            <Value>124</Value>
                        </HeartRateBpm>
                        <SensorState>Present</SensorState>
                    </Trackpoint>
                    <Trackpoint>
                        <Time>2025-10-19T01:12:55.000Z</Time>
                        <HeartRateBpm>
                            <Value>122</Value>
                        </HeartRateBpm>
                        <SensorState>Present</SensorState>
                    </Trackpoint>
                    <Trackpoint>
                        <Time>2025-10-19T01:12:56.000Z</Time>
                        <HeartRateBpm>
                            <Value>121</Value>
                        </HeartRateBpm>
                        <SensorState>Present</SensorState>
                    </Trackpoint>
                    <Trackpoint>
                        <Time>2025-10-19T01:12:57.000Z</Time>
                        <HeartRateBpm>
                            <Value>121</Value>
                        </HeartRateBpm>
                        <SensorState>Present</SensorState>
                    </Trackpoint>
                    <Trackpoint>
                        <Time>2025-10-19T01:12:58.000Z</Time>
                        <HeartRateBpm>
                            <Value>122</Value>
                        </HeartRateBpm>
                        <SensorState>Present</SensorState>
                    </Trackpoint>
                    <Trackpoint>
                        <Time>2025-10-19T01:12:59.000Z</Time>
                        <HeartRateBpm>
                            <Value>122</Value>
                        </HeartRateBpm>
                        <SensorState>Present</SensorState>
                    </Trackpoint>
                    <Trackpoint>
                        <Time>2025-10-19T01:13:00.000Z</Time>
                        <HeartRateBpm>
                            <Value>123</Value>
                        </HeartRateBpm>
                        <SensorState>Present</SensorState>
                    </Trackpoint>
                    <Trackpoint>
                        <Time>2025-10-19T01:13:01.000Z</Time>
                        <HeartRateBpm>
                            <Value>124</Value>
                        </HeartRateBpm>
                        <SensorState>Present</SensorState>
                    </Trackpoint>
                    <Trackpoint>
                        <Time>2025-10-19T01:13:02.000Z</Time>
                        <HeartRateBpm>
                            <Value>124</Value>
                        </HeartRateBpm>
                        <SensorState>Present</SensorState>
                    </Trackpoint>
                    <Trackpoint>
                        <Time>2025-10-19T01:13:03.000Z</Time>
                        <HeartRateBpm>
                            <Value>126</Value>
                        </HeartRateBpm>
                        <SensorState>Present</SensorState>
                    </Trackpoint>
                    <Trackpoint>
                        <Time>2025-10-19T01:13:04.000Z</Time>
                        <HeartRateBpm>
                            <Value>126</Value>
                        </HeartRateBpm>
                        <SensorState>Present</SensorState>
                    </Trackpoint>
                    <Trackpoint>
                        <Time>2025-10-19T01:13:05.000Z</Time>
                        <HeartRateBpm>
                            <Value>126</Value>
                        </HeartRateBpm>
                        <SensorState>Present</SensorState>
                    </Trackpoint>
                    <Trackpoint>
                        <Time>2025-10-19T01:13:06.000Z</Time>
                        <HeartRateBpm>
                            <Value>126</Value>
                        </HeartRateBpm>
                        <SensorState>Present</SensorState>
                    </Trackpoint>
                    <Trackpoint>
                        <Time>2025-10-19T01:13:07.000Z</Time>
                        <HeartRateBpm>
                            <Value>126</Value>
                        </HeartRateBpm>
                        <SensorState>Present</SensorState>
                    </Trackpoint>
                    <Trackpoint>
                        <Time>2025-10-19T01:13:08.000Z</Time>
                        <HeartRateBpm>
                            <Value>125</Value>
                        </HeartRateBpm>
                        <SensorState>Present</SensorState>
                    </Trackpoint>
                    <Trackpoint>
                        <Time>2025-10-19T01:13:09.000Z</Time>
                        <HeartRateBpm>
                            <Value>125</Value>
                        </HeartRateBpm>
                        <SensorState>Present</SensorState>
                    </Trackpoint>
                    <Trackpoint>
                        <Time>2025-10-19T01:13:10.000Z</Time>
                        <HeartRateBpm>
                            <Value>124</Value>
                        </HeartRateBpm>
                        <SensorState>Present</SensorState>
                    </Trackpoint>
                    <Trackpoint>
                        <Time>2025-10-19T01:13:11.000Z</Time>
                        <HeartRateBpm>
                            <Value>123</Value>
                        </HeartRateBpm>
                        <SensorState>Present</SensorState>
                    </Trackpoint>
                    <Trackpoint>
                        <Time>2025-10-19T01:13:12.000Z</Time>
                        <HeartRateBpm>
                            <Value>123</Value>
                        </HeartRateBpm>
                        <SensorState>Present</SensorState>
                    </Trackpoint>
                    <Trackpoint>
                        <Time>2025-10-19T01:13:13.000Z</Time>
                        <HeartRateBpm>
                            <Value>123</Value>
                        </HeartRateBpm>
                        <SensorState>Present</SensorState>
                    </Trackpoint>
                    <Trackpoint>
                        <Time>2025-10-19T01:13:14.000Z</Time>
                        <HeartRateBpm>
                            <Value>123</Value>
                        </HeartRateBpm>
                        <SensorState>Present</SensorState>
                    </Trackpoint>
                    <Trackpoint>
                        <Time>2025-10-19T01:13:15.000Z</Time>
                        <HeartRateBpm>
                            <Value>123</Value>
                        </HeartRateBpm>
                        <SensorState>Present</SensorState>
                    </Trackpoint>
                    <Trackpoint>
                        <Time>2025-10-19T01:13:16.000Z</Time>
                        <HeartRateBpm>
                            <Value>124</Value>
                        </HeartRateBpm>
                        <SensorState>Present</SensorState>
                    </Trackpoint>
                    <Trackpoint>
                        <Time>2025-10-19T01:13:17.000Z</Time>
                        <HeartRateBpm>
                            <Value>124</Value>
                        </HeartRateBpm>
                        <SensorState>Present</SensorState>
                    </Trackpoint>
                    <Trackpoint>
                        <Time>2025-10-19T01:13:18.000Z</Time>
                        <HeartRateBpm>
                            <Value>124</Value>
                        </HeartRateBpm>
                        <SensorState>Present</SensorState>
                    </Trackpoint>
                    <Trackpoint>
                        <Time>2025-10-19T01:13:19.000Z</Time>
                        <HeartRateBpm>
                            <Value>124</Value>
                        </HeartRateBpm>
                        <SensorState>Present</SensorState>
                    </Trackpoint>
                    <Trackpoint>
                        <Time>2025-10-19T01:13:20.000Z</Time>
                        <HeartRateBpm>
                            <Value>124</Value>
                        </HeartRateBpm>
                        <SensorState>Present</SensorState>
                    </Trackpoint>
                    <Trackpoint>
                        <Time>2025-10-19T01:13:21.000Z</Time>
                        <HeartRateBpm>
                            <Value>124</Value>
                        </HeartRateBpm>
                        <SensorState>Present</SensorState>
                    </Trackpoint>
                    <Trackpoint>
                        <Time>2025-10-19T01:13:22.000Z</Time>
                        <HeartRateBpm>
                            <Value>125</Value>
                        </HeartRateBpm>
                        <SensorState>Present</SensorState>
                    </Trackpoint>
                    <Trackpoint>
                        <Time>2025-10-19T01:13:23.000Z</Time>
                        <HeartRateBpm>
                            <Value>125</Value>
                        </HeartRateBpm>
                        <SensorState>Present</SensorState>
                    </Trackpoint>
                    <Trackpoint>
                        <Time>2025-10-19T01:13:24.000Z</Time>
                        <HeartRateBpm>
                            <Value>125</Value>
                        </HeartRateBpm>
                        <SensorState>Present</SensorState>
                    </Trackpoint>
                    <Trackpoint>
                        <Time>2025-10-19T01:13:25.000Z</Time>
                        <HeartRateBpm>
                            <Value>126</Value>
                        </HeartRateBpm>
                        <SensorState>Present</SensorState>
                    </Trackpoint>
                    <Trackpoint>
                        <Time>2025-10-19T01:13:26.000Z</Time>
                        <HeartRateBpm>
                            <Value>125</Value>
                        </HeartRateBpm>
                        <SensorState>Present</SensorState>
                    </Trackpoint>
                    <Trackpoint>
                        <Time>2025-10-19T01:13:27.000Z</Time>
                        <HeartRateBpm>
                            <Value>123</Value>
                        </HeartRateBpm>
                        <SensorState>Present</SensorState>
                    </Trackpoint>
                    <Trackpoint>
                        <Time>2025-10-19T01:13:28.000Z</Time>
                        <HeartRateBpm>
                            <Value>122</Value>
                        </HeartRateBpm>
                        <SensorState>Present</SensorState>
                    </Trackpoint>
                    <Trackpoint>
                        <Time>2025-10-19T01:13:29.000Z</Time>
                        <HeartRateBpm>
                            <Value>122</Value>
                        </HeartRateBpm>
                        <SensorState>Present</SensorState>
                    </Trackpoint>
                    <Trackpoint>
                        <Time>2025-10-19T01:13:30.000Z</Time>
                        <HeartRateBpm>
                            <Value>121</Value>
                        </HeartRateBpm>
                        <SensorState>Present</SensorState>
                    </Trackpoint>
                    <Trackpoint>
                        <Time>2025-10-19T01:13:31.000Z</Time>
                        <HeartRateBpm>
                            <Value>121</Value>
                        </HeartRateBpm>
                        <SensorState>Present</SensorState>
                    </Trackpoint>
                    <Trackpoint>
                        <Time>2025-10-19T01:13:32.000Z</Time>
                        <HeartRateBpm>
                            <Value>121</Value>
                        </HeartRateBpm>
                        <SensorState>Present</SensorState>
                    </Trackpoint>
                    <Trackpoint>
                        <Time>2025-10-19T01:13:33.000Z</Time>
                        <HeartRateBpm>
                            <Value>122</Value>
                        </HeartRateBpm>
                        <SensorState>Present</SensorState>
                    </Trackpoint>
                    <Trackpoint>
                        <Time>2025-10-19T01:13:34.000Z</Time>
                        <HeartRateBpm>
                            <Value>122</Value>
                        </HeartRateBpm>
                        <SensorState>Present</SensorState>
                    </Trackpoint>
                    <Trackpoint>
                        <Time>2025-10-19T01:13:35.000Z</Time>
                        <HeartRateBpm>
                            <Value>121</Value>
                        </HeartRateBpm>
                        <SensorState>Present</SensorState>
                    </Trackpoint>
                    <Trackpoint>
                        <Time>2025-10-19T01:13:36.000Z</Time>
                        <HeartRateBpm>
                            <Value>121</Value>
                        </HeartRateBpm>
                        <SensorState>Present</SensorState>
                    </Trackpoint>
                    <Trackpoint>
                        <Time>2025-10-19T01:13:37.000Z</Time>
                        <HeartRateBpm>
                            <Value>121</Value>
                        </HeartRateBpm>
                        <SensorState>Present</SensorState>
                    </Trackpoint>
                    <Trackpoint>
                        <Time>2025-10-19T01:13:38.000Z</Time>
                        <HeartRateBpm>
                            <Value>122</Value>
                        </HeartRateBpm>
                        <SensorState>Present</SensorState>
                    </Trackpoint>
                    <Trackpoint>
                        <Time>2025-10-19T01:13:39.000Z</Time>
                        <HeartRateBpm>
                            <Value>122</Value>
                        </HeartRateBpm>
                        <SensorState>Present</SensorState>
                    </Trackpoint>
                    <Trackpoint>
                        <Time>2025-10-19T01:13:40.000Z</Time>
                        <HeartRateBpm>
                            <Value>122</Value>
                        </HeartRateBpm>
                        <SensorState>Present</SensorState>
                    </Trackpoint>
                    <Trackpoint>
                        <Time>2025-10-19T01:13:41.000Z</Time>
                        <HeartRateBpm>
                            <Value>122</Value>
                        </HeartRateBpm>
                        <SensorState>Present</SensorState>
                    </Trackpoint>
                    <Trackpoint>
                        <Time>2025-10-19T01:13:42.000Z</Time>
                        <HeartRateBpm>
                            <Value>123</Value>
                        </HeartRateBpm>
                        <SensorState>Present</SensorState>
                    </Trackpoint>
                    <Trackpoint>
                        <Time>2025-10-19T01:13:43.000Z</Time>
                        <HeartRateBpm>
                            <Value>123</Value>
                        </HeartRateBpm>
                        <SensorState>Present</SensorState>
                    </Trackpoint>
                    <Trackpoint>
                        <Time>2025-10-19T01:13:44.000Z</Time>
                        <HeartRateBpm>
                            <Value>123</Value>
                        </HeartRateBpm>
                        <SensorState>Present</SensorState>
                    </Trackpoint>
                    <Trackpoint>
                        <Time>2025-10-19T01:13:45.000Z</Time>
                        <HeartRateBpm>
                            <Value>123</Value>
                        </HeartRateBpm>
                        <SensorState>Present</SensorState>
                    </Trackpoint>
                    <Trackpoint>
                        <Time>2025-10-19T01:13:46.000Z</Time>
                        <HeartRateBpm>
                            <Value>123</Value>
                        </HeartRateBpm>
                        <SensorState>Present</SensorState>
                    </Trackpoint>
                    <Trackpoint>
                        <Time>2025-10-19T01:13:47.000Z</Time>
                        <HeartRateBpm>
                            <Value>123</Value>
                        </HeartRateBpm>
                        <SensorState>Present</SensorState>
                    </Trackpoint>
                    <Trackpoint>
                        <Time>2025-10-19T01:13:48.000Z</Time>
                        <HeartRateBpm>
                            <Value>123</Value>
                        </HeartRateBpm>
                        <SensorState>Present</SensorState>
                    </Trackpoint>
                    <Trackpoint>
                        <Time>2025-10-19T01:13:49.000Z</Time>
                        <HeartRateBpm>
                            <Value>123</Value>
                        </HeartRateBpm>
                        <SensorState>Present</SensorState>
                    </Trackpoint>
                    <Trackpoint>
                        <Time>2025-10-19T01:13:50.000Z</Time>
                        <HeartRateBpm>
                            <Value>122</Value>
                        </HeartRateBpm>
                        <SensorState>Present</SensorState>
                    </Trackpoint>
                    <Trackpoint>
                        <Time>2025-10-19T01:13:51.000Z</Time>
                        <HeartRateBpm>
                            <Value>122</Value>
                        </HeartRateBpm>
                        <SensorState>Present</SensorState>
                    </Trackpoint>
                    <Trackpoint>
                        <Time>2025-10-19T01:13:52.000Z</Time>
                        <HeartRateBpm>
                            <Value>121</Value>
                        </HeartRateBpm>
                        <SensorState>Present</SensorState>
                    </Trackpoint>
                    <Trackpoint>
                        <Time>2025-10-19T01:13:53.000Z</Time>
                        <HeartRateBpm>
                            <Value>121</Value>
                        </HeartRateBpm>
                        <SensorState>Present</SensorState>
                    </Trackpoint>
                    <Trackpoint>
                        <Time>2025-10-19T01:13:54.000Z</Time>
                        <HeartRateBpm>
                            <Value>122</Value>
                        </HeartRateBpm>
                        <SensorState>Present</SensorState>
                    </Trackpoint>
                    <Trackpoint>
                        <Time>2025-10-19T01:13:55.000Z</Time>
                        <HeartRateBpm>
                            <Value>123</Value>
                        </HeartRateBpm>
                        <SensorState>Present</SensorState>
                    </Trackpoint>
                    <Trackpoint>
                        <Time>2025-10-19T01:13:56.000Z</Time>
                        <HeartRateBpm>
                            <Value>124</Value>
                        </HeartRateBpm>
                        <SensorState>Present</SensorState>
                    </Trackpoint>
                    <Trackpoint>
                        <Time>2025-10-19T01:13:57.000Z</Time>
                        <HeartRateBpm>
                            <Value>124</Value>
                        </HeartRateBpm>
                        <SensorState>Present</SensorState>
                    </Trackpoint>
                    <Trackpoint>
                        <Time>2025-10-19T01:13:58.000Z</Time>
                        <HeartRateBpm>
                            <Value>125</Value>
                        </HeartRateBpm>
                        <SensorState>Present</SensorState>
                    </Trackpoint>
                    <Trackpoint>
                        <Time>2025-10-19T01:13:59.000Z</Time>
                        <HeartRateBpm>
                            <Value>126</Value>
                        </HeartRateBpm>
                        <SensorState>Present</SensorState>
                    </Trackpoint>
                    <Trackpoint>
                        <Time>2025-10-19T01:14:00.000Z</Time>
                        <HeartRateBpm>
                            <Value>127</Value>
                        </HeartRateBpm>
                        <SensorState>Present</SensorState>
                    </Trackpoint>
                    <Trackpoint>
                        <Time>2025-10-19T01:14:01.000Z</Time>
                        <HeartRateBpm>
                            <Value>129</Value>
                        </HeartRateBpm>
                        <SensorState>Present</SensorState>
                    </Trackpoint>
                    <Trackpoint>
                        <Time>2025-10-19T01:14:02.000Z</Time>
                        <HeartRateBpm>
                            <Value>130</Value>
                        </HeartRateBpm>
                        <SensorState>Present</SensorState>
                    </Trackpoint>
                    <Trackpoint>
                        <Time>2025-10-19T01:14:03.000Z</Time>
                        <HeartRateBpm>
                            <Value>131</Value>
                        </HeartRateBpm>
                        <SensorState>Present</SensorState>
                    </Trackpoint>
                    <Trackpoint>
                        <Time>2025-10-19T01:14:04.000Z</Time>
                        <HeartRateBpm>
                            <Value>131</Value>
                        </HeartRateBpm>
                        <SensorState>Present</SensorState>
                    </Trackpoint>
                    <Trackpoint>
                        <Time>2025-10-19T01:14:05.000Z</Time>
                        <HeartRateBpm>
                            <Value>131</Value>
                        </HeartRateBpm>
                        <SensorState>Present</SensorState>
                    </Trackpoint>
                    <Trackpoint>
                        <Time>2025-10-19T01:14:06.000Z</Time>
                        <HeartRateBpm>
                            <Value>130</Value>
                        </HeartRateBpm>
                        <SensorState>Present</SensorState>
                    </Trackpoint>
                    <Trackpoint>
                        <Time>2025-10-19T01:14:07.000Z</Time>
                        <HeartRateBpm>
                            <Value>130</Value>
                        </HeartRateBpm>
                        <SensorState>Present</SensorState>
                    </Trackpoint>
                    <Trackpoint>
                        <Time>2025-10-19T01:14:08.000Z</Time>
                        <HeartRateBpm>
                            <Value>130</Value>
                        </HeartRateBpm>
                        <SensorState>Present</SensorState>
                    </Trackpoint>
                    <Trackpoint>
                        <Time>2025-10-19T01:14:09.000Z</Time>
                        <HeartRateBpm>
                            <Value>130</Value>
                        </HeartRateBpm>
                        <SensorState>Present</SensorState>
                    </Trackpoint>
                    <Trackpoint>
                        <Time>2025-10-19T01:14:10.000Z</Time>
                        <HeartRateBpm>
                            <Value>129</Value>
                        </HeartRateBpm>
                        <SensorState>Present</SensorState>
                    </Trackpoint>
                    <Trackpoint>
                        <Time>2025-10-19T01:14:11.000Z</Time>
                        <HeartRateBpm>
                            <Value>129</Value>
                        </HeartRateBpm>
                        <SensorState>Present</SensorState>
                    </Trackpoint>
                    <Trackpoint>
                        <Time>2025-10-19T01:14:12.000Z</Time>
                        <HeartRateBpm>
                            <Value>129</Value>
                        </HeartRateBpm>
                        <SensorState>Present</SensorState>
                    </Trackpoint>
                    <Trackpoint>
                        <Time>2025-10-19T01:14:13.000Z</Time>
                        <HeartRateBpm>
                            <Value>130</Value>
                        </HeartRateBpm>
                        <SensorState>Present</SensorState>
                    </Trackpoint>
                    <Trackpoint>
                        <Time>2025-10-19T01:14:14.000Z</Time>
                        <HeartRateBpm>
                            <Value>131</Value>
                        </HeartRateBpm>
                        <SensorState>Present</SensorState>
                    </Trackpoint>
                    <Trackpoint>
                        <Time>2025-10-19T01:14:15.000Z</Time>
                        <HeartRateBpm>
                            <Value>132</Value>
                        </HeartRateBpm>
                        <SensorState>Present</SensorState>
                    </Trackpoint>
                    <Trackpoint>
                        <Time>2025-10-19T01:14:16.000Z</Time>
                        <HeartRateBpm>
                            <Value>133</Value>
                        </HeartRateBpm>
                        <SensorState>Present</SensorState>
                    </Trackpoint>
                    <Trackpoint>
                        <Time>2025-10-19T01:14:17.000Z</Time>
                        <HeartRateBpm>
                            <Value>134</Value>
                        </HeartRateBpm>
                        <SensorState>Present</SensorState>
                    </Trackpoint>
                    <Trackpoint>
                        <Time>2025-10-19T01:14:18.000Z</Time>
                        <HeartRateBpm>
                            <Value>134</Value>
                        </HeartRateBpm>
                        <SensorState>Present</SensorState>
                    </Trackpoint>
                    <Trackpoint>
                        <Time>2025-10-19T01:14:19.000Z</Time>
                        <HeartRateBpm>
                            <Value>135</Value>
                        </HeartRateBpm>
                        <SensorState>Present</SensorState>
                    </Trackpoint>
                    <Trackpoint>
                        <Time>2025-10-19T01:14:20.000Z</Time>
                        <HeartRateBpm>
                            <Value>134</Value>
                        </HeartRateBpm>
                        <SensorState>Present</SensorState>
                    </Trackpoint>
                    <Trackpoint>
                        <Time>2025-10-19T01:14:21.000Z</Time>
                        <HeartRateBpm>
                            <Value>134</Value>
                        </HeartRateBpm>
                        <SensorState>Present</SensorState>
                    </Trackpoint>
                    <Trackpoint>
                        <Time>2025-10-19T01:14:22.000Z</Time>
                        <HeartRateBpm>
                            <Value>133</Value>
                        </HeartRateBpm>
                        <SensorState>Present</SensorState>
                    </Trackpoint>
                    <Trackpoint>
                        <Time>2025-10-19T01:14:23.000Z</Time>
                        <HeartRateBpm>
                            <Value>132</Value>
                        </HeartRateBpm>
                        <SensorState>Present</SensorState>
                    </Trackpoint>
                    <Trackpoint>
                        <Time>2025-10-19T01:14:24.000Z</Time>
                        <HeartRateBpm>
                            <Value>132</Value>
                        </HeartRateBpm>
                        <SensorState>Present</SensorState>
                    </Trackpoint>
                    <Trackpoint>
                        <Time>2025-10-19T01:14:25.000Z</Time>
                        <HeartRateBpm>
                            <Value>131</Value>
                        </HeartRateBpm>
                        <SensorState>Present</SensorState>
                    </Trackpoint>
                    <Trackpoint>
                        <Time>2025-10-19T01:14:26.000Z</Time>
                        <HeartRateBpm>
                            <Value>131</Value>
                        </HeartRateBpm>
                        <SensorState>Present</SensorState>
                    </Trackpoint>
                    <Trackpoint>
                        <Time>2025-10-19T01:14:27.000Z</Time>
                        <HeartRateBpm>
                            <Value>130</Value>
                        </HeartRateBpm>
                        <SensorState>Present</SensorState>
                    </Trackpoint>
                    <Trackpoint>
                        <Time>2025-10-19T01:14:28.000Z</Time>
                        <HeartRateBpm>
                            <Value>129</Value>
                        </HeartRateBpm>
                        <SensorState>Present</SensorState>
                    </Trackpoint>
                    <Trackpoint>
                        <Time>2025-10-19T01:14:29.000Z</Time>
                        <HeartRateBpm>
                            <Value>128</Value>
                        </HeartRateBpm>
                        <SensorState>Present</SensorState>
                    </Trackpoint>
                    <Trackpoint>
                        <Time>2025-10-19T01:14:30.000Z</Time>
                        <HeartRateBpm>
                            <Value>127</Value>
                        </HeartRateBpm>
                        <SensorState>Present</SensorState>
                    </Trackpoint>
                    <Trackpoint>
                        <Time>2025-10-19T01:14:31.000Z</Time>
                        <HeartRateBpm>
                            <Value>126</Value>
                        </HeartRateBpm>
                        <SensorState>Present</SensorState>
                    </Trackpoint>
                    <Trackpoint>
                        <Time>2025-10-19T01:14:32.000Z</Time>
                        <HeartRateBpm>
                            <Value>125</Value>
                        </HeartRateBpm>
                        <SensorState>Present</SensorState>
                    </Trackpoint>
                    <Trackpoint>
                        <Time>2025-10-19T01:14:33.000Z</Time>
                        <HeartRateBpm>
                            <Value>125</Value>
                        </HeartRateBpm>
                        <SensorState>Present</SensorState>
                    </Trackpoint>
                    <Trackpoint>
                        <Time>2025-10-19T01:14:34.000Z</Time>
                        <HeartRateBpm>
                            <Value>125</Value>
                        </HeartRateBpm>
                        <SensorState>Present</SensorState>
                    </Trackpoint>
                    <Trackpoint>
                        <Time>2025-10-19T01:14:35.000Z</Time>
                        <HeartRateBpm>
                            <Value>124</Value>
                        </HeartRateBpm>
                        <SensorState>Present</SensorState>
                    </Trackpoint>
                    <Trackpoint>
                        <Time>2025-10-19T01:14:36.000Z</Time>
                        <HeartRateBpm>
                            <Value>124</Value>
                        </HeartRateBpm>
                        <SensorState>Present</SensorState>
                    </Trackpoint>
                    <Trackpoint>
                        <Time>2025-10-19T01:14:37.000Z</Time>
                        <HeartRateBpm>
                            <Value>124</Value>
                        </HeartRateBpm>
                        <SensorState>Present</SensorState>
                    </Trackpoint>
                    <Trackpoint>
                        <Time>2025-10-19T01:14:38.000Z</Time>
                        <HeartRateBpm>
                            <Value>124</Value>
                        </HeartRateBpm>
                        <SensorState>Present</SensorState>
                    </Trackpoint>
                    <Trackpoint>
                        <Time>2025-10-19T01:14:39.000Z</Time>
                        <HeartRateBpm>
                            <Value>125</Value>
                        </HeartRateBpm>
                        <SensorState>Present</SensorState>
                    </Trackpoint>
                    <Trackpoint>
                        <Time>2025-10-19T01:14:40.000Z</Time>
                        <HeartRateBpm>
                            <Value>126</Value>
                        </HeartRateBpm>
                        <SensorState>Present</SensorState>
                    </Trackpoint>
                    <Trackpoint>
                        <Time>2025-10-19T01:14:41.000Z</Time>
                        <HeartRateBpm>
                            <Value>126</Value>
                        </HeartRateBpm>
                        <SensorState>Present</SensorState>
                    </Trackpoint>
                    <Trackpoint>
                        <Time>2025-10-19T01:14:42.000Z</Time>
                        <HeartRateBpm>
                            <Value>125</Value>
                        </HeartRateBpm>
                        <SensorState>Present</SensorState>
                    </Trackpoint>
                    <Trackpoint>
                        <Time>2025-10-19T01:14:43.000Z</Time>
                        <HeartRateBpm>
                            <Value>125</Value>
                        </HeartRateBpm>
                        <SensorState>Present</SensorState>
                    </Trackpoint>
                    <Trackpoint>
                        <Time>2025-10-19T01:14:44.000Z</Time>
                        <HeartRateBpm>
                            <Value>125</Value>
                        </HeartRateBpm>
                        <SensorState>Present</SensorState>
                    </Trackpoint>
                    <Trackpoint>
                        <Time>2025-10-19T01:14:45.000Z</Time>
                        <HeartRateBpm>
                            <Value>126</Value>
                        </HeartRateBpm>
                        <SensorState>Present</SensorState>
                    </Trackpoint>
                    <Trackpoint>
                        <Time>2025-10-19T01:14:46.000Z</Time>
                        <HeartRateBpm>
                            <Value>127</Value>
                        </HeartRateBpm>
                        <SensorState>Present</SensorState>
                    </Trackpoint>
                    <Trackpoint>
                        <Time>2025-10-19T01:14:47.000Z</Time>
                        <HeartRateBpm>
                            <Value>128</Value>
                        </HeartRateBpm>
                        <SensorState>Present</SensorState>
                    </Trackpoint>
                    <Trackpoint>
                        <Time>2025-10-19T01:14:48.000Z</Time>
                        <HeartRateBpm>
                            <Value>129</Value>
                        </HeartRateBpm>
                        <SensorState>Present</SensorState>
                    </Trackpoint>
                    <Trackpoint>
                        <Time>2025-10-19T01:14:49.000Z</Time>
                        <HeartRateBpm>
                            <Value>130</Value>
                        </HeartRateBpm>
                        <SensorState>Present</SensorState>
                    </Trackpoint>
                    <Trackpoint>
                        <Time>2025-10-19T01:14:50.000Z</Time>
                        <HeartRateBpm>
                            <Value>130</Value>
                        </HeartRateBpm>
                        <SensorState>Present</SensorState>
                    </Trackpoint>
                    <Trackpoint>
                        <Time>2025-10-19T01:14:51.000Z</Time>
                        <HeartRateBpm>
                            <Value>130</Value>
                        </HeartRateBpm>
                        <SensorState>Present</SensorState>
                    </Trackpoint>
                    <Trackpoint>
                        <Time>2025-10-19T01:14:52.000Z</Time>
                        <HeartRateBpm>
                            <Value>130</Value>
                        </HeartRateBpm>
                        <SensorState>Present</SensorState>
                    </Trackpoint>
                    <Trackpoint>
                        <Time>2025-10-19T01:14:53.000Z</Time>
                        <HeartRateBpm>
                            <Value>131</Value>
                        </HeartRateBpm>
                        <SensorState>Present</SensorState>
                    </Trackpoint>
                    <Trackpoint>
                        <Time>2025-10-19T01:14:54.000Z</Time>
                        <HeartRateBpm>
                            <Value>131</Value>
                        </HeartRateBpm>
                        <SensorState>Present</SensorState>
                    </Trackpoint>
                    <Trackpoint>
                        <Time>2025-10-19T01:14:55.000Z</Time>
                        <HeartRateBpm>
                            <Value>131</Value>
                        </HeartRateBpm>
                        <SensorState>Present</SensorState>
                    </Trackpoint>
                    <Trackpoint>
                        <Time>2025-10-19T01:14:56.000Z</Time>
                        <HeartRateBpm>
                            <Value>131</Value>
                        </HeartRateBpm>
                        <SensorState>Present</SensorState>
                    </Trackpoint>
                    <Trackpoint>
                        <Time>2025-10-19T01:14:57.000Z</Time>
                        <HeartRateBpm>
                            <Value>132</Value>
                        </HeartRateBpm>
                        <SensorState>Present</SensorState>
                    </Trackpoint>
                    <Trackpoint>
                        <Time>2025-10-19T01:14:58.000Z</Time>
                        <HeartRateBpm>
                            <Value>131</Value>
                        </HeartRateBpm>
                        <SensorState>Present</SensorState>
                    </Trackpoint>
                    <Trackpoint>
                        <Time>2025-10-19T01:14:59.000Z</Time>
                        <HeartRateBpm>
                            <Value>131</Value>
                        </HeartRateBpm>
                        <SensorState>Present</SensorState>
                    </Trackpoint>
                    <Trackpoint>
                        <Time>2025-10-19T01:15:00.000Z</Time>
                        <HeartRateBpm>
                            <Value>130</Value>
                        </HeartRateBpm>
                        <SensorState>Present</SensorState>
                    </Trackpoint>
                    <Trackpoint>
                        <Time>2025-10-19T01:15:01.000Z</Time>
                        <HeartRateBpm>
                            <Value>130</Value>
                        </HeartRateBpm>
                        <SensorState>Present</SensorState>
                    </Trackpoint>
                    <Trackpoint>
                        <Time>2025-10-19T01:15:02.000Z</Time>
                        <HeartRateBpm>
                            <Value>130</Value>
                        </HeartRateBpm>
                        <SensorState>Present</SensorState>
                    </Trackpoint>
                    <Trackpoint>
                        <Time>2025-10-19T01:15:03.000Z</Time>
                        <HeartRateBpm>
                            <Value>129</Value>
                        </HeartRateBpm>
                        <SensorState>Present</SensorState>
                    </Trackpoint>
                    <Trackpoint>
                        <Time>2025-10-19T01:15:04.000Z</Time>
                        <HeartRateBpm>
                            <Value>129</Value>
                        </HeartRateBpm>
                        <SensorState>Present</SensorState>
                    </Trackpoint>
                    <Trackpoint>
                        <Time>2025-10-19T01:15:05.000Z</Time>
                        <HeartRateBpm>
                            <Value>130</Value>
                        </HeartRateBpm>
                        <SensorState>Present</SensorState>
                    </Trackpoint>
                    <Trackpoint>
                        <Time>2025-10-19T01:15:06.000Z</Time>
                        <HeartRateBpm>
                            <Value>129</Value>
                        </HeartRateBpm>
                        <SensorState>Present</SensorState>
                    </Trackpoint>
                    <Trackpoint>
                        <Time>2025-10-19T01:15:07.000Z</Time>
                        <HeartRateBpm>
                            <Value>128</Value>
                        </HeartRateBpm>
                        <SensorState>Present</SensorState>
                    </Trackpoint>
                    <Trackpoint>
                        <Time>2025-10-19T01:15:08.000Z</Time>
                        <HeartRateBpm>
                            <Value>128</Value>
                        </HeartRateBpm>
                        <SensorState>Present</SensorState>
                    </Trackpoint>
                    <Trackpoint>
                        <Time>2025-10-19T01:15:09.000Z</Time>
                        <HeartRateBpm>
                            <Value>129</Value>
                        </HeartRateBpm>
                        <SensorState>Present</SensorState>
                    </Trackpoint>
                    <Trackpoint>
                        <Time>2025-10-19T01:15:10.000Z</Time>
                        <HeartRateBpm>
                            <Value>128</Value>
                        </HeartRateBpm>
                        <SensorState>Present</SensorState>
                    </Trackpoint>
                    <Trackpoint>
                        <Time>2025-10-19T01:15:11.000Z</Time>
                        <HeartRateBpm>
                            <Value>128</Value>
                        </HeartRateBpm>
                        <SensorState>Present</SensorState>
                    </Trackpoint>
                    <Trackpoint>
                        <Time>2025-10-19T01:15:12.000Z</Time>
                        <HeartRateBpm>
                            <Value>128</Value>
                        </HeartRateBpm>
                        <SensorState>Present</SensorState>
                    </Trackpoint>
                    <Trackpoint>
                        <Time>2025-10-19T01:15:13.000Z</Time>
                        <HeartRateBpm>
                            <Value>127</Value>
                        </HeartRateBpm>
                        <SensorState>Present</SensorState>
                    </Trackpoint>
                    <Trackpoint>
                        <Time>2025-10-19T01:15:14.000Z</Time>
                        <HeartRateBpm>
                            <Value>127</Value>
                        </HeartRateBpm>
                        <SensorState>Present</SensorState>
                    </Trackpoint>
                    <Trackpoint>
                        <Time>2025-10-19T01:15:15.000Z</Time>
                        <HeartRateBpm>
                            <Value>127</Value>
                        </HeartRateBpm>
                        <SensorState>Present</SensorState>
                    </Trackpoint>
                    <Trackpoint>
                        <Time>2025-10-19T01:15:16.000Z</Time>
                        <HeartRateBpm>
                            <Value>127</Value>
                        </HeartRateBpm>
                        <SensorState>Present</SensorState>
                    </Trackpoint>
                    <Trackpoint>
                        <Time>2025-10-19T01:15:17.000Z</Time>
                        <HeartRateBpm>
                            <Value>127</Value>
                        </HeartRateBpm>
                        <SensorState>Present</SensorState>
                    </Trackpoint>
                    <Trackpoint>
                        <Time>2025-10-19T01:15:18.000Z</Time>
                        <HeartRateBpm>
                            <Value>127</Value>
                        </HeartRateBpm>
                        <SensorState>Present</SensorState>
                    </Trackpoint>
                    <Trackpoint>
                        <Time>2025-10-19T01:15:19.000Z</Time>
                        <HeartRateBpm>
                            <Value>127</Value>
                        </HeartRateBpm>
                        <SensorState>Present</SensorState>
                    </Trackpoint>
                    <Trackpoint>
                        <Time>2025-10-19T01:15:20.000Z</Time>
                        <HeartRateBpm>
                            <Value>126</Value>
                        </HeartRateBpm>
                        <SensorState>Present</SensorState>
                    </Trackpoint>
                    <Trackpoint>
                        <Time>2025-10-19T01:15:21.000Z</Time>
                        <HeartRateBpm>
                            <Value>126</Value>
                        </HeartRateBpm>
                        <SensorState>Present</SensorState>
                    </Trackpoint>
                    <Trackpoint>
                        <Time>2025-10-19T01:15:22.000Z</Time>
                        <HeartRateBpm>
                            <Value>126</Value>
                        </HeartRateBpm>
                        <SensorState>Present</SensorState>
                    </Trackpoint>
                    <Trackpoint>
                        <Time>2025-10-19T01:15:23.000Z</Time>
                        <HeartRateBpm>
                            <Value>125</Value>
                        </HeartRateBpm>
                        <SensorState>Present</SensorState>
                    </Trackpoint>
                    <Trackpoint>
                        <Time>2025-10-19T01:15:24.000Z</Time>
                        <HeartRateBpm>
                            <Value>125</Value>
                        </HeartRateBpm>
                        <SensorState>Present</SensorState>
                    </Trackpoint>
                    <Trackpoint>
                        <Time>2025-10-19T01:15:25.000Z</Time>
                        <HeartRateBpm>
                            <Value>126</Value>
                        </HeartRateBpm>
                        <SensorState>Present</SensorState>
                    </Trackpoint>
                    <Trackpoint>
                        <Time>2025-10-19T01:15:26.000Z</Time>
                        <HeartRateBpm>
                            <Value>126</Value>
                        </HeartRateBpm>
                        <SensorState>Present</SensorState>
                    </Trackpoint>
                    <Trackpoint>
                        <Time>2025-10-19T01:15:27.000Z</Time>
                        <HeartRateBpm>
                            <Value>126</Value>
                        </HeartRateBpm>
                        <SensorState>Present</SensorState>
                    </Trackpoint>
                    <Trackpoint>
                        <Time>2025-10-19T01:15:28.000Z</Time>
                        <HeartRateBpm>
                            <Value>125</Value>
                        </HeartRateBpm>
                        <SensorState>Present</SensorState>
                    </Trackpoint>
                    <Trackpoint>
                        <Time>2025-10-19T01:15:29.000Z</Time>
                        <HeartRateBpm>
                            <Value>125</Value>
                        </HeartRateBpm>
                        <SensorState>Present</SensorState>
                    </Trackpoint>
                    <Trackpoint>
                        <Time>2025-10-19T01:15:30.000Z</Time>
                        <HeartRateBpm>
                            <Value>124</Value>
                        </HeartRateBpm>
                        <SensorState>Present</SensorState>
                    </Trackpoint>
                    <Trackpoint>
                        <Time>2025-10-19T01:15:31.000Z</Time>
                        <HeartRateBpm>
                            <Value>124</Value>
                        </HeartRateBpm>
                        <SensorState>Present</SensorState>
                    </Trackpoint>
                    <Trackpoint>
                        <Time>2025-10-19T01:15:32.000Z</Time>
                        <HeartRateBpm>
                            <Value>124</Value>
                        </HeartRateBpm>
                        <SensorState>Present</SensorState>
                    </Trackpoint>
                    <Trackpoint>
                        <Time>2025-10-19T01:15:33.000Z</Time>
                        <HeartRateBpm>
                            <Value>124</Value>
                        </HeartRateBpm>
                        <SensorState>Present</SensorState>
                    </Trackpoint>
                    <Trackpoint>
                        <Time>2025-10-19T01:15:34.000Z</Time>
                        <HeartRateBpm>
                            <Value>125</Value>
                        </HeartRateBpm>
                        <SensorState>Present</SensorState>
                    </Trackpoint>
                    <Trackpoint>
                        <Time>2025-10-19T01:15:35.000Z</Time>
                        <HeartRateBpm>
                            <Value>125</Value>
                        </HeartRateBpm>
                        <SensorState>Present</SensorState>
                    </Trackpoint>
                    <Trackpoint>
                        <Time>2025-10-19T01:15:36.000Z</Time>
                        <HeartRateBpm>
                            <Value>125</Value>
                        </HeartRateBpm>
                        <SensorState>Present</SensorState>
                    </Trackpoint>
                    <Trackpoint>
                        <Time>2025-10-19T01:15:37.000Z</Time>
                        <HeartRateBpm>
                            <Value>125</Value>
                        </HeartRateBpm>
                        <SensorState>Present</SensorState>
                    </Trackpoint>
                    <Trackpoint>
                        <Time>2025-10-19T01:15:38.000Z</Time>
                        <HeartRateBpm>
                            <Value>125</Value>
                        </HeartRateBpm>
                        <SensorState>Present</SensorState>
                    </Trackpoint>
                    <Trackpoint>
                        <Time>2025-10-19T01:15:39.000Z</Time>
                        <HeartRateBpm>
                            <Value>126</Value>
                        </HeartRateBpm>
                        <SensorState>Present</SensorState>
                    </Trackpoint>
                    <Trackpoint>
                        <Time>2025-10-19T01:15:40.000Z</Time>
                        <HeartRateBpm>
                            <Value>126</Value>
                        </HeartRateBpm>
                        <SensorState>Present</SensorState>
                    </Trackpoint>
                    <Trackpoint>
                        <Time>2025-10-19T01:15:41.000Z</Time>
                        <HeartRateBpm>
                            <Value>126</Value>
                        </HeartRateBpm>
                        <SensorState>Present</SensorState>
                    </Trackpoint>
                    <Trackpoint>
                        <Time>2025-10-19T01:15:42.000Z</Time>
                        <HeartRateBpm>
                            <Value>125</Value>
                        </HeartRateBpm>
                        <SensorState>Present</SensorState>
                    </Trackpoint>
                    <Trackpoint>
                        <Time>2025-10-19T01:15:43.000Z</Time>
                        <HeartRateBpm>
                            <Value>125</Value>
                        </HeartRateBpm>
                        <SensorState>Present</SensorState>
                    </Trackpoint>
                    <Trackpoint>
                        <Time>2025-10-19T01:15:44.000Z</Time>
                        <HeartRateBpm>
                            <Value>125</Value>
                        </HeartRateBpm>
                        <SensorState>Present</SensorState>
                    </Trackpoint>
                    <Trackpoint>
                        <Time>2025-10-19T01:15:45.000Z</Time>
                        <HeartRateBpm>
                            <Value>125</Value>
                        </HeartRateBpm>
                        <SensorState>Present</SensorState>
                    </Trackpoint>
                    <Trackpoint>
                        <Time>2025-10-19T01:15:46.000Z</Time>
                        <HeartRateBpm>
                            <Value>125</Value>
                        </HeartRateBpm>
                        <SensorState>Present</SensorState>
                    </Trackpoint>
                    <Trackpoint>
                        <Time>2025-10-19T01:15:47.000Z</Time>
                        <HeartRateBpm>
                            <Value>124</Value>
                        </HeartRateBpm>
                        <SensorState>Present</SensorState>
                    </Trackpoint>
                    <Trackpoint>
                        <Time>2025-10-19T01:15:48.000Z</Time>
                        <HeartRateBpm>
                            <Value>123</Value>
                        </HeartRateBpm>
                        <SensorState>Present</SensorState>
                    </Trackpoint>
                    <Trackpoint>
                        <Time>2025-10-19T01:15:49.000Z</Time>
                        <HeartRateBpm>
                            <Value>121</Value>
                        </HeartRateBpm>
                        <SensorState>Present</SensorState>
                    </Trackpoint>
                    <Trackpoint>
                        <Time>2025-10-19T01:15:50.000Z</Time>
                        <HeartRateBpm>
                            <Value>120</Value>
                        </HeartRateBpm>
                        <SensorState>Present</SensorState>
                    </Trackpoint>
                    <Trackpoint>
                        <Time>2025-10-19T01:15:51.000Z</Time>
                        <HeartRateBpm>
                            <Value>119</Value>
                        </HeartRateBpm>
                        <SensorState>Present</SensorState>
                    </Trackpoint>
                    <Trackpoint>
                        <Time>2025-10-19T01:15:52.000Z</Time>
                        <HeartRateBpm>
                            <Value>118</Value>
                        </HeartRateBpm>
                        <SensorState>Present</SensorState>
                    </Trackpoint>
                    <Trackpoint>
                        <Time>2025-10-19T01:15:53.000Z</Time>
                        <HeartRateBpm>
                            <Value>117</Value>
                        </HeartRateBpm>
                        <SensorState>Present</SensorState>
                    </Trackpoint>
                    <Trackpoint>
                        <Time>2025-10-19T01:15:54.000Z</Time>
                        <HeartRateBpm>
                            <Value>117</Value>
                        </HeartRateBpm>
                        <SensorState>Present</SensorState>
                    </Trackpoint>
                    <Trackpoint>
                        <Time>2025-10-19T01:15:55.000Z</Time>
                        <HeartRateBpm>
                            <Value>117</Value>
                        </HeartRateBpm>
                        <SensorState>Present</SensorState>
                    </Trackpoint>
                    <Trackpoint>
                        <Time>2025-10-19T01:15:56.000Z</Time>
                        <HeartRateBpm>
                            <Value>116</Value>
                        </HeartRateBpm>
                        <SensorState>Present</SensorState>
                    </Trackpoint>
                    <Trackpoint>
                        <Time>2025-10-19T01:15:57.000Z</Time>
                        <HeartRateBpm>
                            <Value>115</Value>
                        </HeartRateBpm>
                        <SensorState>Present</SensorState>
                    </Trackpoint>
                    <Trackpoint>
                        <Time>2025-10-19T01:15:58.000Z</Time>
                        <HeartRateBpm>
                            <Value>116</Value>
                        </HeartRateBpm>
                        <SensorState>Present</SensorState>
                    </Trackpoint>
                    <Trackpoint>
                        <Time>2025-10-19T01:15:59.000Z</Time>
                        <HeartRateBpm>
                            <Value>116</Value>
                        </HeartRateBpm>
                        <SensorState>Present</SensorState>
                    </Trackpoint>
                    <Trackpoint>
                        <Time>2025-10-19T01:16:00.000Z</Time>
                        <HeartRateBpm>
                            <Value>117</Value>
                        </HeartRateBpm>
                        <SensorState>Present</SensorState>
                    </Trackpoint>
                    <Trackpoint>
                        <Time>2025-10-19T01:16:01.000Z</Time>
                        <HeartRateBpm>
                            <Value>117</Value>
                        </HeartRateBpm>
                        <SensorState>Present</SensorState>
                    </Trackpoint>
                    <Trackpoint>
                        <Time>2025-10-19T01:16:02.000Z</Time>
                        <HeartRateBpm>
                            <Value>117</Value>
                        </HeartRateBpm>
                        <SensorState>Present</SensorState>
                    </Trackpoint>
                    <Trackpoint>
                        <Time>2025-10-19T01:16:03.000Z</Time>
                        <HeartRateBpm>
                            <Value>116</Value>
                        </HeartRateBpm>
                        <SensorState>Present</SensorState>
                    </Trackpoint>
                    <Trackpoint>
                        <Time>2025-10-19T01:16:04.000Z</Time>
                        <HeartRateBpm>
                            <Value>116</Value>
                        </HeartRateBpm>
                        <SensorState>Present</SensorState>
                    </Trackpoint>
                    <Trackpoint>
                        <Time>2025-10-19T01:16:05.000Z</Time>
                        <HeartRateBpm>
                            <Value>115</Value>
                        </HeartRateBpm>
                        <SensorState>Present</SensorState>
                    </Trackpoint>
                    <Trackpoint>
                        <Time>2025-10-19T01:16:06.000Z</Time>
                        <HeartRateBpm>
                            <Value>115</Value>
                        </HeartRateBpm>
                        <SensorState>Present</SensorState>
                    </Trackpoint>
                    <Trackpoint>
                        <Time>2025-10-19T01:16:07.000Z</Time>
                        <HeartRateBpm>
                            <Value>114</Value>
                        </HeartRateBpm>
                        <SensorState>Present</SensorState>
                    </Trackpoint>
                    <Trackpoint>
                        <Time>2025-10-19T01:16:08.000Z</Time>
                        <HeartRateBpm>
                            <Value>113</Value>
                        </HeartRateBpm>
                        <SensorState>Present</SensorState>
                    </Trackpoint>
                    <Trackpoint>
                        <Time>2025-10-19T01:16:09.000Z</Time>
                        <HeartRateBpm>
                            <Value>111</Value>
                        </HeartRateBpm>
                        <SensorState>Present</SensorState>
                    </Trackpoint>
                    <Trackpoint>
                        <Time>2025-10-19T01:16:10.000Z</Time>
                        <HeartRateBpm>
                            <Value>111</Value>
                        </HeartRateBpm>
                        <SensorState>Present</SensorState>
                    </Trackpoint>
                    <Trackpoint>
                        <Time>2025-10-19T01:16:11.000Z</Time>
                        <HeartRateBpm>
                            <Value>110</Value>
                        </HeartRateBpm>
                        <SensorState>Present</SensorState>
                    </Trackpoint>
                    <Trackpoint>
                        <Time>2025-10-19T01:16:12.000Z</Time>
                        <HeartRateBpm>
                            <Value>111</Value>
                        </HeartRateBpm>
                        <SensorState>Present</SensorState>
                    </Trackpoint>
                    <Trackpoint>
                        <Time>2025-10-19T01:16:13.000Z</Time>
                        <HeartRateBpm>
                            <Value>111</Value>
                        </HeartRateBpm>
                        <SensorState>Present</SensorState>
                    </Trackpoint>
                    <Trackpoint>
                        <Time>2025-10-19T01:16:14.000Z</Time>
                        <HeartRateBpm>
                            <Value>111</Value>
                        </HeartRateBpm>
                        <SensorState>Present</SensorState>
                    </Trackpoint>
                    <Trackpoint>
                        <Time>2025-10-19T01:16:15.000Z</Time>
                        <HeartRateBpm>
                            <Value>110</Value>
                        </HeartRateBpm>
                        <SensorState>Present</SensorState>
                    </Trackpoint>
                    <Trackpoint>
                        <Time>2025-10-19T01:16:16.000Z</Time>
                        <HeartRateBpm>
                            <Value>110</Value>
                        </HeartRateBpm>
                        <SensorState>Present</SensorState>
                    </Trackpoint>
                    <Trackpoint>
                        <Time>2025-10-19T01:16:17.000Z</Time>
                        <HeartRateBpm>
                            <Value>108</Value>
                        </HeartRateBpm>
                        <SensorState>Present</SensorState>
                    </Trackpoint>
                    <Trackpoint>
                        <Time>2025-10-19T01:16:18.000Z</Time>
                        <HeartRateBpm>
                            <Value>107</Value>
                        </HeartRateBpm>
                        <SensorState>Present</SensorState>
                    </Trackpoint>
                    <Trackpoint>
                        <Time>2025-10-19T01:16:19.000Z</Time>
                        <HeartRateBpm>
                            <Value>107</Value>
                        </HeartRateBpm>
                        <SensorState>Present</SensorState>
                    </Trackpoint>
                    <Trackpoint>
                        <Time>2025-10-19T01:16:20.000Z</Time>
                        <HeartRateBpm>
                            <Value>107</Value>
                        </HeartRateBpm>
                        <SensorState>Present</SensorState>
                    </Trackpoint>
                    <Trackpoint>
                        <Time>2025-10-19T01:16:21.000Z</Time>
                        <HeartRateBpm>
                            <Value>108</Value>
                        </HeartRateBpm>
                        <SensorState>Present</SensorState>
                    </Trackpoint>
                    <Trackpoint>
                        <Time>2025-10-19T01:16:22.000Z</Time>
                        <HeartRateBpm>
                            <Value>110</Value>
                        </HeartRateBpm>
                        <SensorState>Present</SensorState>
                    </Trackpoint>
                    <Trackpoint>
                        <Time>2025-10-19T01:16:23.000Z</Time>
                        <HeartRateBpm>
                            <Value>111</Value>
                        </HeartRateBpm>
                        <SensorState>Present</SensorState>
                    </Trackpoint>
                    <Trackpoint>
                        <Time>2025-10-19T01:16:24.000Z</Time>
                        <HeartRateBpm>
                            <Value>112</Value>
                        </HeartRateBpm>
                        <SensorState>Present</SensorState>
                    </Trackpoint>
                    <Trackpoint>
                        <Time>2025-10-19T01:16:25.000Z</Time>
                        <HeartRateBpm>
                            <Value>112</Value>
                        </HeartRateBpm>
                        <SensorState>Present</SensorState>
                    </Trackpoint>
                    <Trackpoint>
                        <Time>2025-10-19T01:16:26.000Z</Time>
                        <HeartRateBpm>
                            <Value>111</Value>
                        </HeartRateBpm>
                        <SensorState>Present</SensorState>
                    </Trackpoint>
                    <Trackpoint>
                        <Time>2025-10-19T01:16:27.000Z</Time>
                        <HeartRateBpm>
                            <Value>111</Value>
                        </HeartRateBpm>
                        <SensorState>Present</SensorState>
                    </Trackpoint>
                    <Trackpoint>
                        <Time>2025-10-19T01:16:28.000Z</Time>
                        <HeartRateBpm>
                            <Value>111</Value>
                        </HeartRateBpm>
                        <SensorState>Present</SensorState>
                    </Trackpoint>
                    <Trackpoint>
                        <Time>2025-10-19T01:16:29.000Z</Time>
                        <HeartRateBpm>
                            <Value>112</Value>
                        </HeartRateBpm>
                        <SensorState>Present</SensorState>
                    </Trackpoint>
                    <Trackpoint>
                        <Time>2025-10-19T01:16:30.000Z</Time>
                        <HeartRateBpm>
                            <Value>113</Value>
                        </HeartRateBpm>
                        <SensorState>Present</SensorState>
                    </Trackpoint>
                    <Trackpoint>
                        <Time>2025-10-19T01:16:31.000Z</Time>
                        <HeartRateBpm>
                            <Value>114</Value>
                        </HeartRateBpm>
                        <SensorState>Present</SensorState>
                    </Trackpoint>
                    <Trackpoint>
                        <Time>2025-10-19T01:16:32.000Z</Time>
                        <HeartRateBpm>
                            <Value>116</Value>
                        </HeartRateBpm>
                        <SensorState>Present</SensorState>
                    </Trackpoint>
                    <Trackpoint>
                        <Time>2025-10-19T01:16:33.000Z</Time>
                        <HeartRateBpm>
                            <Value>116</Value>
                        </HeartRateBpm>
                        <SensorState>Present</SensorState>
                    </Trackpoint>
                    <Trackpoint>
                        <Time>2025-10-19T01:16:34.000Z</Time>
                        <HeartRateBpm>
                            <Value>116</Value>
                        </HeartRateBpm>
                        <SensorState>Present</SensorState>
                    </Trackpoint>
                    <Trackpoint>
                        <Time>2025-10-19T01:16:35.000Z</Time>
                        <HeartRateBpm>
                            <Value>116</Value>
                        </HeartRateBpm>
                        <SensorState>Present</SensorState>
                    </Trackpoint>
                    <Trackpoint>
                        <Time>2025-10-19T01:16:36.000Z</Time>
                        <HeartRateBpm>
                            <Value>116</Value>
                        </HeartRateBpm>
                        <SensorState>Present</SensorState>
                    </Trackpoint>
                    <Trackpoint>
                        <Time>2025-10-19T01:16:37.000Z</Time>
                        <HeartRateBpm>
                            <Value>116</Value>
                        </HeartRateBpm>
                        <SensorState>Present</SensorState>
                    </Trackpoint>
                    <Trackpoint>
                        <Time>2025-10-19T01:16:38.000Z</Time>
                        <HeartRateBpm>
                            <Value>117</Value>
                        </HeartRateBpm>
                        <SensorState>Present</SensorState>
                    </Trackpoint>
                    <Trackpoint>
                        <Time>2025-10-19T01:16:39.000Z</Time>
                        <HeartRateBpm>
                            <Value>117</Value>
                        </HeartRateBpm>
                        <SensorState>Present</SensorState>
                    </Trackpoint>
                    <Trackpoint>
                        <Time>2025-10-19T01:16:40.000Z</Time>
                        <HeartRateBpm>
                            <Value>118</Value>
                        </HeartRateBpm>
                        <SensorState>Present</SensorState>
                    </Trackpoint>
                    <Trackpoint>
                        <Time>2025-10-19T01:16:41.000Z</Time>
                        <HeartRateBpm>
                            <Value>118</Value>
                        </HeartRateBpm>
                        <SensorState>Present</SensorState>
                    </Trackpoint>
                    <Trackpoint>
                        <Time>2025-10-19T01:16:42.000Z</Time>
                        <HeartRateBpm>
                            <Value>120</Value>
                        </HeartRateBpm>
                        <SensorState>Present</SensorState>
                    </Trackpoint>
                    <Trackpoint>
                        <Time>2025-10-19T01:16:43.000Z</Time>
                        <HeartRateBpm>
                            <Value>121</Value>
                        </HeartRateBpm>
                        <SensorState>Present</SensorState>
                    </Trackpoint>
                    <Trackpoint>
                        <Time>2025-10-19T01:16:44.000Z</Time>
                        <HeartRateBpm>
                            <Value>122</Value>
                        </HeartRateBpm>
                        <SensorState>Present</SensorState>
                    </Trackpoint>
                    <Trackpoint>
                        <Time>2025-10-19T01:16:45.000Z</Time>
                        <HeartRateBpm>
                            <Value>123</Value>
                        </HeartRateBpm>
                        <SensorState>Present</SensorState>
                    </Trackpoint>
                    <Trackpoint>
                        <Time>2025-10-19T01:16:46.000Z</Time>
                        <HeartRateBpm>
                            <Value>124</Value>
                        </HeartRateBpm>
                        <SensorState>Present</SensorState>
                    </Trackpoint>
                    <Trackpoint>
                        <Time>2025-10-19T01:16:47.000Z</Time>
                        <HeartRateBpm>
                            <Value>125</Value>
                        </HeartRateBpm>
                        <SensorState>Present</SensorState>
                    </Trackpoint>
                    <Trackpoint>
                        <Time>2025-10-19T01:16:48.000Z</Time>
                        <HeartRateBpm>
                            <Value>126</Value>
                        </HeartRateBpm>
                        <SensorState>Present</SensorState>
                    </Trackpoint>
                    <Trackpoint>
                        <Time>2025-10-19T01:16:49.000Z</Time>
                        <HeartRateBpm>
                            <Value>127</Value>
                        </HeartRateBpm>
                        <SensorState>Present</SensorState>
                    </Trackpoint>
                    <Trackpoint>
                        <Time>2025-10-19T01:16:50.000Z</Time>
                        <HeartRateBpm>
                            <Value>126</Value>
                        </HeartRateBpm>
                        <SensorState>Present</SensorState>
                    </Trackpoint>
                    <Trackpoint>
                        <Time>2025-10-19T01:16:51.000Z</Time>
                        <HeartRateBpm>
                            <Value>125</Value>
                        </HeartRateBpm>
                        <SensorState>Present</SensorState>
                    </Trackpoint>
                    <Trackpoint>
                        <Time>2025-10-19T01:16:52.000Z</Time>
                        <HeartRateBpm>
                            <Value>125</Value>
                        </HeartRateBpm>
                        <SensorState>Present</SensorState>
                    </Trackpoint>
                    <Trackpoint>
                        <Time>2025-10-19T01:16:53.000Z</Time>
                        <HeartRateBpm>
                            <Value>126</Value>
                        </HeartRateBpm>
                        <SensorState>Present</SensorState>
                    </Trackpoint>
                    <Trackpoint>
                        <Time>2025-10-19T01:16:54.000Z</Time>
                        <HeartRateBpm>
                            <Value>126</Value>
                        </HeartRateBpm>
                        <SensorState>Present</SensorState>
                    </Trackpoint>
                    <Trackpoint>
                        <Time>2025-10-19T01:16:55.000Z</Time>
                        <HeartRateBpm>
                            <Value>126</Value>
                        </HeartRateBpm>
                        <SensorState>Present</SensorState>
                    </Trackpoint>
                    <Trackpoint>
                        <Time>2025-10-19T01:16:56.000Z</Time>
                        <HeartRateBpm>
                            <Value>126</Value>
                        </HeartRateBpm>
                        <SensorState>Present</SensorState>
                    </Trackpoint>
                    <Trackpoint>
                        <Time>2025-10-19T01:16:57.000Z</Time>
                        <HeartRateBpm>
                            <Value>126</Value>
                        </HeartRateBpm>
                        <SensorState>Present</SensorState>
                    </Trackpoint>
                    <Trackpoint>
                        <Time>2025-10-19T01:16:58.000Z</Time>
                        <HeartRateBpm>
                            <Value>126</Value>
                        </HeartRateBpm>
                        <SensorState>Present</SensorState>
                    </Trackpoint>
                    <Trackpoint>
                        <Time>2025-10-19T01:16:59.000Z</Time>
                        <HeartRateBpm>
                            <Value>126</Value>
                        </HeartRateBpm>
                        <SensorState>Present</SensorState>
                    </Trackpoint>
                    <Trackpoint>
                        <Time>2025-10-19T01:17:00.000Z</Time>
                        <HeartRateBpm>
                            <Value>125</Value>
                        </HeartRateBpm>
                        <SensorState>Present</SensorState>
                    </Trackpoint>
                    <Trackpoint>
                        <Time>2025-10-19T01:17:01.000Z</Time>
                        <HeartRateBpm>
                            <Value>124</Value>
                        </HeartRateBpm>
                        <SensorState>Present</SensorState>
                    </Trackpoint>
                    <Trackpoint>
                        <Time>2025-10-19T01:17:02.000Z</Time>
                        <HeartRateBpm>
                            <Value>124</Value>
                        </HeartRateBpm>
                        <SensorState>Present</SensorState>
                    </Trackpoint>
                    <Trackpoint>
                        <Time>2025-10-19T01:17:03.000Z</Time>
                        <HeartRateBpm>
                            <Value>123</Value>
                        </HeartRateBpm>
                        <SensorState>Present</SensorState>
                    </Trackpoint>
                    <Trackpoint>
                        <Time>2025-10-19T01:17:04.000Z</Time>
                        <HeartRateBpm>
                            <Value>123</Value>
                        </HeartRateBpm>
                        <SensorState>Present</SensorState>
                    </Trackpoint>
                    <Trackpoint>
                        <Time>2025-10-19T01:17:05.000Z</Time>
                        <HeartRateBpm>
                            <Value>123</Value>
                        </HeartRateBpm>
                        <SensorState>Present</SensorState>
                    </Trackpoint>
                    <Trackpoint>
                        <Time>2025-10-19T01:17:06.000Z</Time>
                        <HeartRateBpm>
                            <Value>123</Value>
                        </HeartRateBpm>
                        <SensorState>Present</SensorState>
                    </Trackpoint>
                    <Trackpoint>
                        <Time>2025-10-19T01:17:07.000Z</Time>
                        <HeartRateBpm>
                            <Value>123</Value>
                        </HeartRateBpm>
                        <SensorState>Present</SensorState>
                    </Trackpoint>
                    <Trackpoint>
                        <Time>2025-10-19T01:17:08.000Z</Time>
                        <HeartRateBpm>
                            <Value>123</Value>
                        </HeartRateBpm>
                        <SensorState>Present</SensorState>
                    </Trackpoint>
                    <Trackpoint>
                        <Time>2025-10-19T01:17:09.000Z</Time>
                        <HeartRateBpm>
                            <Value>123</Value>
                        </HeartRateBpm>
                        <SensorState>Present</SensorState>
                    </Trackpoint>
                    <Trackpoint>
                        <Time>2025-10-19T01:17:10.000Z</Time>
                        <HeartRateBpm>
                            <Value>123</Value>
                        </HeartRateBpm>
                        <SensorState>Present</SensorState>
                    </Trackpoint>
                    <Trackpoint>
                        <Time>2025-10-19T01:17:11.000Z</Time>
                        <HeartRateBpm>
                            <Value>121</Value>
                        </HeartRateBpm>
                        <SensorState>Present</SensorState>
                    </Trackpoint>
                    <Trackpoint>
                        <Time>2025-10-19T01:17:12.000Z</Time>
                        <HeartRateBpm>
                            <Value>119</Value>
                        </HeartRateBpm>
                        <SensorState>Present</SensorState>
                    </Trackpoint>
                    <Trackpoint>
                        <Time>2025-10-19T01:17:13.000Z</Time>
                        <HeartRateBpm>
                            <Value>118</Value>
                        </HeartRateBpm>
                        <SensorState>Present</SensorState>
                    </Trackpoint>
                    <Trackpoint>
                        <Time>2025-10-19T01:17:14.000Z</Time>
                        <HeartRateBpm>
                            <Value>117</Value>
                        </HeartRateBpm>
                        <SensorState>Present</SensorState>
                    </Trackpoint>
                    <Trackpoint>
                        <Time>2025-10-19T01:17:15.000Z</Time>
                        <HeartRateBpm>
                            <Value>117</Value>
                        </HeartRateBpm>
                        <SensorState>Present</SensorState>
                    </Trackpoint>
                    <Trackpoint>
                        <Time>2025-10-19T01:17:16.000Z</Time>
                        <HeartRateBpm>
                            <Value>116</Value>
                        </HeartRateBpm>
                        <SensorState>Present</SensorState>
                    </Trackpoint>
                    <Trackpoint>
                        <Time>2025-10-19T01:17:17.000Z</Time>
                        <HeartRateBpm>
                            <Value>115</Value>
                        </HeartRateBpm>
                        <SensorState>Present</SensorState>
                    </Trackpoint>
                    <Trackpoint>
                        <Time>2025-10-19T01:17:18.000Z</Time>
                        <HeartRateBpm>
                            <Value>115</Value>
                        </HeartRateBpm>
                        <SensorState>Present</SensorState>
                    </Trackpoint>
                    <Trackpoint>
                        <Time>2025-10-19T01:17:19.000Z</Time>
                        <HeartRateBpm>
                            <Value>112</Value>
                        </HeartRateBpm>
                        <SensorState>Present</SensorState>
                    </Trackpoint>
                    <Trackpoint>
                        <Time>2025-10-19T01:17:20.000Z</Time>
                        <HeartRateBpm>
                            <Value>109</Value>
                        </HeartRateBpm>
                        <SensorState>Present</SensorState>
                    </Trackpoint>
                    <Trackpoint>
                        <Time>2025-10-19T01:17:21.000Z</Time>
                        <HeartRateBpm>
                            <Value>107</Value>
                        </HeartRateBpm>
                        <SensorState>Present</SensorState>
                    </Trackpoint>
                    <Trackpoint>
                        <Time>2025-10-19T01:17:22.000Z</Time>
                        <HeartRateBpm>
                            <Value>105</Value>
                        </HeartRateBpm>
                        <SensorState>Present</SensorState>
                    </Trackpoint>
                    <Trackpoint>
                        <Time>2025-10-19T01:17:23.000Z</Time>
                        <HeartRateBpm>
                            <Value>105</Value>
                        </HeartRateBpm>
                        <SensorState>Present</SensorState>
                    </Trackpoint>
                    <Trackpoint>
                        <Time>2025-10-19T01:17:24.000Z</Time>
                        <HeartRateBpm>
                            <Value>105</Value>
                        </HeartRateBpm>
                        <SensorState>Present</SensorState>
                    </Trackpoint>
                    <Trackpoint>
                        <Time>2025-10-19T01:17:25.000Z</Time>
                        <HeartRateBpm>
                            <Value>105</Value>
                        </HeartRateBpm>
                        <SensorState>Present</SensorState>
                    </Trackpoint>
                    <Trackpoint>
                        <Time>2025-10-19T01:17:26.000Z</Time>
                        <HeartRateBpm>
                            <Value>103</Value>
                        </HeartRateBpm>
                        <SensorState>Present</SensorState>
                    </Trackpoint>
                    <Trackpoint>
                        <Time>2025-10-19T01:17:27.000Z</Time>
                        <HeartRateBpm>
                            <Value>102</Value>
                        </HeartRateBpm>
                        <SensorState>Present</SensorState>
                    </Trackpoint>
                    <Trackpoint>
                        <Time>2025-10-19T01:17:28.000Z</Time>
                        <HeartRateBpm>
                            <Value>100</Value>
                        </HeartRateBpm>
                        <SensorState>Present</SensorState>
                    </Trackpoint>
                </Track>
            </Lap>
            <Notes>walk st. Edward's park with a lot of back pain </Notes>
            <Training VirtualPartner="false">
                <Plan Type="Workout" IntervalWorkout="false">
                    <Name>Bootcamp</Name>
                    <Extensions></Extensions>
                </Plan>
            </Training>
            <Creator xmlns:xsi="http://www.w3.org/2001/XMLSchema-instance" xsi:type="Device_t">
                <Name>Polar BEAT</Name>
                <UnitId>0</UnitId>
                <ProductID>25</ProductID>
                <Version>
                    <VersionMajor>0</VersionMajor>
                    <VersionMinor>0</VersionMinor>
                </Version>
            </Creator>
        </Activity>
    </Activities>
    <Author xmlns:xsi="http://www.w3.org/2001/XMLSchema-instance" xsi:type="Application_t">
        <Name>Polar Beat2 Android</Name>
        <Build>
            <Version>
                <VersionMajor>0</VersionMajor>
                <VersionMinor>0</VersionMinor>
            </Version>
        </Build>
        <LangID>EN</LangID>
        <PartNumber>XXX-XXXXX-XX</PartNumber>
    </Author>
</TrainingCenterDatabase>